rainfall_mm,temperature_c,soil_type,soil_moisture_percent,sunlight_hours,water_availability,tree_species,survival_probability_generated,survival
1500.0,25.2,Sandy,51.2,10.4,High,Guava,0.8421,1
518.9,33.7,Alluvial,72.6,9.0,Medium,Pomegranate,0.7682,0
1321.1,22.7,Loamy,36.7,9.8,Low,Guava,0.8573,1
3390.5,32.7,Clay,57.5,6.3,High,Jackfruit,0.5952,1
1838.7,34.9,Clay,28.4,4.4,Low,Mango,0.6839,0
740.4,27.3,Sandy,57.1,9.7,Medium,Sapota,0.821,1
2570.9,36.2,Loamy,79.1,10.4,High,Papaya,0.6194,1
2593.2,28.5,Alluvial,32.2,11.2,High,Jackfruit,0.811,1
3404.3,45.8,Loamy,25.9,3.4,Medium,Guava,0.4497,0
1068.6,35.9,Red,31.9,10.4,Medium,Coconut,0.793,1
2172.0,46.7,Loamy,54.2,6.0,Low,Banana,0.6045,1
1118.6,17.4,Alluvial,49.1,10.2,Low,Guava,0.7927,1
4177.7,33.0,Sandy,32.7,10.5,High,Mango,0.493,0
679.8,37.7,Loamy,48.3,5.9,Medium,Mango,0.8429,1
1183.2,24.4,Sandy,54.5,6.3,Medium,Papaya,0.6482,0
1505.0,25.3,Sandy,55.1,10.2,Medium,Lemon,0.7944,0
1184.1,28.8,Black,79.4,6.6,Medium,Mango,0.7757,1
251.9,34.9,Red,41.1,10.7,Medium,Pomegranate,0.7271,0
2844.2,33.6,Red,89.3,6.3,Medium,Banana,0.7363,0
1446.3,25.9,Red,43.0,8.7,Medium,Guava,0.7825,1
803.4,34.6,Sandy,54.0,9.0,Medium,Sapota,0.7943,1
303.6,24.4,Alluvial,33.1,5.4,Medium,Guava,0.7459,1
2270.7,35.8,Red,79.9,9.5,Low,Jackfruit,0.731,1
3335.0,12.0,Sandy,49.8,11.5,Medium,Sapota,0.4875,1
2072.2,23.3,Alluvial,18.6,9.4,High,Guava,0.7659,0
1016.7,35.6,Black,65.4,5.5,High,Sapota,0.7754,1
2669.7,42.5,Black,20.0,11.1,High,Banana,0.5249,0
2182.6,26.3,Red,32.7,9.5,Medium,Coconut,0.832,1
1743.8,45.2,Clay,18.7,6.0,High,Pomegranate,0.4342,0
1403.4,33.3,Sandy,27.1,11.5,Medium,Papaya,0.7421,1
846.1,32.1,Black,27.3,8.2,High,Amla,0.9243,1
3915.3,38.2,Red,44.7,6.5,High,Lemon,0.6051,0
1234.7,41.5,Sandy,77.6,8.5,Medium,Amla,0.8778,1
1647.0,34.1,Loamy,46.7,11.1,Medium,Amla,0.8212,0
1427.1,23.6,Loamy,18.9,10.8,Medium,Amla,0.7837,1
3180.0,20.5,Clay,6.5,5.1,Low,Papaya,0.3735,0
838.9,32.4,Alluvial,35.4,6.6,Medium,Jackfruit,0.8119,0
2368.6,38.9,Red,67.1,7.1,Medium,Jackfruit,0.7643,0
1146.0,17.4,Red,44.2,8.6,High,Lemon,0.7367,1
2735.5,39.4,Clay,85.4,10.9,Medium,Banana,0.7695,1
3845.2,12.8,Loamy,73.1,5.3,Medium,Banana,0.4518,0
749.4,29.9,Loamy,41.3,7.4,Low,Jackfruit,0.7497,0
1758.6,38.7,Alluvial,58.3,11.0,Medium,Lemon,0.7158,0
1760.2,23.7,Red,64.3,10.0,High,Jackfruit,0.7966,0
2502.5,28.3,Sandy,25.1,6.3,High,Coconut,0.6703,1
1931.3,19.2,Red,79.6,10.9,Medium,Papaya,0.6644,0
1181.8,21.6,Sandy,74.2,6.2,Medium,Papaya,0.6752,1
1001.4,35.1,Clay,12.5,8.2,Medium,Amla,0.868,1
4199.5,34.6,Alluvial,33.5,11.6,High,Jackfruit,0.5627,0
2411.3,11.0,Black,59.3,4.3,Medium,Guava,0.4347,1
1679.2,40.4,Black,7.8,5.1,High,Coconut,0.65,0
3996.0,10.9,Loamy,19.1,6.2,Low,Amla,0.5367,0
1112.5,35.5,Loamy,82.0,8.6,High,Lemon,0.7059,1
584.4,34.8,Alluvial,58.0,8.3,Medium,Sapota,0.8329,1
1815.1,21.9,Alluvial,73.6,6.4,High,Sapota,0.8031,1
2751.9,42.4,Alluvial,37.5,4.3,Low,Guava,0.5533,1
1932.9,35.8,Sandy,65.2,11.4,Medium,Coconut,0.8389,0
705.7,23.2,Sandy,39.4,8.2,High,Amla,0.8892,1
1305.3,38.9,Sandy,67.3,10.1,High,Sapota,0.7694,1
1455.4,29.5,Sandy,15.7,9.5,Medium,Amla,0.8431,1
470.3,25.6,Sandy,20.5,11.1,High,Lemon,0.7012,1
2079.3,38.4,Alluvial,28.1,7.6,Low,Papaya,0.6863,1
1213.3,28.7,Red,82.9,11.2,Low,Banana,0.7586,1
2959.5,18.5,Loamy,68.6,9.0,Medium,Banana,0.6553,0
1623.5,27.2,Red,81.7,5.8,Low,Sapota,0.7596,1
3130.7,14.2,Black,24.1,11.8,High,Guava,0.5565,1
1381.5,16.1,Clay,80.7,11.1,High,Jackfruit,0.692,1
2477.1,23.0,Alluvial,79.6,8.3,Medium,Coconut,0.754,1
2070.5,36.9,Black,31.3,10.1,Medium,Mango,0.7505,1
1422.9,17.2,Alluvial,51.8,6.4,Medium,Sapota,0.7734,1
3039.3,30.0,Sandy,51.3,3.8,High,Guava,0.6616,1
855.3,20.7,Alluvial,65.6,6.5,High,Lemon,0.8319,1
2171.3,36.4,Sandy,62.6,11.5,Medium,Amla,0.7133,1
2217.3,39.5,Alluvial,72.4,8.1,Medium,Coconut,0.7058,1
2260.2,35.1,Loamy,73.9,10.6,Medium,Papaya,0.6375,0
1953.7,20.7,Black,75.2,8.7,Medium,Mango,0.7006,1
2843.0,17.4,Red,5.3,11.8,Medium,Jackfruit,0.6864,1
1055.5,31.8,Loamy,34.8,8.9,Medium,Amla,0.9399,1
821.6,34.7,Clay,12.6,4.6,Medium,Guava,0.7794,1
2599.0,32.1,Red,14.5,11.4,Low,Papaya,0.6028,0
2834.6,45.4,Loamy,78.9,8.1,Medium,Mango,0.4975,0
2660.6,29.4,Loamy,43.8,7.4,Medium,Coconut,0.8209,0
1379.7,38.0,Alluvial,11.3,8.6,Medium,Pomegranate,0.7254,1
2449.5,29.4,Loamy,32.4,7.3,Medium,Coconut,0.7124,1
2451.3,26.9,Clay,77.8,5.5,Low,Jackfruit,0.7625,1
543.8,25.2,Black,26.0,8.2,Low,Jackfruit,0.5652,1
643.5,38.0,Black,42.2,9.8,Low,Sapota,0.8339,0
1449.0,32.8,Alluvial,59.5,11.0,Medium,Guava,0.8553,1
1374.5,20.8,Loamy,28.9,8.4,High,Lemon,0.8141,1
1484.5,34.5,Black,53.3,6.4,Low,Mango,0.7865,1
1603.5,33.6,Loamy,23.6,9.2,Medium,Papaya,0.6968,1
1972.7,21.2,Loamy,24.8,5.9,Medium,Sapota,0.7376,1
410.4,21.7,Red,29.1,6.9,Medium,Sapota,0.7313,1
784.9,28.8,Black,29.1,7.5,High,Amla,0.9181,1
1662.4,33.0,Alluvial,70.0,4.7,Medium,Jackfruit,0.7384,1
3572.2,37.0,Red,50.7,8.6,Medium,Guava,0.647,1
1726.5,30.6,Red,58.6,6.5,Medium,Sapota,0.7707,1
1244.2,30.3,Loamy,24.4,9.7,Medium,Amla,0.9035,1
3756.2,22.4,Loamy,26.1,5.5,Low,Pomegranate,0.5594,0
2785.2,26.8,Sandy,54.1,8.6,Medium,Coconut,0.7942,1
329.4,30.6,Loamy,59.7,9.9,Low,Lemon,0.6539,1
603.4,40.3,Loamy,15.5,6.0,Medium,Amla,0.8246,1
1864.2,18.2,Red,85.0,9.8,Medium,Jackfruit,0.7271,0
897.7,25.6,Sandy,77.7,7.4,High,Coconut,0.6932,1
2267.5,35.5,Red,83.7,6.4,Medium,Mango,0.7228,1
1779.3,34.6,Sandy,55.1,10.2,Medium,Guava,0.8312,1
977.2,28.4,Sandy,53.7,10.6,Low,Papaya,0.7619,1
1284.3,32.0,Alluvial,29.7,11.4,Low,Jackfruit,0.7804,1
988.7,17.6,Black,74.2,11.3,Medium,Sapota,0.7943,1
3406.9,22.9,Sandy,78.3,3.7,Medium,Mango,0.4765,0
1064.8,14.7,Black,40.6,7.5,Medium,Amla,0.8539,1
2534.3,35.4,Red,33.8,6.1,Low,Mango,0.608,1
843.2,33.9,Loamy,57.3,10.6,High,Papaya,0.6651,1
1415.0,21.5,Loamy,63.9,7.0,Low,Coconut,0.7479,1
1160.8,16.7,Sandy,38.4,11.5,Medium,Pomegranate,0.741,1
2747.6,35.7,Red,27.0,6.4,Medium,Coconut,0.7668,1
1640.3,33.3,Loamy,91.9,8.8,High,Coconut,0.7712,1
1924.9,20.3,Loamy,54.9,7.3,Low,Guava,0.8,1
1812.9,33.2,Sandy,28.1,7.6,Medium,Coconut,0.783,1
2284.2,36.2,Sandy,41.0,7.0,Medium,Papaya,0.7204,1
2073.9,28.3,Clay,67.6,10.6,High,Guava,0.7587,1
387.4,11.5,Red,82.3,5.9,High,Jackfruit,0.4487,0
3148.1,37.4,Clay,83.6,3.2,High,Papaya,0.3954,0
1019.5,23.8,Alluvial,34.6,9.8,Low,Amla,0.8546,1
1642.2,39.2,Loamy,26.4,5.5,Low,Jackfruit,0.701,0
641.2,19.4,Loamy,44.2,9.8,Medium,Mango,0.6859,0
2020.8,28.2,Loamy,84.4,8.3,Low,Coconut,0.759,1
794.7,40.4,Alluvial,67.7,6.9,Low,Papaya,0.6809,1
1818.3,25.0,Black,91.9,9.6,High,Jackfruit,0.6481,0
1729.5,33.8,Sandy,18.0,9.4,Medium,Guava,0.8295,1
1407.7,20.7,Black,75.2,6.4,Low,Banana,0.7055,1
1580.2,44.1,Alluvial,68.5,9.8,High,Amla,0.7408,1
1181.1,14.9,Red,56.8,6.5,Low,Amla,0.8531,1
3370.1,12.9,Sandy,68.0,7.8,Medium,Coconut,0.5997,1
2131.4,26.5,Alluvial,55.9,11.4,Medium,Coconut,0.7663,1
1004.8,39.8,Loamy,43.3,9.7,Low,Papaya,0.6518,1
2744.7,20.2,Alluvial,73.2,9.4,High,Banana,0.7558,1
1091.8,28.7,Loamy,61.9,5.2,Medium,Sapota,0.7731,1
2211.5,46.8,Sandy,13.0,7.3,Medium,Banana,0.5055,1
1845.0,31.7,Loamy,87.7,4.2,Medium,Lemon,0.685,0
709.4,25.9,Loamy,38.7,9.3,High,Coconut,0.7049,1
1491.3,18.3,Loamy,46.6,9.4,High,Mango,0.823,1
2312.4,28.7,Black,28.9,10.7,Medium,Mango,0.7743,0
1721.5,15.3,Loamy,32.1,7.6,Medium,Amla,0.8438,1
778.2,18.9,Red,74.4,11.4,Medium,Pomegranate,0.6689,0
2474.2,20.2,Alluvial,78.0,6.5,Low,Papaya,0.6205,1
2596.7,23.5,Black,23.2,10.3,Medium,Banana,0.6762,0
812.5,31.0,Loamy,17.4,9.2,Low,Amla,0.9439,1
1554.4,23.9,Loamy,80.8,5.7,High,Guava,0.8262,1
846.4,22.0,Red,73.8,7.6,Medium,Lemon,0.8251,0
1173.2,30.5,Alluvial,83.7,9.7,Medium,Mango,0.7782,1
3388.5,37.2,Sandy,8.5,3.2,Low,Jackfruit,0.5004,1
2231.0,39.6,Alluvial,10.3,7.8,Medium,Jackfruit,0.6104,0
1207.2,17.0,Clay,25.9,3.5,Low,Coconut,0.5374,1
212.4,35.5,Black,38.7,7.2,Low,Amla,0.7478,1
401.7,31.7,Sandy,41.5,10.1,Medium,Pomegranate,0.8391,1
687.5,19.9,Loamy,16.1,9.8,High,Lemon,0.7847,1
1601.4,25.2,Loamy,61.1,8.9,Medium,Banana,0.7557,1
3193.4,24.0,Red,62.2,4.5,Medium,Banana,0.7136,0
1520.9,21.7,Loamy,69.9,6.0,High,Pomegranate,0.6123,1
972.6,25.4,Sandy,68.6,11.3,Medium,Lemon,0.8419,0
1212.1,21.9,Loamy,26.3,10.8,Medium,Lemon,0.8597,1
2584.0,37.6,Clay,59.9,10.1,High,Banana,0.8117,1
719.4,27.7,Sandy,36.9,7.4,Medium,Pomegranate,0.7814,1
2987.2,29.1,Loamy,76.6,10.9,Low,Pomegranate,0.5947,1
2766.4,34.5,Red,86.2,7.6,High,Guava,0.5824,1
808.0,35.1,Black,31.4,6.9,Low,Mango,0.7555,1
644.1,38.0,Alluvial,40.9,6.6,High,Mango,0.6643,1
3673.5,40.6,Clay,21.4,10.5,Medium,Papaya,0.4061,0
1652.6,23.7,Red,67.4,8.4,High,Guava,0.8395,1
879.6,35.9,Loamy,56.2,10.8,Low,Pomegranate,0.8489,1
987.8,29.0,Loamy,49.7,10.7,Medium,Papaya,0.6645,1
2693.1,27.4,Clay,67.7,10.0,High,Jackfruit,0.8111,1
3103.7,13.1,Red,16.5,11.0,High,Banana,0.5031,1
1479.3,27.0,Loamy,26.2,7.6,Medium,Papaya,0.7454,1
777.7,20.5,Sandy,32.6,10.9,Low,Pomegranate,0.8108,0
1523.9,16.6,Clay,23.8,8.6,Low,Guava,0.7516,1
539.5,22.7,Clay,90.1,10.2,Medium,Guava,0.7698,1
829.5,12.6,Alluvial,28.9,10.6,Low,Papaya,0.5905,0
3604.1,20.1,Alluvial,83.4,8.9,High,Banana,0.6635,1
3710.6,21.4,Black,79.1,4.4,High,Guava,0.5127,1
1068.3,25.5,Alluvial,57.7,7.0,Medium,Coconut,0.8042,1
2139.6,38.9,Loamy,73.0,11.1,Low,Guava,0.772,1
1046.9,14.3,Alluvial,38.9,4.9,Medium,Jackfruit,0.6811,1
2804.7,29.3,Clay,89.0,10.0,Low,Sapota,0.5315,1
2223.7,29.4,Sandy,70.3,7.5,Low,Guava,0.6959,0
1548.1,34.3,Clay,12.1,3.7,Low,Lemon,0.7153,1
1928.8,20.9,Clay,58.1,6.0,Medium,Guava,0.8491,1
3232.2,31.8,Clay,89.5,10.0,Low,Jackfruit,0.6037,1
2393.5,25.8,Sandy,60.3,10.6,Medium,Papaya,0.7333,0
1097.8,26.3,Red,69.1,9.4,Medium,Banana,0.7278,0
384.5,21.0,Loamy,70.1,10.5,Medium,Pomegranate,0.8098,1
1013.0,22.1,Alluvial,74.1,11.4,High,Pomegranate,0.6232,1
2238.3,21.4,Alluvial,24.4,11.1,High,Papaya,0.656,1
2174.8,14.1,Black,38.2,8.0,High,Coconut,0.4956,0
2065.6,28.2,Red,94.4,8.0,High,Banana,0.7609,0
1144.5,22.7,Sandy,50.5,9.3,Medium,Coconut,0.7455,1
993.0,20.6,Sandy,53.9,11.3,Medium,Amla,0.838,1
1761.7,19.9,Alluvial,79.2,4.5,Medium,Banana,0.7129,1
728.0,30.7,Sandy,24.3,7.3,Medium,Papaya,0.6661,0
2345.3,47.6,Loamy,68.1,4.9,High,Guava,0.4887,1
1857.8,27.4,Alluvial,32.6,9.9,Medium,Mango,0.8016,1
1746.1,36.0,Clay,69.5,8.9,Medium,Papaya,0.6657,0
753.3,19.8,Alluvial,72.2,10.3,Medium,Jackfruit,0.8064,1
635.9,36.9,Alluvial,19.5,8.2,Medium,Amla,0.8752,1
600.7,20.0,Alluvial,64.6,8.6,High,Guava,0.8061,0
1108.6,17.8,Sandy,68.3,7.7,High,Coconut,0.7624,1
1082.9,33.4,Alluvial,91.6,6.4,Medium,Coconut,0.8002,1
4087.2,16.2,Loamy,10.6,4.8,Low,Banana,0.4213,0
2471.5,28.4,Clay,46.9,11.4,High,Papaya,0.485,0
2361.1,13.0,Black,55.9,11.2,Low,Mango,0.6209,0
655.6,39.3,Loamy,72.6,8.9,Medium,Papaya,0.6759,1
1584.3,22.1,Red,30.9,8.3,Medium,Mango,0.7652,1
575.6,15.6,Alluvial,44.9,8.3,Low,Lemon,0.7214,0
612.6,23.6,Loamy,59.2,5.7,Medium,Lemon,0.7753,1
1056.5,33.5,Clay,55.7,6.5,Low,Pomegranate,0.7337,1
1789.7,46.6,Clay,56.2,9.9,Medium,Banana,0.6117,0
557.1,31.7,Alluvial,75.3,7.8,High,Guava,0.8095,1
3975.5,34.5,Red,6.3,7.0,High,Amla,0.6657,1
1877.1,21.6,Alluvial,51.8,8.0,Medium,Coconut,0.8075,1
1918.9,26.0,Red,37.3,9.6,Medium,Papaya,0.7872,1
883.5,26.4,Red,65.9,10.1,Medium,Amla,0.8856,0
2920.8,35.5,Red,32.0,11.0,Low,Amla,0.685,1
418.3,29.3,Sandy,45.2,10.3,Low,Pomegranate,0.8552,1
777.4,29.3,Red,73.5,7.8,Medium,Jackfruit,0.7235,1
1228.3,22.9,Black,46.8,7.6,High,Pomegranate,0.7428,1
912.7,18.3,Loamy,35.7,11.4,Low,Mango,0.6932,1
3924.1,39.2,Sandy,41.5,9.9,High,Amla,0.6722,1
749.7,29.8,Loamy,37.1,7.7,Medium,Guava,0.806,1
699.9,28.2,Black,9.8,6.2,Medium,Lemon,0.738,1
393.6,14.8,Red,43.6,8.4,Low,Lemon,0.7111,1
717.5,24.2,Sandy,66.3,6.4,High,Jackfruit,0.5888,0
2965.1,17.0,Loamy,36.6,10.5,Low,Jackfruit,0.682,1
392.0,41.7,Loamy,66.9,6.0,Low,Jackfruit,0.5655,1
1052.4,44.5,Clay,50.3,9.0,Medium,Amla,0.9052,1
1858.8,36.2,Red,62.9,6.6,High,Banana,0.7644,1
2416.0,36.8,Red,78.9,6.0,Medium,Banana,0.7532,1
1673.2,27.0,Loamy,70.0,11.0,Low,Mango,0.7442,1
1849.7,41.2,Loamy,53.9,7.6,Medium,Banana,0.7592,1
603.6,30.4,Red,70.6,7.0,Low,Lemon,0.7838,1
1960.2,34.0,Loamy,69.8,10.3,High,Coconut,0.7827,1
2964.6,37.4,Alluvial,34.3,10.7,Low,Coconut,0.6965,1
1100.9,29.6,Loamy,46.8,8.9,Low,Sapota,0.817,1
1499.1,16.6,Clay,55.3,5.5,Medium,Jackfruit,0.7506,0
1521.4,17.8,Loamy,19.5,6.5,Medium,Amla,0.8206,1
1307.0,25.8,Clay,13.5,11.2,Low,Amla,0.8432,1
3947.4,35.1,Black,11.5,7.5,Low,Pomegranate,0.5833,0
1188.9,17.4,Black,17.9,9.2,Medium,Amla,0.8801,1
1338.2,31.9,Black,16.1,9.2,Low,Guava,0.7602,1
846.9,24.0,Loamy,43.2,6.2,Medium,Mango,0.7947,0
341.9,17.0,Sandy,77.0,8.9,High,Guava,0.6612,0
1877.9,19.5,Loamy,56.1,9.6,High,Guava,0.8417,1
1674.5,29.9,Alluvial,49.2,7.4,Low,Papaya,0.7981,1
3451.6,44.3,Clay,7.7,4.3,High,Banana,0.3501,0
2999.8,16.4,Alluvial,90.4,4.9,High,Papaya,0.3416,0
1580.2,29.2,Loamy,43.0,7.2,Medium,Banana,0.7963,0
319.0,26.7,Clay,93.2,8.9,High,Coconut,0.5061,0
2614.7,27.7,Alluvial,60.7,6.1,Medium,Banana,0.7348,1
2548.3,11.2,Red,87.1,5.2,Medium,Mango,0.5049,1
1436.9,46.0,Red,91.5,6.7,Medium,Banana,0.6697,1
531.1,40.8,Alluvial,20.8,10.5,Medium,Amla,0.8383,1
264.1,23.2,Black,37.8,10.2,Medium,Pomegranate,0.7517,1
1273.8,39.9,Red,74.0,8.0,Low,Papaya,0.6741,1
1900.1,29.7,Clay,35.6,10.3,Medium,Banana,0.7569,1
1130.2,26.5,Clay,90.1,8.3,Medium,Banana,0.71,1
3360.4,45.8,Clay,92.2,11.8,High,Lemon,0.2056,1
1686.7,39.4,Sandy,5.3,11.1,Medium,Amla,0.7973,1
3221.1,20.3,Alluvial,56.5,11.1,Low,Sapota,0.6155,0
1182.6,37.5,Sandy,35.4,11.0,Low,Guava,0.8462,1
458.0,48.0,Black,51.0,7.5,Low,Amla,0.7412,1
2107.8,41.1,Alluvial,78.7,3.0,Low,Lemon,0.4343,0
2534.9,25.3,Alluvial,90.2,5.2,Medium,Guava,0.5654,0
2025.5,29.8,Clay,20.2,8.8,Low,Guava,0.7996,1
621.0,38.6,Loamy,39.0,7.2,Low,Guava,0.8426,1
2402.5,22.6,Loamy,82.1,5.3,High,Banana,0.761,1
1225.5,32.7,Red,78.6,10.2,Medium,Papaya,0.6566,0
442.0,36.8,Loamy,39.1,3.4,High,Coconut,0.5477,1
2743.0,36.9,Red,60.4,6.2,Medium,Jackfruit,0.7952,0
3800.0,44.8,Black,90.3,7.5,Low,Sapota,0.4745,0
2038.0,37.0,Sandy,85.5,8.7,High,Coconut,0.7565,1
932.4,29.9,Loamy,82.5,10.1,High,Mango,0.6689,0
1630.7,32.4,Red,33.1,9.5,Medium,Papaya,0.7527,1
2061.7,20.5,Sandy,78.7,6.9,Low,Sapota,0.718,1
552.7,38.6,Red,91.8,5.5,High,Sapota,0.7538,0
2135.4,20.7,Clay,17.6,7.8,Medium,Guava,0.7358,1
3479.3,11.2,Red,5.9,3.6,Low,Sapota,0.3092,0
690.3,28.1,Red,41.7,8.5,Medium,Lemon,0.8333,1
2037.8,23.3,Red,45.0,5.6,Medium,Papaya,0.7195,0
1769.8,23.8,Sandy,33.7,11.1,Medium,Guava,0.8356,1
1098.5,39.4,Red,41.4,5.4,Medium,Sapota,0.8275,0
1318.8,17.5,Loamy,75.0,8.8,Medium,Amla,0.8508,1
2052.9,34.7,Clay,29.4,7.4,Medium,Jackfruit,0.8737,1
3352.2,16.6,Clay,7.2,5.8,Low,Pomegranate,0.4279,0
3182.6,13.6,Alluvial,13.5,11.8,Medium,Jackfruit,0.5523,0
835.1,30.5,Alluvial,76.3,9.9,Low,Guava,0.8402,0
2851.0,25.4,Alluvial,88.5,8.8,Low,Banana,0.7721,1
2860.0,16.7,Clay,73.3,3.1,Low,Coconut,0.5396,1
1894.6,18.5,Red,26.8,10.3,High,Mango,0.6961,1
342.4,33.9,Sandy,61.7,6.7,High,Pomegranate,0.7508,1
3501.0,43.0,Black,42.3,9.3,High,Mango,0.5065,1
2246.7,36.2,Red,40.5,6.4,Medium,Papaya,0.6524,0
1057.8,36.0,Red,44.3,5.1,Medium,Guava,0.7806,0
3417.5,12.5,Clay,67.3,8.1,Low,Mango,0.4193,1
633.5,19.0,Loamy,63.3,10.4,Medium,Mango,0.7015,1
1682.9,45.8,Clay,77.4,3.7,Medium,Jackfruit,0.5147,0
693.6,37.0,Alluvial,22.8,5.6,Low,Papaya,0.5864,0
2154.1,39.4,Red,85.1,8.7,High,Coconut,0.7844,0
3181.5,36.0,Alluvial,31.9,10.0,Low,Jackfruit,0.672,0
797.3,34.3,Sandy,69.8,7.1,High,Pomegranate,0.8318,0
1311.6,31.4,Alluvial,30.1,6.6,Low,Mango,0.8151,1
2212.8,41.7,Loamy,68.5,11.0,Low,Papaya,0.6917,0
934.2,24.2,Alluvial,51.2,7.7,Low,Mango,0.7652,0
571.3,38.4,Loamy,49.4,10.4,Medium,Papaya,0.6244,1
1144.5,39.6,Alluvial,77.7,7.5,Medium,Mango,0.6482,0
1129.7,33.0,Sandy,75.7,7.3,High,Coconut,0.7667,1
1174.8,37.5,Red,32.9,9.1,Low,Coconut,0.8,1
887.1,18.1,Loamy,26.9,9.7,High,Sapota,0.7692,0
1033.8,15.5,Alluvial,76.8,8.4,Medium,Lemon,0.7501,0
983.0,41.4,Alluvial,40.6,5.8,Medium,Sapota,0.775,0
576.3,37.1,Loamy,30.6,7.3,Low,Sapota,0.848,1
1273.5,30.5,Black,49.1,9.6,Low,Lemon,0.7353,1
1588.3,11.2,Sandy,37.6,10.4,Low,Pomegranate,0.5489,1
1487.0,42.2,Clay,43.0,7.7,Medium,Lemon,0.5751,0
1143.1,29.5,Red,63.0,7.2,High,Papaya,0.7319,1
672.5,37.3,Black,69.2,11.2,Medium,Sapota,0.8643,1
1009.0,38.8,Loamy,31.9,5.4,High,Sapota,0.7768,1
338.0,23.5,Red,12.7,6.2,Low,Jackfruit,0.5509,0
1634.2,31.4,Sandy,13.0,6.5,Low,Amla,0.7979,1
645.8,40.3,Loamy,61.2,10.1,Medium,Sapota,0.6777,0
1889.8,35.3,Clay,62.0,6.3,High,Banana,0.8017,0
2312.1,23.8,Clay,35.3,7.5,Medium,Jackfruit,0.8308,1
681.3,20.3,Loamy,66.5,9.1,Medium,Jackfruit,0.7404,1
2311.0,20.5,Red,28.2,11.4,High,Mango,0.6836,1
1436.6,25.8,Black,28.3,8.1,High,Sapota,0.8334,1
1319.6,31.7,Loamy,72.3,8.7,Medium,Mango,0.7513,1
512.4,26.2,Loamy,52.9,11.1,High,Guava,0.7917,0
385.1,21.5,Sandy,20.9,5.8,Medium,Lemon,0.7141,1
1389.6,16.1,Red,39.6,7.4,Medium,Jackfruit,0.6689,1
2310.2,40.0,Red,75.9,5.7,Medium,Mango,0.659,1
2695.4,34.3,Red,42.7,11.4,Low,Coconut,0.7547,0
4147.5,23.4,Black,50.4,11.1,Medium,Coconut,0.6053,1
539.0,38.8,Clay,79.5,6.0,Medium,Guava,0.7175,1
3071.6,30.7,Clay,25.2,6.6,High,Papaya,0.5107,1
1690.3,36.0,Alluvial,63.5,8.7,Low,Guava,0.8565,1
851.5,37.7,Loamy,64.2,11.1,Low,Lemon,0.7382,0
2283.6,30.3,Sandy,47.8,7.6,Medium,Coconut,0.787,0
3049.6,14.4,Alluvial,56.3,8.1,High,Guava,0.5711,1
2862.7,20.1,Sandy,56.4,7.0,Medium,Guava,0.6847,0
538.6,38.6,Red,75.4,7.0,Medium,Sapota,0.7561,0
2084.7,33.2,Clay,61.7,4.0,Low,Papaya,0.5953,1
2042.2,20.3,Alluvial,58.6,9.7,Medium,Mango,0.7394,0
2243.4,36.8,Black,32.0,9.3,Medium,Mango,0.8261,1
2024.2,21.2,Alluvial,83.6,7.1,High,Sapota,0.7551,1
378.5,35.4,Sandy,56.4,7.1,Medium,Guava,0.8328,0
712.1,23.2,Loamy,55.4,9.7,Medium,Coconut,0.6986,1
1852.4,22.5,Red,71.1,9.5,Medium,Papaya,0.7823,0
1290.1,21.8,Alluvial,36.8,9.1,Medium,Mango,0.8169,0
1131.9,11.8,Loamy,11.5,5.0,Low,Lemon,0.6237,1
362.2,21.9,Clay,88.5,10.4,High,Guava,0.6998,1
2204.3,38.9,Loamy,66.2,10.4,Medium,Coconut,0.7873,1
668.2,14.8,Alluvial,21.9,3.9,Low,Banana,0.4133,1
540.4,35.8,Sandy,19.5,10.7,Medium,Amla,0.8252,1
922.2,34.3,Loamy,69.3,6.8,Medium,Mango,0.8143,1
767.9,38.4,Loamy,71.7,10.1,Medium,Guava,0.7578,1
2075.7,40.0,Sandy,89.2,11.4,Low,Lemon,0.5902,1
3073.2,20.6,Black,66.5,4.7,Low,Papaya,0.4406,1
1663.7,36.2,Black,52.7,6.6,High,Sapota,0.7979,0
974.0,35.1,Sandy,48.4,7.9,Medium,Sapota,0.8276,1
1728.9,33.0,Alluvial,36.7,5.4,Medium,Guava,0.8145,1
2118.7,18.8,Clay,66.2,10.8,High,Jackfruit,0.722,1
1293.3,29.0,Alluvial,61.2,11.2,High,Lemon,0.8449,1
1350.6,37.0,Loamy,29.9,8.9,Low,Lemon,0.8443,1
2021.9,39.7,Red,38.9,7.0,High,Coconut,0.6749,0
1995.5,28.6,Alluvial,72.0,7.9,Medium,Banana,0.7287,1
2146.0,33.6,Red,68.4,7.6,Medium,Coconut,0.796,1
1631.8,41.8,Red,53.7,7.1,Medium,Sapota,0.7566,1
2278.9,33.4,Red,89.5,5.1,Medium,Banana,0.795,1
1171.9,26.0,Red,85.7,11.0,High,Sapota,0.8006,1
1238.0,23.9,Alluvial,31.4,9.3,Medium,Lemon,0.8307,1
1095.4,36.4,Sandy,84.9,8.9,Medium,Guava,0.8211,1
1880.8,28.6,Alluvial,35.2,8.9,High,Lemon,0.6612,0
588.8,10.2,Red,66.8,8.4,High,Papaya,0.5067,0
1905.6,35.8,Sandy,55.2,7.1,High,Coconut,0.7757,1
2662.9,37.8,Sandy,94.8,11.2,Low,Coconut,0.727,1
1819.4,24.8,Sandy,8.4,3.7,Medium,Jackfruit,0.6288,1
1234.0,38.1,Sandy,33.8,8.0,Medium,Pomegranate,0.641,1
1343.7,45.7,Sandy,87.3,3.4,High,Coconut,0.6247,0
884.4,45.4,Black,52.8,11.3,High,Guava,0.6508,1
754.8,23.0,Loamy,77.7,4.8,High,Sapota,0.7684,1
2351.8,22.2,Alluvial,63.1,11.3,Medium,Coconut,0.7887,0
2124.6,40.0,Loamy,11.6,4.7,High,Guava,0.5829,1
2167.2,19.2,Black,30.1,9.6,High,Coconut,0.6069,0
1094.8,33.4,Red,59.1,9.7,High,Mango,0.7245,1
1178.3,21.6,Black,14.2,6.8,Low,Pomegranate,0.7036,0
1461.8,26.5,Alluvial,15.5,7.4,High,Lemon,0.7764,0
1041.8,44.5,Sandy,64.7,7.5,Medium,Jackfruit,0.531,0
998.6,20.6,Loamy,76.4,7.0,High,Papaya,0.7174,0
2089.1,21.5,Loamy,20.6,5.6,Medium,Mango,0.6578,0
2139.4,23.5,Sandy,76.3,7.7,High,Coconut,0.8043,1
2493.8,34.0,Red,45.4,5.6,Medium,Mango,0.6636,1
1577.2,17.9,Loamy,91.5,9.9,Medium,Sapota,0.7401,1
995.0,30.7,Alluvial,71.6,6.0,Medium,Sapota,0.7789,1
1990.8,16.5,Red,85.5,5.1,Low,Pomegranate,0.4717,0
3819.5,20.8,Sandy,93.5,5.4,Low,Amla,0.5162,1
564.0,23.8,Red,71.7,5.8,Medium,Mango,0.7033,0
614.3,38.6,Alluvial,16.1,10.0,Medium,Lemon,0.7284,1
988.0,39.9,Clay,77.8,6.9,Medium,Amla,0.8139,0
1094.9,31.6,Alluvial,49.5,9.6,Low,Banana,0.656,1
1725.2,20.9,Loamy,66.6,7.3,High,Guava,0.819,1
1327.8,33.0,Loamy,42.7,10.3,Medium,Papaya,0.7902,1
1707.2,23.4,Alluvial,25.6,7.1,High,Papaya,0.7471,1
770.5,34.5,Loamy,62.0,5.1,Low,Guava,0.7949,1
1336.0,29.6,Sandy,66.7,7.8,Low,Sapota,0.8349,0
2675.8,22.2,Red,31.2,7.5,Low,Coconut,0.8044,1
3143.4,33.7,Alluvial,39.8,8.6,High,Banana,0.721,1
1662.7,35.2,Red,21.2,6.3,Low,Papaya,0.7129,1
1326.1,24.1,Alluvial,61.4,8.8,Medium,Papaya,0.7533,1
2863.8,27.8,Sandy,77.9,7.8,High,Coconut,0.7377,0
2075.6,37.5,Loamy,79.4,5.9,Medium,Coconut,0.8134,1
2697.0,36.3,Alluvial,94.7,7.5,Medium,Banana,0.7466,0
2351.0,46.3,Black,90.3,11.1,High,Pomegranate,0.3974,1
1785.0,26.5,Red,74.7,8.3,Medium,Mango,0.6651,1
2727.6,20.7,Alluvial,37.2,7.6,Medium,Jackfruit,0.7822,1
2478.0,39.2,Loamy,57.2,5.9,Medium,Banana,0.7302,1
2485.8,21.6,Alluvial,46.0,10.9,Low,Jackfruit,0.8106,1
1507.5,31.8,Sandy,62.7,6.3,Low,Lemon,0.8535,1
2113.7,17.7,Black,43.0,11.3,Medium,Sapota,0.7273,1
1532.2,41.0,Alluvial,75.3,5.8,Low,Lemon,0.6978,1
1003.8,43.3,Clay,33.2,6.4,High,Amla,0.8569,1
1856.0,24.7,Sandy,29.6,7.4,Medium,Guava,0.8089,1
1793.6,20.3,Black,81.9,10.2,Low,Mango,0.7676,1
2061.2,15.1,Sandy,6.2,6.9,Medium,Banana,0.5322,1
751.7,21.8,Sandy,46.6,10.4,High,Lemon,0.8282,1
787.8,43.3,Red,63.1,11.3,High,Amla,0.833,1
882.8,20.0,Sandy,77.5,11.2,Medium,Lemon,0.7023,0
1422.3,28.3,Red,38.5,8.1,Medium,Sapota,0.7859,1
2388.8,10.2,Black,76.4,9.2,Medium,Coconut,0.5847,1
961.3,43.1,Loamy,73.2,9.5,Medium,Guava,0.6899,1
2487.3,34.1,Clay,75.1,9.0,Medium,Papaya,0.5947,0
2351.9,20.2,Clay,21.7,9.9,High,Sapota,0.6464,0
1485.9,32.0,Sandy,22.1,8.6,High,Papaya,0.71,1
1025.1,26.4,Sandy,54.9,9.3,Medium,Amla,0.9238,1
536.0,43.8,Loamy,47.5,9.7,Medium,Guava,0.7155,1
1218.4,41.6,Black,91.1,7.9,Low,Amla,0.7408,0
1758.6,10.4,Red,85.1,10.1,Low,Sapota,0.6046,0
223.5,24.7,Black,30.0,8.1,Low,Guava,0.6606,1
2054.5,35.6,Loamy,40.9,6.7,Medium,Coconut,0.8128,1
1177.9,33.9,Alluvial,63.2,6.1,High,Coconut,0.7787,1
2147.1,22.0,Loamy,67.4,8.8,Low,Coconut,0.7006,1
1357.3,21.6,Loamy,13.7,6.5,Medium,Amla,0.8324,0
1703.2,34.8,Clay,74.9,5.0,Low,Jackfruit,0.8098,1
1553.9,17.4,Alluvial,67.3,6.6,Medium,Jackfruit,0.7772,1
1999.7,39.6,Sandy,31.0,10.1,High,Sapota,0.8001,1
896.5,31.0,Sandy,75.6,5.7,Medium,Papaya,0.6348,1
1277.9,24.0,Black,87.7,11.1,Medium,Banana,0.7317,1
1589.8,37.7,Sandy,53.4,10.6,Low,Coconut,0.7458,1
877.4,41.9,Sandy,59.3,11.3,Medium,Pomegranate,0.7232,0
1800.0,33.6,Black,9.6,8.4,High,Lemon,0.6644,1
617.0,29.2,Alluvial,72.3,10.3,Medium,Pomegranate,0.7471,1
3819.9,27.7,Black,47.5,5.2,Low,Coconut,0.5316,1
3047.8,39.9,Black,74.6,4.1,Low,Coconut,0.5434,1
1739.8,36.3,Alluvial,16.7,5.7,Medium,Lemon,0.6284,1
2998.3,21.7,Red,64.8,8.8,High,Coconut,0.7063,1
2229.9,42.4,Loamy,12.5,3.5,Low,Pomegranate,0.4195,1
989.4,33.3,Alluvial,72.8,8.9,Medium,Papaya,0.7275,1
2149.9,30.0,Sandy,61.4,10.1,High,Coconut,0.8268,1
311.7,20.2,Red,16.9,7.8,Medium,Banana,0.4882,0
3155.4,12.0,Black,18.1,12.0,Low,Pomegranate,0.5306,1
1604.8,26.4,Red,64.6,4.6,Low,Banana,0.72,1
2037.8,13.0,Loamy,91.4,10.9,Low,Guava,0.6587,1
1577.5,29.5,Alluvial,36.4,6.5,High,Coconut,0.8064,1
2646.0,26.5,Sandy,27.8,8.3,High,Coconut,0.7622,1
1372.0,27.6,Red,32.0,7.9,High,Mango,0.7488,1
392.7,36.4,Black,85.7,4.9,High,Pomegranate,0.7021,1
1743.2,14.5,Alluvial,40.2,9.2,Medium,Amla,0.7948,0
3084.3,13.1,Red,65.4,8.8,Medium,Banana,0.5952,1
1032.3,24.6,Red,54.0,8.5,High,Guava,0.8869,1
1543.0,30.5,Alluvial,38.4,7.7,Medium,Sapota,0.7988,0
1629.0,27.6,Loamy,72.1,9.2,Medium,Lemon,0.7643,1
948.5,29.2,Loamy,26.8,11.0,Medium,Pomegranate,0.8077,1
1976.1,41.6,Red,47.9,8.1,Low,Papaya,0.6721,1
3036.7,17.6,Sandy,24.0,9.2,Medium,Mango,0.4949,1
1496.9,23.9,Sandy,24.2,9.6,Low,Amla,0.8558,1
373.3,31.5,Loamy,69.8,8.3,Low,Lemon,0.686,1
356.3,17.0,Red,52.3,10.3,Medium,Lemon,0.7686,0
2621.0,24.5,Alluvial,53.8,9.3,High,Jackfruit,0.8032,1
3783.5,39.0,Black,33.2,6.2,Medium,Pomegranate,0.634,0
1664.8,34.5,Black,76.8,9.3,Medium,Mango,0.7484,0
2207.5,34.7,Sandy,91.1,10.3,Low,Banana,0.7041,1
3405.5,16.7,Red,60.4,11.1,Medium,Jackfruit,0.6144,1
2816.4,33.4,Red,40.2,9.8,Low,Banana,0.762,1
1316.0,17.5,Loamy,84.8,6.3,Low,Lemon,0.7643,0
597.8,23.0,Loamy,74.3,11.4,Medium,Amla,0.7934,1
3515.8,32.8,Red,37.4,3.4,Low,Pomegranate,0.6373,1
1853.7,38.2,Black,58.7,9.8,Low,Sapota,0.7697,1
1871.8,23.8,Red,90.2,9.3,Low,Pomegranate,0.5346,0
712.5,26.6,Red,78.9,7.1,Medium,Mango,0.7336,1
3893.1,34.2,Red,90.7,3.8,Medium,Banana,0.5626,1
959.3,33.9,Black,12.6,9.3,High,Amla,0.7863,1
811.8,35.7,Loamy,68.3,11.4,High,Guava,0.8504,1
3026.0,31.6,Clay,71.2,10.9,Medium,Banana,0.7911,1
1994.4,37.9,Red,31.2,5.3,Medium,Guava,0.6949,1
1420.0,33.8,Black,67.7,6.4,Medium,Sapota,0.7788,1
1440.1,22.7,Black,47.6,7.1,Medium,Sapota,0.7799,1
525.2,33.8,Alluvial,32.5,7.0,Medium,Lemon,0.7196,1
3504.6,17.8,Black,65.9,4.7,High,Papaya,0.419,0
275.8,38.0,Loamy,23.8,4.2,Low,Mango,0.5704,1
1091.2,24.3,Alluvial,37.8,7.8,Medium,Sapota,0.8619,1
2192.5,35.4,Clay,49.7,8.2,Low,Banana,0.6508,0
760.6,18.9,Black,15.9,8.9,Low,Amla,0.8704,1
401.7,40.6,Loamy,23.8,6.7,Medium,Amla,0.9193,1
1044.9,28.6,Loamy,58.8,7.2,High,Sapota,0.8134,1
2114.8,25.6,Loamy,58.3,10.2,Low,Coconut,0.7884,1
1061.4,31.7,Sandy,68.3,9.0,Low,Papaya,0.7467,1
1777.1,36.6,Clay,12.9,9.4,Low,Guava,0.8479,1
1553.4,16.4,Red,33.1,7.8,High,Guava,0.7953,1
593.7,19.5,Red,45.0,7.3,Medium,Pomegranate,0.8301,1
3925.2,25.1,Loamy,42.6,10.4,High,Pomegranate,0.634,1
675.8,34.4,Red,76.7,10.8,Medium,Lemon,0.7534,1
1412.3,29.1,Red,89.1,6.7,High,Sapota,0.7415,1
1409.0,15.9,Red,48.7,6.2,Low,Amla,0.7881,0
1280.6,24.0,Loamy,35.8,9.3,Medium,Guava,0.7819,1
746.5,36.9,Black,54.8,5.7,High,Mango,0.7013,0
1868.6,23.5,Red,35.2,10.9,Low,Guava,0.7751,1
1299.9,39.0,Clay,76.2,5.3,Medium,Jackfruit,0.7308,1
1257.6,20.1,Loamy,31.0,9.4,Medium,Sapota,0.7842,1
2228.8,35.4,Red,39.8,11.3,Low,Pomegranate,0.6312,0
1839.6,34.2,Sandy,51.3,8.5,High,Guava,0.8018,1
593.3,35.3,Alluvial,52.3,9.8,High,Papaya,0.6899,1
1173.9,12.8,Sandy,36.2,8.0,Medium,Pomegranate,0.6837,1
2332.2,34.0,Black,53.9,4.2,High,Mango,0.6932,1
2367.6,21.5,Black,53.4,6.9,Medium,Mango,0.7656,0
2595.2,28.8,Red,43.1,7.9,Medium,Mango,0.602,0
878.1,16.7,Red,17.7,11.2,Medium,Guava,0.7622,0
1390.5,16.9,Clay,11.6,6.6,Low,Amla,0.7809,1
1419.2,19.4,Clay,47.6,3.6,Low,Jackfruit,0.7639,0
409.2,27.7,Sandy,72.6,7.0,Medium,Sapota,0.7167,1
657.8,21.6,Loamy,75.3,6.3,Medium,Mango,0.6951,0
789.6,27.1,Alluvial,30.4,11.4,Medium,Papaya,0.7886,0
3831.7,13.2,Clay,88.7,8.4,Medium,Papaya,0.3428,0
1469.5,28.9,Clay,54.1,10.5,Medium,Jackfruit,0.8261,1
3714.5,39.8,Black,41.7,11.8,Medium,Guava,0.504,0
1394.7,27.7,Red,64.5,9.6,Low,Lemon,0.8251,1
609.6,28.8,Clay,36.4,6.4,Low,Guava,0.7711,1
364.2,35.9,Sandy,14.7,11.0,Low,Pomegranate,0.8092,1
1909.2,31.0,Alluvial,29.3,11.5,Medium,Papaya,0.7401,1
912.3,21.7,Alluvial,80.5,6.1,High,Lemon,0.8013,1
2171.3,31.5,Red,42.9,6.3,Medium,Banana,0.7764,1
448.5,17.9,Clay,81.4,7.1,Medium,Amla,0.8511,1
1019.3,18.5,Red,30.8,9.4,High,Pomegranate,0.7626,1
2290.8,35.5,Red,61.5,7.6,Medium,Jackfruit,0.7188,1
905.6,33.1,Red,37.3,5.8,Medium,Lemon,0.8002,1
3821.2,30.7,Clay,68.3,9.9,Low,Coconut,0.5222,1
1376.1,24.1,Black,14.2,11.1,High,Guava,0.7253,1
487.0,39.5,Loamy,37.2,10.7,Medium,Guava,0.7142,0
3155.1,26.1,Alluvial,92.4,10.1,High,Banana,0.7254,1
2794.7,39.0,Alluvial,37.5,8.7,High,Coconut,0.7551,1
381.4,22.7,Clay,87.8,8.6,Low,Guava,0.7112,1
1739.4,37.7,Alluvial,79.4,9.7,High,Papaya,0.6905,1
666.4,40.4,Sandy,34.1,9.7,Medium,Sapota,0.7646,1
844.7,27.4,Loamy,73.1,9.3,Medium,Lemon,0.9082,0
1169.5,20.9,Red,71.3,7.5,Medium,Lemon,0.7667,1
660.5,31.8,Loamy,20.5,7.0,Medium,Amla,0.7877,1
1670.3,19.6,Clay,81.2,6.1,Low,Guava,0.8459,1
2002.0,22.6,Sandy,35.5,7.0,Medium,Guava,0.7984,1
1144.4,24.2,Loamy,73.8,10.5,Low,Lemon,0.7648,1
2057.0,30.6,Black,78.6,8.3,Low,Sapota,0.7647,1
3057.7,36.9,Clay,43.0,11.7,Medium,Pomegranate,0.5471,1
1833.5,16.9,Alluvial,60.2,5.1,Low,Banana,0.7147,1
1944.2,26.3,Loamy,66.0,9.9,Medium,Banana,0.7509,0
445.6,15.2,Black,50.4,6.4,Medium,Amla,0.7599,0
1538.0,23.8,Loamy,28.4,10.8,Medium,Papaya,0.7347,1
2767.0,23.7,Alluvial,72.5,5.6,Low,Coconut,0.7187,0
1695.7,39.7,Sandy,77.3,5.6,Low,Papaya,0.6433,1
1034.6,33.5,Loamy,65.2,4.6,Medium,Banana,0.7202,1
3252.2,43.7,Red,60.0,11.5,Low,Lemon,0.4389,0
1238.6,32.0,Clay,78.1,8.4,High,Amla,0.8523,0
678.3,30.9,Red,39.9,10.0,Low,Sapota,0.8126,1
1757.2,27.1,Alluvial,37.7,8.4,Medium,Papaya,0.7701,0
790.1,30.9,Sandy,16.7,10.6,Low,Lemon,0.733,1
2052.1,38.1,Red,78.8,8.9,Medium,Banana,0.7442,1
1124.2,24.6,Loamy,55.4,10.2,Medium,Guava,0.8583,1
4078.2,13.4,Red,72.2,8.4,High,Pomegranate,0.5094,0
3378.9,46.6,Red,11.5,5.4,Low,Guava,0.4021,0
543.3,26.4,Alluvial,31.6,9.4,Medium,Mango,0.7837,1
995.2,30.2,Alluvial,22.1,6.7,High,Pomegranate,0.823,1
749.0,30.4,Black,20.8,8.3,Medium,Sapota,0.7672,1
3375.7,16.0,Clay,9.7,8.0,Low,Mango,0.3251,0
2580.5,46.4,Clay,77.9,11.5,Low,Pomegranate,0.3523,0
469.5,33.6,Loamy,53.2,8.2,Low,Mango,0.6396,0
1432.4,35.8,Alluvial,51.9,8.5,Medium,Amla,0.8834,0
2995.4,33.0,Black,60.5,6.3,Medium,Banana,0.7557,1
1709.5,15.7,Red,41.3,10.3,Low,Amla,0.8085,0
2102.1,20.1,Alluvial,33.7,8.5,Low,Mango,0.6937,0
2299.8,29.8,Sandy,22.4,8.8,Low,Lemon,0.6225,1
893.9,29.7,Loamy,28.8,9.5,High,Lemon,0.8386,1
669.9,26.2,Loamy,39.9,9.2,Medium,Sapota,0.8382,1
1515.9,34.5,Clay,79.5,5.1,Low,Guava,0.842,1
1247.2,35.7,Loamy,62.6,5.0,High,Banana,0.7734,0
2425.6,38.5,Loamy,76.4,9.8,High,Sapota,0.7194,1
350.6,38.8,Sandy,47.7,10.2,Medium,Lemon,0.6061,1
1032.2,18.7,Sandy,62.5,7.0,Low,Amla,0.8901,1
665.3,11.1,Clay,24.9,8.5,Medium,Pomegranate,0.601,1
2716.8,40.0,Red,29.3,11.1,High,Lemon,0.5252,1
685.0,37.1,Red,26.4,7.1,High,Mango,0.705,1
1408.7,34.6,Sandy,20.6,7.8,Low,Papaya,0.6653,1
1847.6,33.0,Sandy,66.1,7.4,Medium,Papaya,0.7462,1
1916.6,38.5,Alluvial,27.8,6.4,Medium,Jackfruit,0.7672,0
1789.7,29.9,Loamy,33.7,7.8,Medium,Mango,0.7236,1
3828.1,13.6,Red,64.4,9.3,Low,Pomegranate,0.5215,1
1014.7,34.7,Alluvial,38.5,4.9,Medium,Jackfruit,0.7946,1
1490.1,32.5,Sandy,30.6,7.6,Medium,Lemon,0.841,1
1486.5,31.7,Loamy,61.9,7.9,Medium,Banana,0.7762,1
1144.8,30.5,Sandy,94.4,11.7,Medium,Lemon,0.7097,0
1391.6,27.6,Loamy,32.6,11.2,Low,Papaya,0.8053,1
1197.3,32.1,Alluvial,52.3,6.8,Medium,Lemon,0.8455,1
2386.2,34.6,Black,64.4,10.4,Low,Mango,0.6777,1
3881.0,25.1,Clay,46.6,7.2,Low,Coconut,0.542,1
3343.6,46.7,Alluvial,53.7,7.6,Low,Coconut,0.5065,1
1057.2,29.6,Black,20.7,5.3,Medium,Sapota,0.8127,1
3951.4,45.0,Loamy,30.6,4.9,Low,Amla,0.4852,0
640.8,22.4,Alluvial,45.6,11.2,Medium,Lemon,0.8127,1
4075.4,22.8,Black,31.1,9.9,Medium,Lemon,0.5875,0
2026.7,18.0,Alluvial,58.8,11.0,High,Mango,0.6545,0
696.9,23.7,Loamy,26.8,9.8,Medium,Pomegranate,0.8551,1
2061.5,36.2,Red,64.1,10.0,Medium,Mango,0.7695,0
619.5,32.3,Sandy,17.8,5.7,Low,Banana,0.4883,0
1581.9,20.3,Loamy,43.9,9.9,High,Lemon,0.7639,1
700.6,33.7,Sandy,60.0,7.1,Low,Papaya,0.6108,0
1226.3,32.3,Alluvial,29.1,7.6,High,Lemon,0.8515,1
3096.0,39.6,Black,47.1,4.2,Medium,Jackfruit,0.4997,1
1902.9,18.6,Sandy,71.6,8.2,Low,Papaya,0.6673,0
1218.2,28.0,Loamy,8.9,9.3,High,Mango,0.7714,1
1848.6,22.4,Alluvial,33.7,7.8,High,Papaya,0.7618,0
972.2,37.0,Sandy,54.6,9.3,Low,Pomegranate,0.8316,1
963.3,20.7,Loamy,88.7,9.3,Medium,Coconut,0.7382,1
1218.8,27.6,Black,43.0,10.2,Low,Pomegranate,0.8042,1
2535.1,35.5,Loamy,80.0,10.1,Low,Mango,0.6829,1
3912.0,23.9,Black,15.9,9.9,Medium,Pomegranate,0.5682,1
1468.0,22.2,Loamy,48.2,7.9,High,Mango,0.8349,0
2980.8,34.3,Alluvial,31.9,9.0,Low,Coconut,0.7933,1
2986.7,34.7,Red,52.2,10.6,Medium,Coconut,0.8166,1
1106.4,19.5,Clay,77.3,7.3,High,Guava,0.7949,0
3196.7,39.9,Alluvial,51.5,4.9,Medium,Lemon,0.5438,0
659.1,20.6,Clay,64.0,5.3,Medium,Guava,0.8299,0
1580.2,34.7,Red,49.4,9.3,Low,Banana,0.7801,0
1203.7,28.8,Alluvial,64.8,7.1,Medium,Pomegranate,0.6884,0
2986.0,14.3,Sandy,49.5,7.2,High,Banana,0.5085,1
2667.1,19.8,Alluvial,62.3,8.1,Medium,Jackfruit,0.7938,0
724.6,36.1,Loamy,78.6,9.8,High,Jackfruit,0.7092,1
1633.7,25.3,Clay,30.9,4.1,High,Papaya,0.6698,0
2475.0,25.4,Clay,91.2,5.0,Low,Banana,0.7446,0
1161.2,21.9,Loamy,20.4,6.0,High,Papaya,0.7124,1
1018.2,22.9,Black,51.4,7.1,Medium,Mango,0.7273,1
747.0,28.3,Red,67.2,7.0,Medium,Lemon,0.8106,1
795.5,17.6,Alluvial,73.8,4.2,Medium,Pomegranate,0.6257,1
3146.7,34.0,Red,54.7,9.4,Medium,Banana,0.6934,1
886.7,23.0,Red,25.5,9.2,High,Sapota,0.8462,1
1643.6,27.1,Loamy,88.7,7.0,Medium,Banana,0.7787,0
2213.3,46.5,Sandy,22.1,3.1,Low,Lemon,0.3901,0
2615.0,20.6,Loamy,81.7,7.1,Medium,Banana,0.7469,0
767.0,30.1,Loamy,82.4,6.5,Medium,Sapota,0.7214,1
1321.2,24.3,Sandy,48.3,8.2,High,Papaya,0.7544,1
1648.4,29.0,Sandy,59.6,11.1,High,Lemon,0.7761,1
1885.4,31.4,Black,82.3,6.5,Low,Coconut,0.7295,0
1997.9,34.4,Loamy,59.9,8.2,Medium,Jackfruit,0.7713,1
1770.3,24.8,Clay,46.8,11.5,Medium,Amla,0.7813,1
1702.5,29.6,Clay,76.7,5.9,Medium,Papaya,0.6584,1
2503.7,20.5,Sandy,66.2,11.4,High,Coconut,0.6699,1
277.9,44.4,Clay,54.9,8.8,Low,Amla,0.7338,0
3581.1,10.9,Red,57.3,5.2,Medium,Papaya,0.4469,1
2968.5,38.0,Black,20.1,5.2,Medium,Jackfruit,0.6071,0
1522.7,41.3,Alluvial,36.1,8.1,High,Amla,0.8428,1
1981.1,20.7,Loamy,51.1,3.8,Medium,Papaya,0.7142,1
1375.7,23.4,Loamy,42.3,5.0,High,Jackfruit,0.8848,1
1960.9,37.0,Alluvial,60.9,6.4,Medium,Mango,0.8052,1
2788.0,30.9,Alluvial,32.3,10.6,Medium,Coconut,0.7253,0
1807.5,30.0,Red,70.5,6.4,Medium,Papaya,0.6698,1
2150.0,22.8,Alluvial,80.9,6.7,Medium,Banana,0.7131,0
1291.1,32.1,Clay,5.4,11.3,Low,Lemon,0.6816,1
1582.0,20.7,Alluvial,20.2,9.3,High,Mango,0.712,1
1317.1,46.0,Alluvial,37.8,6.9,Low,Lemon,0.5991,0
961.9,20.5,Black,25.7,10.2,Medium,Coconut,0.6525,1
718.1,31.4,Sandy,33.8,7.7,Medium,Lemon,0.7853,1
626.3,15.7,Sandy,61.1,8.9,Medium,Lemon,0.7309,1
939.1,35.7,Sandy,64.6,8.4,Medium,Sapota,0.7956,1
1880.6,20.2,Alluvial,53.7,6.7,Medium,Guava,0.8311,1
1036.4,21.7,Alluvial,70.5,6.4,High,Lemon,0.8192,0
2509.6,10.2,Black,50.0,3.9,Medium,Amla,0.5092,1
1417.3,46.3,Red,12.5,7.7,Medium,Pomegranate,0.6132,1
3424.7,37.9,Loamy,46.7,4.9,Low,Sapota,0.6018,1
1895.6,37.8,Loamy,63.8,10.4,Low,Mango,0.7299,1
1971.4,24.6,Sandy,48.9,11.1,Medium,Papaya,0.6999,0
1912.0,20.1,Alluvial,50.0,10.0,High,Mango,0.7155,1
1721.4,18.3,Red,29.0,9.4,Medium,Jackfruit,0.6518,1
1714.1,30.2,Loamy,61.1,9.5,Low,Banana,0.7844,1
3654.7,10.9,Clay,15.2,11.6,High,Sapota,0.3946,0
972.1,43.5,Sandy,77.9,11.7,High,Guava,0.6561,1
634.3,25.5,Clay,79.4,8.2,Low,Amla,0.7919,1
803.9,17.1,Clay,60.9,6.6,Medium,Amla,0.8506,1
1042.0,19.1,Black,34.8,9.2,Medium,Amla,0.898,0
2812.4,46.0,Black,24.7,11.1,Medium,Lemon,0.4151,1
754.0,32.3,Black,76.1,6.3,Medium,Sapota,0.8471,1
2748.4,32.8,Black,7.7,4.6,High,Jackfruit,0.643,0
1780.0,22.7,Clay,23.7,6.4,Low,Mango,0.6499,1
3285.0,23.1,Loamy,13.0,9.9,Low,Coconut,0.6637,0
2353.8,10.6,Loamy,47.6,3.0,Medium,Coconut,0.61,1
1489.6,25.3,Clay,19.2,11.0,Medium,Guava,0.8453,0
2988.8,45.2,Red,69.1,6.7,Low,Banana,0.5443,1
2820.4,27.7,Sandy,18.7,7.6,Medium,Guava,0.6278,0
1890.1,36.5,Alluvial,89.4,6.7,Medium,Jackfruit,0.6934,1
2587.3,32.5,Sandy,60.0,9.5,Low,Banana,0.749,1
382.8,17.7,Loamy,76.3,9.7,High,Guava,0.6763,1
799.2,26.2,Black,17.1,6.8,Low,Amla,0.9223,1
1243.2,29.7,Red,65.7,8.9,Low,Papaya,0.6553,1
739.6,30.9,Sandy,68.8,11.4,Medium,Coconut,0.8009,1
786.1,17.3,Alluvial,83.3,7.1,Low,Guava,0.668,1
1331.9,44.0,Loamy,46.6,7.0,Medium,Amla,0.7762,1
1851.0,35.7,Alluvial,40.5,9.4,Medium,Mango,0.8241,1
1639.4,36.2,Clay,46.8,7.3,Medium,Jackfruit,0.7941,1
3024.8,40.9,Black,53.1,7.9,High,Sapota,0.5409,1
2532.6,20.3,Alluvial,45.4,7.9,Medium,Mango,0.637,0
4189.7,17.3,Clay,85.0,5.6,Medium,Sapota,0.5122,0
501.3,41.0,Loamy,30.5,7.0,Low,Papaya,0.6061,1
1767.8,40.6,Black,35.6,6.2,Medium,Mango,0.6579,0
3479.5,46.7,Alluvial,21.3,8.4,Medium,Guava,0.549,1
1377.8,39.5,Sandy,27.1,4.1,High,Amla,0.7853,1
2531.9,28.9,Alluvial,81.5,9.6,Medium,Mango,0.6355,1
212.3,16.3,Red,34.3,3.6,Medium,Amla,0.7513,1
1509.8,30.5,Loamy,47.0,9.6,High,Jackfruit,0.8168,1
422.7,32.0,Black,45.5,9.4,Medium,Sapota,0.7812,1
1333.2,17.1,Loamy,78.2,10.2,High,Lemon,0.608,1
1748.3,36.0,Sandy,55.0,10.8,Medium,Coconut,0.7584,1
470.6,17.4,Loamy,41.6,8.6,Medium,Pomegranate,0.8127,1
1467.4,38.1,Clay,53.0,6.2,High,Pomegranate,0.6875,1
2893.7,20.9,Loamy,73.2,9.3,Low,Banana,0.7058,1
943.7,37.5,Red,45.6,10.3,High,Amla,0.9236,1
1359.7,22.6,Black,64.1,10.1,High,Banana,0.7085,1
1671.9,30.3,Sandy,20.4,7.3,Medium,Lemon,0.755,1
833.6,31.9,Loamy,88.6,9.1,High,Guava,0.8091,1
443.1,16.8,Sandy,67.2,7.8,Medium,Guava,0.7568,1
1114.7,24.8,Loamy,81.3,10.6,Medium,Banana,0.6956,0
2462.7,41.0,Black,33.5,7.4,Medium,Mango,0.5909,1
1953.1,40.6,Loamy,32.3,5.9,High,Sapota,0.7373,0
3305.6,37.6,Loamy,76.1,8.4,High,Pomegranate,0.5772,1
2928.9,47.7,Black,67.5,4.1,Medium,Lemon,0.3936,1
2091.6,33.7,Red,80.7,11.8,Medium,Lemon,0.581,0
1528.3,19.1,Loamy,57.4,10.5,Medium,Banana,0.6819,0
2345.0,32.2,Loamy,59.5,7.9,Low,Mango,0.6632,1
774.9,14.9,Loamy,26.1,8.5,Medium,Amla,0.8031,1
1538.7,23.7,Alluvial,21.4,5.7,Low,Lemon,0.8378,1
4189.0,11.1,Red,85.8,8.6,Medium,Mango,0.3725,0
536.6,18.0,Red,61.0,6.7,Medium,Pomegranate,0.7318,1
926.6,22.8,Sandy,51.3,8.9,Low,Sapota,0.8415,1
1483.9,33.9,Black,27.7,7.2,High,Mango,0.7659,0
1630.3,21.0,Red,69.0,9.4,Low,Coconut,0.693,1
886.1,22.0,Loamy,46.2,7.2,Medium,Lemon,0.7853,1
1615.2,45.9,Loamy,29.9,4.8,Low,Sapota,0.7372,0
350.7,27.9,Clay,22.3,7.8,Low,Coconut,0.455,0
801.5,41.3,Loamy,11.6,11.4,Medium,Pomegranate,0.7265,0
2423.7,31.8,Red,27.7,7.2,High,Coconut,0.7708,1
1448.6,14.6,Alluvial,27.6,8.8,High,Lemon,0.8089,1
4181.0,42.9,Clay,40.8,6.2,High,Sapota,0.4899,0
643.8,44.0,Sandy,75.0,7.7,Medium,Amla,0.8157,0
1876.4,36.8,Red,41.1,10.0,High,Coconut,0.756,1
958.7,40.3,Black,32.2,6.4,Medium,Amla,0.8772,1
1504.2,33.8,Sandy,21.7,3.5,High,Jackfruit,0.728,1
1618.5,19.7,Red,71.4,6.8,Medium,Mango,0.709,0
618.8,38.6,Loamy,73.3,8.4,Medium,Pomegranate,0.7099,1
365.6,38.1,Loamy,30.4,8.2,Medium,Pomegranate,0.8043,1
1049.8,32.7,Black,37.4,3.5,High,Amla,0.8038,0
281.5,40.8,Sandy,56.9,9.7,Medium,Amla,0.8731,1
2197.3,16.7,Loamy,69.6,10.5,Medium,Sapota,0.6639,1
1571.6,11.1,Alluvial,64.7,6.1,Medium,Lemon,0.6768,0
2028.1,33.9,Clay,68.6,10.1,High,Banana,0.798,0
1328.1,24.2,Red,51.2,9.7,Medium,Papaya,0.7139,1
803.5,41.7,Black,60.0,10.6,Medium,Pomegranate,0.7599,1
1356.3,11.3,Sandy,58.7,6.6,Medium,Sapota,0.6465,1
1076.3,28.9,Clay,79.2,10.3,Low,Guava,0.8167,1
2299.4,39.2,Loamy,74.7,11.0,Medium,Banana,0.7238,1
716.5,30.3,Alluvial,17.5,10.0,High,Lemon,0.7678,0
2233.9,41.4,Black,46.3,6.0,High,Mango,0.5879,1
855.4,30.6,Red,77.5,7.5,Medium,Coconut,0.7541,0
807.4,25.8,Sandy,61.1,6.0,Medium,Amla,0.8302,1
2107.5,35.3,Clay,67.4,6.8,Low,Banana,0.7664,0
383.7,19.7,Alluvial,28.4,6.8,Medium,Amla,0.8547,1
1032.4,35.8,Sandy,34.0,8.2,Low,Coconut,0.8321,1
2302.2,21.2,Alluvial,45.3,9.8,Medium,Coconut,0.72,1
1690.4,20.5,Red,87.8,5.6,High,Sapota,0.808,1
940.9,20.4,Black,35.2,9.5,Medium,Pomegranate,0.8204,0
1151.3,20.7,Alluvial,50.8,7.2,High,Pomegranate,0.839,1
2459.7,34.1,Loamy,10.6,8.3,Medium,Coconut,0.7599,1
3020.8,18.9,Alluvial,51.8,4.9,Medium,Banana,0.6234,0
1317.5,21.5,Loamy,70.8,8.4,Medium,Guava,0.8829,1
761.7,27.3,Alluvial,81.2,6.2,Low,Coconut,0.7035,0
1640.5,11.7,Red,19.2,4.2,Low,Guava,0.6784,1
277.5,27.7,Red,51.6,11.5,High,Amla,0.8776,1
2055.8,29.9,Loamy,79.3,7.0,Low,Papaya,0.6559,1
1638.4,30.3,Red,69.0,7.0,Low,Papaya,0.7007,0
409.6,20.5,Red,57.0,10.6,Medium,Guava,0.7957,1
1652.2,33.1,Black,54.6,9.3,Low,Mango,0.7798,1
2162.3,35.7,Alluvial,29.7,9.6,Medium,Papaya,0.7643,1
1418.0,24.7,Sandy,61.0,10.7,Medium,Guava,0.8354,1
3677.7,31.2,Loamy,73.9,4.6,High,Sapota,0.6375,1
3847.8,36.0,Red,69.1,11.5,High,Coconut,0.5931,0
1445.2,37.1,Loamy,23.5,8.2,Medium,Papaya,0.8202,0
3451.9,40.3,Alluvial,12.8,6.2,Medium,Jackfruit,0.5491,0
2449.0,45.6,Red,87.1,3.5,Low,Papaya,0.3745,1
3055.7,26.2,Alluvial,32.0,7.6,High,Amla,0.6316,1
1203.2,25.8,Red,71.6,7.4,Medium,Lemon,0.8863,1
587.6,24.9,Red,24.9,10.5,Medium,Sapota,0.7839,1
594.2,33.4,Alluvial,40.1,6.7,Medium,Amla,0.8403,0
3805.7,14.0,Loamy,85.4,4.8,High,Banana,0.3862,0
2958.0,38.5,Clay,67.6,8.0,Low,Papaya,0.4771,0
1384.6,35.2,Red,36.8,8.3,Medium,Amla,0.9012,1
785.8,29.8,Loamy,21.8,7.2,High,Lemon,0.7784,1
1664.8,22.3,Sandy,51.9,8.5,High,Sapota,0.896,0
4097.8,22.5,Red,66.2,4.3,Low,Lemon,0.5526,0
1614.4,12.4,Red,31.6,5.9,Low,Banana,0.632,0
1689.3,30.4,Alluvial,47.6,5.0,High,Jackfruit,0.8117,0
2885.1,13.7,Clay,57.9,4.7,Low,Jackfruit,0.5539,1
1432.7,32.2,Clay,37.1,5.7,Low,Pomegranate,0.687,0
618.1,26.3,Alluvial,72.2,10.3,High,Sapota,0.7825,1
2184.6,37.1,Loamy,78.5,9.7,High,Sapota,0.6484,1
611.2,30.6,Alluvial,12.7,7.6,Medium,Amla,0.9308,1
761.8,34.8,Clay,45.7,11.4,High,Jackfruit,0.6851,1
3560.7,41.3,Clay,70.0,10.7,Medium,Banana,0.5591,1
1248.6,32.2,Red,65.8,6.7,High,Jackfruit,0.7225,0
1088.9,31.5,Loamy,54.8,11.3,Low,Jackfruit,0.8069,1
1205.9,28.9,Sandy,79.1,7.5,Medium,Sapota,0.7858,1
1441.4,17.6,Sandy,35.9,7.9,Medium,Lemon,0.8235,0
1178.7,27.6,Loamy,57.1,8.7,Medium,Papaya,0.7052,1
3389.0,41.6,Red,89.1,8.3,Low,Amla,0.5843,1
2926.6,39.4,Loamy,41.0,7.8,Low,Coconut,0.7073,1
1083.0,17.9,Loamy,73.4,5.1,High,Jackfruit,0.6441,1
802.3,24.1,Sandy,88.2,10.2,High,Papaya,0.5934,1
830.1,23.1,Alluvial,79.9,7.3,High,Guava,0.7791,1
771.7,37.8,Clay,16.0,8.6,Low,Guava,0.7904,1
1153.6,27.4,Sandy,30.8,6.3,High,Lemon,0.762,1
3825.7,39.3,Red,71.9,10.6,Low,Coconut,0.5521,1
2495.5,19.3,Red,44.6,6.5,Medium,Banana,0.7444,0
719.3,27.0,Alluvial,25.4,10.1,Medium,Jackfruit,0.6902,1
950.0,14.8,Loamy,28.6,10.1,Medium,Lemon,0.7842,0
730.6,32.6,Alluvial,69.3,9.6,Low,Papaya,0.7373,0
1893.9,31.3,Alluvial,39.3,6.6,High,Jackfruit,0.749,1
1043.9,33.5,Sandy,53.2,8.1,High,Lemon,0.8531,1
1776.5,32.4,Alluvial,60.2,11.2,High,Banana,0.8002,1
2456.9,34.5,Loamy,58.9,7.8,Low,Banana,0.7362,1
1249.2,25.0,Loamy,59.0,5.5,Low,Sapota,0.8474,1
613.1,16.7,Alluvial,33.1,11.2,Medium,Pomegranate,0.7509,1
1577.8,26.8,Red,40.6,11.4,Low,Papaya,0.8136,0
936.1,33.5,Alluvial,37.0,8.7,Low,Papaya,0.7488,1
3814.4,18.8,Black,77.7,3.5,Medium,Mango,0.4543,1
873.0,28.4,Alluvial,68.3,10.3,Medium,Coconut,0.7061,1
1289.1,17.8,Sandy,53.4,10.3,High,Guava,0.771,1
1684.6,29.6,Red,29.7,9.3,High,Guava,0.8248,1
519.8,22.7,Sandy,71.8,9.9,Medium,Sapota,0.7206,0
832.1,35.1,Sandy,27.9,7.1,Low,Amla,0.7643,1
3878.5,46.7,Loamy,19.9,4.3,Low,Coconut,0.3645,1
1072.6,28.7,Red,42.7,11.1,High,Sapota,0.8208,1
2274.2,26.7,Red,71.6,11.1,Medium,Mango,0.719,0
330.8,24.2,Loamy,35.2,6.1,Low,Lemon,0.7691,0
1119.5,39.7,Clay,55.2,10.7,Medium,Amla,0.9289,1
1668.6,23.8,Red,85.3,5.9,High,Banana,0.7778,1
2414.6,19.0,Clay,59.5,10.2,Low,Jackfruit,0.8592,0
2997.2,17.6,Loamy,65.5,10.1,Low,Jackfruit,0.7029,1
2562.5,19.4,Loamy,73.2,7.0,Medium,Jackfruit,0.7881,1
2171.6,40.2,Red,65.8,10.4,High,Sapota,0.6749,0
981.6,36.2,Clay,58.5,6.2,Low,Jackfruit,0.7205,1
1809.6,36.3,Sandy,37.5,8.5,High,Lemon,0.7961,0
2329.3,39.4,Loamy,28.2,9.7,Low,Coconut,0.6647,1
2082.8,25.5,Black,49.9,6.9,High,Mango,0.744,1
1477.5,31.9,Alluvial,18.9,8.7,Medium,Pomegranate,0.7609,1
1776.0,18.5,Alluvial,85.2,10.5,High,Pomegranate,0.4727,1
1709.7,17.0,Black,70.5,6.7,High,Amla,0.7717,1
1461.4,36.7,Loamy,82.0,9.2,Medium,Jackfruit,0.6503,1
3992.4,23.9,Clay,10.8,8.7,Medium,Papaya,0.5235,1
1806.3,26.4,Red,39.0,7.9,High,Mango,0.7557,1
752.0,27.7,Alluvial,51.2,10.4,Medium,Papaya,0.7229,1
1707.2,33.6,Alluvial,64.4,9.4,Low,Lemon,0.7342,1
334.0,30.0,Loamy,31.2,10.3,Low,Banana,0.5296,1
1483.7,40.4,Alluvial,66.0,6.1,High,Coconut,0.6776,1
2777.2,34.9,Loamy,72.8,5.2,Low,Banana,0.8007,0
1308.1,23.8,Red,33.2,11.2,Medium,Mango,0.8085,1
2485.3,18.9,Clay,75.7,6.5,Medium,Jackfruit,0.806,1
2306.2,17.8,Alluvial,5.3,11.8,Low,Banana,0.5821,0
971.5,21.1,Red,57.9,9.5,High,Guava,0.8908,1
2033.4,35.0,Alluvial,49.0,8.5,Low,Papaya,0.8411,1
2406.3,12.3,Alluvial,68.5,6.4,Low,Banana,0.5653,0
1995.0,44.5,Alluvial,42.1,7.0,High,Papaya,0.6012,1
2091.6,30.3,Loamy,21.1,5.8,Medium,Mango,0.6649,1
1420.0,25.1,Sandy,52.1,6.3,Low,Lemon,0.8295,1
1790.3,31.8,Alluvial,71.5,10.2,Medium,Jackfruit,0.7515,0
926.3,45.6,Clay,13.7,5.0,Medium,Pomegranate,0.5849,0
3220.1,32.4,Alluvial,25.8,5.5,Low,Pomegranate,0.5363,1
2188.7,39.8,Clay,80.4,4.8,Medium,Banana,0.6746,1
1693.3,18.9,Alluvial,50.3,8.8,High,Mango,0.7385,0
1401.2,34.8,Loamy,25.4,5.8,Low,Lemon,0.8201,1
3099.8,19.4,Sandy,69.8,5.2,Medium,Banana,0.5275,0
1801.6,25.1,Clay,68.7,8.7,High,Jackfruit,0.8025,1
1704.7,29.2,Black,37.7,5.3,High,Guava,0.7493,1
984.6,24.4,Sandy,37.6,9.7,Medium,Papaya,0.7415,1
2143.5,30.2,Sandy,58.7,9.5,Medium,Coconut,0.7916,0
533.7,41.0,Alluvial,55.6,8.5,High,Pomegranate,0.7928,1
468.7,23.9,Sandy,55.8,10.5,Low,Lemon,0.7541,1
3564.7,25.9,Black,77.2,10.0,Low,Pomegranate,0.5502,1
764.1,37.7,Alluvial,22.5,9.3,Low,Guava,0.784,1
478.3,23.1,Red,34.9,6.9,Low,Pomegranate,0.7891,1
2721.2,39.8,Loamy,69.5,6.5,High,Jackfruit,0.737,1
1034.7,26.2,Loamy,47.6,9.5,Medium,Pomegranate,0.8226,0
2007.4,27.5,Clay,93.0,8.1,Low,Pomegranate,0.4617,1
1373.3,24.8,Black,12.0,8.1,Medium,Jackfruit,0.7578,0
1090.5,14.5,Alluvial,50.1,8.8,Medium,Banana,0.6667,1
1183.1,40.3,Sandy,76.8,5.6,Medium,Sapota,0.7207,0
2303.3,42.9,Alluvial,28.6,4.6,Medium,Guava,0.6183,1
4053.1,39.4,Red,47.4,11.1,Medium,Lemon,0.5852,1
3283.7,27.5,Black,70.6,6.5,Low,Coconut,0.6027,0
547.5,30.7,Alluvial,52.9,11.1,High,Papaya,0.6184,0
3236.0,28.2,Red,9.0,5.8,High,Mango,0.5793,1
1112.8,41.2,Red,54.6,6.6,High,Lemon,0.6961,1
482.3,41.7,Loamy,55.6,8.4,Medium,Pomegranate,0.7508,0
1575.6,26.9,Black,46.9,7.9,Medium,Sapota,0.8312,1
1187.7,10.6,Loamy,84.0,4.9,Low,Jackfruit,0.5197,1
913.3,36.5,Clay,34.1,8.0,Medium,Jackfruit,0.7549,0
1499.1,24.3,Loamy,44.7,10.4,High,Banana,0.8523,1
420.3,45.9,Clay,19.3,6.4,High,Papaya,0.4855,1
760.0,40.1,Alluvial,48.6,11.5,Low,Mango,0.8014,1
687.0,20.2,Black,38.2,10.1,Low,Pomegranate,0.7879,1
500.7,21.0,Red,70.6,7.1,Medium,Papaya,0.5651,1
1212.5,21.3,Alluvial,91.4,7.4,Low,Coconut,0.6624,1
2773.7,36.9,Alluvial,36.7,8.0,High,Coconut,0.7216,1
810.2,31.9,Clay,59.6,6.8,Low,Mango,0.6827,1
2112.9,40.0,Red,27.4,9.7,High,Papaya,0.686,1
1370.3,26.8,Black,51.6,9.9,High,Amla,0.8329,1
978.4,36.6,Loamy,17.8,6.0,Medium,Guava,0.7746,0
578.2,23.4,Loamy,39.5,8.3,High,Pomegranate,0.8276,1
1958.8,32.4,Loamy,27.2,6.3,Medium,Lemon,0.7204,0
3038.2,31.1,Clay,20.7,3.4,Low,Jackfruit,0.7042,0
705.9,23.0,Black,44.5,8.5,Medium,Pomegranate,0.8388,0
438.1,32.1,Red,16.7,11.7,Medium,Guava,0.7668,1
3025.1,20.2,Clay,48.2,9.9,High,Banana,0.7548,1
574.2,25.0,Alluvial,25.5,9.3,Medium,Sapota,0.7998,1
3036.7,18.7,Alluvial,86.1,7.3,High,Banana,0.744,0
3776.9,11.1,Red,26.9,4.4,Medium,Lemon,0.4953,1
701.5,16.1,Alluvial,65.9,7.9,High,Guava,0.7694,1
1812.3,33.9,Red,22.7,11.4,High,Lemon,0.7768,0
1916.0,18.8,Red,26.6,11.1,Medium,Sapota,0.7715,0
2050.2,17.5,Black,38.1,7.9,Medium,Sapota,0.7524,1
1259.2,28.7,Loamy,22.5,10.9,Medium,Pomegranate,0.7929,1
1470.1,30.7,Loamy,90.1,8.6,Medium,Banana,0.7433,1
1691.0,32.4,Alluvial,36.0,9.4,Medium,Guava,0.8041,1
1845.1,36.2,Sandy,73.2,7.7,Medium,Lemon,0.698,0
1134.2,34.2,Alluvial,82.4,7.2,Medium,Lemon,0.7759,1
1578.7,31.3,Red,55.9,10.7,Medium,Lemon,0.8601,1
1535.4,31.4,Alluvial,52.0,6.0,Medium,Sapota,0.7804,1
1778.4,16.8,Black,30.7,7.1,Low,Guava,0.6902,0
341.2,18.6,Sandy,13.3,9.3,High,Pomegranate,0.7611,0
483.6,26.2,Sandy,52.3,8.3,Medium,Lemon,0.7327,1
2316.6,20.7,Black,66.1,7.3,High,Jackfruit,0.6943,0
1309.2,30.6,Loamy,29.3,8.0,High,Lemon,0.7815,1
2814.4,21.9,Clay,86.8,9.9,Medium,Banana,0.7859,1
1134.3,24.7,Loamy,29.3,11.1,Low,Amla,0.8827,1
4011.3,43.0,Sandy,19.5,9.8,Medium,Jackfruit,0.3763,0
1291.1,22.0,Sandy,87.7,4.1,Low,Sapota,0.7801,0
1388.0,32.4,Alluvial,29.6,10.5,Medium,Lemon,0.8057,0
2251.6,43.0,Red,41.2,11.7,High,Mango,0.6401,0
1203.6,23.2,Red,39.2,6.7,Medium,Guava,0.9221,1
362.8,12.0,Red,22.2,8.9,Low,Lemon,0.5913,1
1757.6,21.0,Alluvial,48.9,10.8,Medium,Sapota,0.8018,1
1433.9,24.0,Sandy,47.4,11.3,Medium,Amla,0.8548,0
410.3,36.5,Red,87.0,9.5,Medium,Guava,0.7144,1
2284.7,38.7,Alluvial,65.2,11.4,Medium,Papaya,0.6681,0
1537.8,28.0,Red,26.6,9.2,Medium,Coconut,0.7902,1
1036.3,30.8,Black,41.6,7.5,Medium,Pomegranate,0.8072,1
3971.6,27.1,Alluvial,35.2,8.9,High,Lemon,0.6171,0
1392.6,38.6,Alluvial,77.8,10.4,Medium,Lemon,0.7618,1
2468.2,13.6,Black,42.9,7.6,Medium,Pomegranate,0.5002,0
2682.2,20.7,Alluvial,50.5,11.1,Medium,Banana,0.6851,1
890.7,39.9,Loamy,63.5,8.3,High,Amla,0.9227,1
1855.8,38.4,Loamy,55.8,10.6,Medium,Coconut,0.7552,1
3729.1,19.3,Clay,13.6,7.0,High,Guava,0.6709,0
664.4,26.2,Red,19.5,11.7,Medium,Sapota,0.9045,1
1190.1,33.2,Alluvial,48.4,9.6,Low,Coconut,0.8062,1
1407.0,26.4,Sandy,59.6,11.0,Medium,Lemon,0.8149,1
1952.4,46.5,Red,29.5,9.7,Medium,Banana,0.556,1
574.9,10.8,Black,81.1,9.1,Low,Amla,0.6981,1
1786.1,30.4,Red,90.5,9.7,Medium,Banana,0.7788,1
1271.3,25.2,Alluvial,78.0,7.9,Medium,Coconut,0.8159,1
2479.3,36.0,Clay,83.0,5.0,High,Banana,0.7273,1
2757.3,28.2,Alluvial,73.7,6.8,Medium,Jackfruit,0.736,1
245.5,35.7,Red,43.8,8.1,High,Amla,0.7559,1
2768.4,30.3,Alluvial,50.3,8.3,Low,Jackfruit,0.763,1
1789.9,37.2,Alluvial,55.1,9.9,Low,Lemon,0.6642,0
308.8,39.6,Alluvial,60.3,9.3,Medium,Pomegranate,0.7248,0
2461.9,19.8,Loamy,68.3,5.5,Medium,Banana,0.7331,1
513.6,20.6,Alluvial,41.3,10.0,High,Papaya,0.6615,1
584.7,17.8,Red,37.5,10.4,Low,Sapota,0.733,0
1786.3,23.5,Alluvial,81.4,9.0,Medium,Coconut,0.8324,0
2671.6,32.2,Clay,52.6,8.0,High,Banana,0.7877,0
1846.6,33.3,Sandy,61.1,6.0,Medium,Guava,0.8641,1
969.9,32.2,Clay,73.1,5.5,High,Banana,0.7103,1
3848.3,44.9,Clay,39.4,10.7,Medium,Lemon,0.3831,0
1158.3,23.3,Red,54.3,5.1,Medium,Sapota,0.7424,1
1499.9,18.5,Black,64.7,7.3,Low,Mango,0.6901,1
2918.0,37.7,Alluvial,53.8,7.9,Low,Coconut,0.7709,0
2051.9,21.6,Alluvial,33.4,9.6,Medium,Coconut,0.7741,1
3423.7,19.9,Black,32.1,9.0,High,Guava,0.5635,1
369.8,44.7,Loamy,34.1,9.6,Medium,Amla,0.8375,1
637.2,22.0,Alluvial,73.6,9.1,Medium,Papaya,0.6883,0
803.0,38.4,Clay,78.7,7.3,Medium,Jackfruit,0.6257,1
2091.6,42.3,Loamy,31.8,7.1,Low,Papaya,0.6326,0
1060.4,38.6,Red,18.0,9.4,Low,Lemon,0.7218,1
887.7,18.2,Loamy,48.4,10.8,Medium,Mango,0.7452,0
769.2,43.9,Loamy,34.6,3.1,Medium,Banana,0.4051,1
777.8,34.0,Loamy,20.6,7.0,Low,Papaya,0.7574,1
1396.8,15.1,Loamy,43.0,3.8,Medium,Banana,0.6806,0
1749.4,27.0,Alluvial,90.1,4.6,High,Banana,0.7997,1
1599.6,20.9,Alluvial,77.6,8.7,High,Jackfruit,0.8082,1
3075.7,29.5,Alluvial,81.9,6.4,Medium,Banana,0.7565,0
1156.9,22.9,Black,63.5,8.2,Medium,Pomegranate,0.7747,1
414.8,28.6,Loamy,34.8,7.2,Medium,Pomegranate,0.7591,0
1352.6,30.1,Loamy,13.2,11.6,High,Amla,0.9119,1
1254.0,28.6,Black,46.0,6.0,Medium,Sapota,0.8116,0
238.9,17.5,Black,24.4,5.5,Medium,Pomegranate,0.6718,1
1997.7,33.9,Sandy,32.4,9.4,Low,Sapota,0.8476,1
1619.9,43.9,Clay,50.2,8.8,High,Guava,0.6999,1
2183.9,20.1,Loamy,41.4,6.8,Low,Sapota,0.8006,1
2868.4,40.4,Alluvial,8.1,11.4,Low,Lemon,0.5175,0
1371.5,33.3,Alluvial,60.2,8.9,Medium,Sapota,0.8304,1
2471.5,31.8,Alluvial,45.2,9.4,High,Mango,0.6859,0
2690.7,28.4,Loamy,20.9,10.2,High,Banana,0.6482,1
1474.1,33.6,Alluvial,41.6,9.8,Medium,Amla,0.8783,1
1005.8,35.5,Red,50.7,8.1,Medium,Papaya,0.7857,1
1299.7,40.9,Loamy,82.9,7.9,Medium,Mango,0.6354,0
2743.6,28.8,Black,59.2,9.1,High,Guava,0.6209,1
3461.5,36.4,Sandy,54.5,11.3,Medium,Lemon,0.6613,1
1089.0,29.7,Red,16.3,10.8,Medium,Pomegranate,0.7697,0
386.1,28.3,Clay,30.3,8.6,Medium,Amla,0.861,1
2193.1,33.2,Black,85.8,9.8,Medium,Sapota,0.7766,1
1957.3,21.4,Clay,53.9,10.5,Medium,Banana,0.7286,1
678.0,21.8,Red,54.9,11.3,High,Pomegranate,0.8045,1
853.7,14.7,Black,12.9,9.6,Medium,Pomegranate,0.7253,1
1862.6,17.0,Alluvial,73.9,10.2,High,Lemon,0.6986,1
367.1,20.7,Loamy,72.9,6.8,Low,Lemon,0.727,1
771.9,25.2,Black,17.5,9.3,High,Pomegranate,0.8759,1
1393.3,31.9,Loamy,43.1,7.8,Medium,Mango,0.7718,0
3130.2,15.7,Loamy,42.8,5.9,Medium,Pomegranate,0.6347,1
792.2,17.7,Loamy,46.0,8.0,Low,Guava,0.773,1
1964.4,37.3,Red,35.5,5.8,Medium,Mango,0.7993,1
892.9,37.4,Clay,34.0,5.5,High,Papaya,0.6366,0
679.4,20.1,Alluvial,63.8,8.0,Low,Papaya,0.643,0
1259.0,19.2,Red,59.1,6.9,Low,Banana,0.8043,1
1740.4,23.2,Clay,39.8,9.6,Medium,Amla,0.7696,1
1565.7,22.6,Red,80.9,11.0,Medium,Banana,0.787,0
597.8,38.4,Loamy,61.0,8.6,Medium,Lemon,0.7413,1
1636.8,30.7,Red,80.8,6.7,Medium,Sapota,0.7799,1
2786.9,30.1,Loamy,37.9,4.8,Low,Coconut,0.7411,0
2681.9,33.4,Loamy,39.1,7.8,Low,Jackfruit,0.7691,1
2626.0,32.8,Loamy,35.7,4.9,High,Banana,0.7537,1
627.3,29.3,Black,7.8,5.3,Medium,Amla,0.7691,1
1005.9,27.6,Alluvial,27.2,7.0,High,Papaya,0.7699,0
1524.2,36.1,Sandy,10.5,7.4,Medium,Amla,0.8486,1
1947.2,25.2,Alluvial,64.9,9.3,High,Sapota,0.7574,0
2069.5,23.0,Loamy,51.9,6.9,Medium,Jackfruit,0.8106,1
2829.8,30.0,Red,63.6,8.9,High,Coconut,0.7226,1
1393.9,21.6,Alluvial,50.6,8.2,Medium,Coconut,0.7493,1
1276.0,28.4,Red,83.7,6.0,Low,Mango,0.6844,1
1311.4,22.8,Clay,53.6,6.3,Medium,Amla,0.9064,1
1805.4,39.8,Black,47.2,10.2,Low,Mango,0.7189,1
465.1,36.0,Alluvial,48.9,5.3,Medium,Sapota,0.7606,1
1713.9,32.2,Clay,60.5,9.2,Medium,Banana,0.7338,1
1006.0,18.7,Black,61.0,8.1,Medium,Mango,0.6238,1
2429.6,25.3,Alluvial,75.4,11.8,Medium,Jackfruit,0.8206,0
1480.2,37.6,Sandy,54.5,11.3,Medium,Papaya,0.7082,0
1342.4,31.4,Sandy,46.2,6.8,Low,Lemon,0.7712,0
2289.7,34.2,Loamy,46.3,11.0,Low,Jackfruit,0.8283,1
534.0,33.3,Red,23.3,11.1,Medium,Mango,0.6837,1
1303.1,20.3,Loamy,22.3,9.5,Low,Pomegranate,0.7358,1
1379.3,41.7,Loamy,74.4,7.0,High,Amla,0.8074,1
1758.4,20.7,Alluvial,14.3,7.6,High,Amla,0.81,1
1544.7,18.9,Red,35.8,7.0,Medium,Banana,0.6714,1
2442.5,21.5,Red,30.5,9.6,Medium,Coconut,0.6337,1
1355.1,39.4,Clay,54.8,5.3,High,Amla,0.7984,1
1153.5,16.1,Sandy,23.3,9.7,High,Pomegranate,0.7192,1
703.8,32.2,Clay,50.1,6.9,Medium,Amla,0.89,1
594.3,27.1,Sandy,64.6,10.7,High,Papaya,0.7579,0
789.6,37.1,Alluvial,90.6,4.6,Medium,Jackfruit,0.7087,1
808.9,19.3,Loamy,64.7,9.5,Low,Sapota,0.7626,0
1455.5,29.0,Loamy,68.1,11.5,Medium,Lemon,0.8297,0
1653.0,25.3,Alluvial,84.5,7.6,High,Coconut,0.8615,1
1060.6,34.5,Sandy,21.9,6.8,High,Lemon,0.849,1
503.8,37.8,Black,72.4,8.6,Medium,Pomegranate,0.8564,1
4173.4,37.2,Black,70.6,11.2,Medium,Coconut,0.5346,1
1748.8,34.7,Red,53.3,8.2,Low,Papaya,0.7382,1
708.7,27.8,Red,67.1,8.9,Medium,Sapota,0.8298,1
449.7,37.1,Loamy,33.6,6.6,Medium,Amla,0.911,1
272.1,20.1,Loamy,31.4,11.2,Low,Amla,0.8382,1
2009.0,34.9,Loamy,36.8,6.4,Low,Papaya,0.7498,1
1396.7,38.1,Alluvial,25.5,11.0,Medium,Pomegranate,0.6465,1
1742.3,24.6,Red,57.8,6.6,Low,Banana,0.7355,1
2238.5,17.2,Black,20.6,9.4,Low,Papaya,0.5729,1
943.0,11.3,Loamy,39.3,6.7,Low,Lemon,0.744,1
575.0,36.7,Clay,70.9,3.6,High,Sapota,0.6662,1
541.0,30.7,Clay,7.7,9.1,High,Amla,0.8421,1
1496.2,32.2,Red,30.8,10.4,High,Guava,0.8714,1
1193.4,23.7,Sandy,63.7,5.1,Medium,Sapota,0.8207,1
2307.1,22.0,Clay,28.2,3.3,Medium,Mango,0.6111,1
995.9,20.6,Red,9.9,7.3,Low,Pomegranate,0.8389,1
1139.1,35.0,Red,47.6,7.4,Low,Coconut,0.7795,1
1401.7,43.0,Sandy,21.9,7.6,Low,Amla,0.8104,1
1870.1,31.5,Clay,46.1,11.2,High,Amla,0.8222,1
1657.2,16.0,Alluvial,49.7,5.8,Medium,Coconut,0.6079,0
1182.8,38.4,Sandy,23.2,6.0,Medium,Papaya,0.7286,0
941.7,36.6,Loamy,38.8,9.0,Medium,Pomegranate,0.7808,0
1041.3,20.5,Black,56.0,7.0,High,Banana,0.7171,0
1779.6,26.8,Sandy,44.5,7.2,Low,Sapota,0.8538,1
1665.7,27.6,Sandy,59.8,6.4,High,Coconut,0.7763,0
762.3,21.6,Clay,35.6,9.6,Medium,Jackfruit,0.6824,0
905.8,18.4,Black,71.8,8.8,Medium,Pomegranate,0.7524,1
1711.5,27.0,Sandy,34.2,9.4,Medium,Amla,0.871,1
413.8,17.5,Sandy,68.5,8.2,High,Banana,0.37,1
940.7,22.7,Alluvial,67.4,7.1,Low,Pomegranate,0.7584,1
1349.2,30.1,Sandy,37.7,9.2,Medium,Guava,0.8133,0
1414.2,23.0,Clay,68.6,4.2,High,Jackfruit,0.7275,1
852.3,31.3,Loamy,38.9,8.0,Medium,Mango,0.7284,0
1006.4,27.4,Loamy,63.4,5.4,High,Jackfruit,0.7081,1
2489.8,13.8,Loamy,9.9,10.2,High,Banana,0.511,1
774.4,39.4,Alluvial,69.8,7.5,Low,Sapota,0.8181,1
1191.0,32.5,Loamy,48.6,4.6,Medium,Banana,0.8584,1
2536.4,11.9,Black,22.9,4.8,Medium,Papaya,0.4183,0
448.4,24.2,Red,15.1,8.5,Medium,Pomegranate,0.8352,0
594.2,17.8,Clay,63.1,10.3,High,Guava,0.7005,1
955.8,16.4,Clay,33.9,7.0,Medium,Guava,0.7876,1
2882.0,41.8,Alluvial,9.6,7.8,Medium,Lemon,0.4684,1
3299.4,34.7,Clay,22.9,6.6,Low,Banana,0.5389,0
3311.7,28.0,Red,14.4,5.7,High,Jackfruit,0.6248,1
1056.2,16.9,Alluvial,21.8,9.5,Medium,Pomegranate,0.7347,1
3495.2,34.2,Red,10.6,8.9,Medium,Guava,0.607,1
1535.8,18.2,Loamy,70.4,8.5,Low,Lemon,0.7865,1
575.2,24.3,Loamy,48.3,6.4,Medium,Mango,0.7597,0
526.7,36.9,Clay,71.8,8.0,Medium,Coconut,0.569,1
1438.9,35.8,Sandy,33.1,10.6,Medium,Papaya,0.7243,1
403.2,20.0,Black,78.9,7.7,Medium,Sapota,0.6315,0
1304.4,24.8,Alluvial,15.1,8.8,High,Guava,0.8583,1
1756.2,25.1,Clay,78.5,6.7,Medium,Amla,0.7852,0
1573.5,31.7,Clay,59.6,5.5,Medium,Banana,0.7929,1
3110.6,21.8,Sandy,27.6,10.1,Medium,Sapota,0.6003,1
2067.3,23.1,Red,27.8,9.6,Medium,Papaya,0.7354,1
3250.1,15.1,Alluvial,36.3,4.3,Low,Pomegranate,0.5152,1
1432.1,25.6,Sandy,43.9,6.5,Low,Amla,0.9173,1
569.7,22.8,Sandy,64.8,10.1,Medium,Pomegranate,0.7865,1
934.4,21.3,Alluvial,71.7,9.6,Medium,Coconut,0.7731,1
1597.2,30.4,Loamy,52.3,10.6,Medium,Papaya,0.7362,1
1757.9,39.0,Loamy,45.2,10.4,Medium,Sapota,0.7968,1
616.5,29.1,Black,88.6,5.2,Medium,Sapota,0.7334,1
404.5,28.1,Black,14.5,11.3,Medium,Amla,0.8719,1
492.7,23.1,Black,46.9,10.9,Low,Pomegranate,0.8843,0
1588.5,38.9,Red,79.2,9.0,Medium,Papaya,0.6867,1
1356.0,41.2,Black,69.5,9.0,Medium,Pomegranate,0.664,1
1347.2,15.3,Clay,68.8,11.8,Low,Jackfruit,0.6323,0
2250.2,42.8,Black,64.7,7.6,High,Coconut,0.5961,1
567.0,19.1,Red,19.3,9.2,Medium,Amla,0.8978,1
913.8,13.0,Red,89.6,5.3,Low,Mango,0.5,1
1187.2,17.3,Alluvial,18.4,7.8,Low,Lemon,0.7362,1
1329.6,41.6,Loamy,27.7,8.4,Medium,Papaya,0.6781,1
1633.7,23.0,Loamy,55.2,9.8,High,Sapota,0.8019,1
3620.1,11.3,Clay,25.6,3.9,High,Amla,0.4923,0
985.2,26.7,Loamy,79.6,6.5,High,Lemon,0.7646,0
1576.3,37.4,Red,85.3,8.0,Medium,Banana,0.7658,1
2074.0,32.4,Sandy,41.6,10.3,Low,Sapota,0.7397,1
2626.7,31.1,Loamy,80.7,8.0,Medium,Coconut,0.8106,0
819.6,37.7,Loamy,54.3,4.6,Medium,Jackfruit,0.698,1
1466.4,33.9,Red,74.0,9.3,Medium,Papaya,0.753,1
602.8,39.9,Loamy,44.3,11.3,Medium,Sapota,0.7073,1
2757.2,36.7,Red,87.8,6.4,High,Jackfruit,0.6548,1
2123.6,11.5,Black,19.8,6.9,Low,Mango,0.5611,0
504.0,34.9,Clay,14.9,11.1,Medium,Coconut,0.5839,1
871.9,32.9,Red,65.3,7.9,Medium,Pomegranate,0.8251,1
811.1,16.8,Black,25.2,8.4,Medium,Banana,0.4068,0
574.1,31.0,Sandy,67.6,5.5,High,Banana,0.5383,0
2199.7,31.4,Loamy,39.8,10.0,Low,Papaya,0.6906,0
1860.5,22.0,Red,64.7,6.5,High,Sapota,0.7766,1
534.6,17.3,Black,46.3,7.8,Medium,Amla,0.8742,1
397.3,28.8,Loamy,78.1,10.6,High,Coconut,0.6483,1
2399.8,32.3,Sandy,94.6,6.5,Low,Coconut,0.801,1
1166.6,21.2,Loamy,53.2,6.1,Medium,Sapota,0.8303,1
1428.5,21.2,Loamy,30.0,5.0,Low,Lemon,0.7887,1
2134.8,22.0,Alluvial,76.0,9.1,Low,Mango,0.6749,0
827.5,26.6,Red,70.0,6.9,High,Coconut,0.8122,1
2673.6,24.5,Sandy,67.2,8.9,Low,Banana,0.7651,1
1062.8,36.1,Red,40.7,7.5,High,Sapota,0.8321,0
2345.7,14.3,Alluvial,19.4,10.4,High,Coconut,0.6338,1
936.2,38.1,Alluvial,64.0,6.8,Medium,Guava,0.8988,1
4044.5,18.4,Loamy,80.6,6.8,Low,Papaya,0.4542,1
1761.5,41.7,Red,17.5,8.9,Low,Lemon,0.6044,0
1783.8,15.1,Red,21.9,6.9,Medium,Lemon,0.7544,1
1592.4,31.0,Alluvial,61.4,9.9,High,Mango,0.7092,0
4025.6,20.1,Clay,29.1,11.0,Medium,Guava,0.6525,1
1254.4,37.4,Red,32.9,6.4,High,Papaya,0.6897,1
770.6,31.3,Alluvial,66.9,6.8,High,Coconut,0.6903,1
695.4,19.6,Alluvial,56.0,11.0,Medium,Guava,0.8244,1
953.7,27.0,Red,81.9,7.0,Medium,Coconut,0.7612,1
1885.5,24.7,Alluvial,39.1,11.4,Medium,Coconut,0.7859,1
743.5,19.3,Red,37.5,6.7,Low,Pomegranate,0.7886,1
2492.3,21.3,Black,67.7,9.3,Low,Mango,0.7308,1
1143.6,40.0,Loamy,47.7,8.9,Medium,Amla,0.8438,0
2836.8,29.4,Loamy,82.1,6.8,High,Banana,0.8013,1
1760.0,28.6,Red,30.2,11.3,High,Papaya,0.8093,1
990.8,18.8,Red,81.6,8.2,High,Lemon,0.7536,0
1372.3,20.2,Red,32.9,6.6,Medium,Sapota,0.8995,0
2371.7,24.4,Alluvial,38.9,10.7,Low,Coconut,0.7893,1
3975.8,18.6,Sandy,52.8,5.9,Low,Coconut,0.4855,1
1638.6,39.3,Clay,75.1,7.5,High,Banana,0.6852,0
1890.9,31.6,Red,37.8,6.7,Low,Coconut,0.8093,0
2703.7,45.0,Loamy,8.2,9.9,High,Guava,0.5024,0
2133.7,47.5,Black,68.9,5.1,High,Jackfruit,0.6502,0
1187.3,35.5,Loamy,26.7,10.1,Low,Guava,0.8837,0
2759.8,32.5,Sandy,56.9,6.8,Low,Coconut,0.7633,1
1956.6,32.7,Sandy,88.5,6.2,High,Sapota,0.6152,1
1631.8,26.3,Clay,44.5,11.4,Medium,Guava,0.8746,1
2601.0,39.5,Alluvial,69.6,7.5,High,Coconut,0.7261,0
1244.2,21.8,Black,77.6,5.6,Low,Mango,0.6924,1
2410.2,31.3,Clay,84.1,10.8,Medium,Jackfruit,0.7079,1
2327.4,25.2,Red,42.0,8.9,Low,Lemon,0.6881,0
359.2,39.2,Loamy,89.0,8.6,Medium,Guava,0.6713,0
1328.0,32.4,Red,62.4,8.8,High,Banana,0.7018,0
1264.0,17.1,Black,57.0,9.1,Medium,Sapota,0.7672,1
1771.6,19.8,Clay,36.2,10.1,High,Mango,0.6488,1
251.4,33.6,Black,12.7,7.8,Low,Amla,0.8063,1
1868.5,33.2,Red,53.7,6.1,Medium,Amla,0.7684,1
1342.4,23.7,Black,87.4,6.4,Medium,Sapota,0.757,1
1771.0,19.6,Loamy,65.8,7.9,Medium,Sapota,0.7542,0
325.0,26.3,Loamy,49.0,8.6,Medium,Lemon,0.7115,1
936.2,27.1,Clay,84.5,10.9,Low,Guava,0.8259,1
2037.5,17.7,Red,54.0,8.5,Medium,Jackfruit,0.7812,0
359.4,47.8,Red,59.2,11.8,Medium,Guava,0.5693,1
2790.3,10.1,Clay,27.8,7.4,Medium,Guava,0.4757,0
2549.5,13.2,Loamy,45.5,9.8,Medium,Mango,0.5262,1
363.8,10.8,Sandy,82.8,7.9,Low,Sapota,0.5176,0
1529.9,30.4,Sandy,56.2,7.7,Low,Coconut,0.7245,1
2473.5,39.3,Alluvial,79.9,6.9,Low,Jackfruit,0.7409,1
1716.8,42.0,Red,56.4,7.3,Medium,Amla,0.827,1
2826.4,39.8,Red,43.3,9.6,High,Pomegranate,0.6214,1
752.5,16.7,Alluvial,62.9,6.9,Medium,Coconut,0.6085,0
2476.2,18.2,Red,94.1,9.2,High,Papaya,0.5266,0
3610.2,45.6,Black,12.7,6.5,Medium,Mango,0.4127,1
2204.5,37.3,Black,51.6,7.3,High,Mango,0.7431,1
2141.0,33.3,Alluvial,44.0,8.1,Medium,Coconut,0.7967,1
2296.3,25.8,Loamy,82.0,6.2,Medium,Mango,0.6545,1
1429.4,15.3,Clay,59.4,11.2,High,Amla,0.7847,1
2588.3,38.1,Red,58.7,9.7,Low,Jackfruit,0.6951,0
1454.2,16.5,Clay,21.6,7.8,High,Amla,0.831,1
4058.6,31.0,Black,55.0,7.3,Medium,Pomegranate,0.6521,1
804.9,30.0,Loamy,90.0,6.1,Low,Coconut,0.7006,1
2740.4,44.4,Red,67.8,6.3,High,Guava,0.5165,1
698.4,28.2,Clay,12.7,3.2,Medium,Guava,0.7424,1
972.6,39.2,Red,54.7,6.7,Low,Guava,0.7713,1
2718.8,38.9,Sandy,68.3,10.4,Medium,Coconut,0.6761,1
654.4,38.3,Red,59.4,5.8,Medium,Guava,0.8112,1
905.6,25.5,Red,30.9,7.0,Low,Mango,0.7247,1
3703.6,47.1,Alluvial,80.7,10.9,High,Jackfruit,0.351,1
4134.0,23.0,Alluvial,18.0,4.7,Low,Amla,0.6338,0
1468.1,32.5,Clay,79.9,5.8,Low,Jackfruit,0.7952,1
1540.8,36.1,Red,84.2,9.6,Medium,Banana,0.7795,1
2404.8,10.9,Sandy,41.9,9.8,Low,Papaya,0.5547,1
2823.4,35.8,Red,92.6,6.3,Medium,Banana,0.7801,0
3272.4,26.2,Black,23.6,3.4,High,Sapota,0.6099,1
1656.0,39.0,Red,46.2,6.3,Medium,Mango,0.7965,1
300.6,18.7,Alluvial,43.1,5.3,Low,Guava,0.6781,1
260.1,34.2,Loamy,43.6,8.7,Medium,Sapota,0.7115,1
925.9,27.9,Red,92.7,9.8,High,Coconut,0.7208,0
3196.0,40.0,Black,14.6,7.3,Medium,Papaya,0.4932,0
2091.3,33.1,Sandy,46.0,9.2,Medium,Sapota,0.8077,1
1604.4,31.1,Alluvial,56.7,8.0,Medium,Lemon,0.7658,1
374.9,15.6,Alluvial,93.6,5.0,Low,Sapota,0.5815,1
1212.5,34.2,Alluvial,50.0,8.0,Medium,Lemon,0.8146,1
1582.3,17.1,Alluvial,62.6,8.8,Medium,Lemon,0.8096,1
955.7,31.6,Sandy,13.4,9.6,High,Pomegranate,0.8373,0
1727.6,37.1,Loamy,63.6,4.5,Medium,Banana,0.7551,0
1806.5,39.9,Sandy,51.9,10.7,Medium,Coconut,0.7104,1
1185.5,28.3,Loamy,74.0,6.2,Medium,Mango,0.7752,1
3595.5,19.8,Sandy,57.8,4.0,High,Jackfruit,0.5539,0
2653.3,41.8,Loamy,67.6,3.9,High,Jackfruit,0.5864,1
912.6,35.5,Sandy,71.9,9.8,Medium,Pomegranate,0.7839,1
1519.8,37.0,Black,70.7,9.7,Low,Sapota,0.7892,1
1860.6,28.5,Loamy,45.7,11.1,Medium,Coconut,0.7908,0
1091.9,19.9,Sandy,72.8,7.4,High,Papaya,0.6717,0
2014.0,25.6,Red,92.1,6.4,Low,Coconut,0.7656,1
606.9,26.0,Clay,54.6,8.2,Medium,Amla,0.9288,1
907.5,15.3,Alluvial,69.2,8.8,Low,Lemon,0.7334,1
1992.8,36.6,Loamy,63.8,9.2,Low,Mango,0.742,1
1283.5,32.9,Loamy,36.5,3.5,Low,Amla,0.8427,1
4085.6,43.7,Sandy,15.1,6.9,High,Pomegranate,0.5394,1
239.3,20.6,Red,26.9,7.0,Medium,Amla,0.7476,1
1054.3,16.3,Sandy,19.9,11.0,Low,Pomegranate,0.7804,1
1775.8,39.2,Black,28.7,9.2,Medium,Sapota,0.7388,0
1196.3,42.7,Loamy,32.0,9.3,Low,Amla,0.9021,1
1755.8,31.8,Sandy,51.1,4.1,Medium,Pomegranate,0.6397,0
455.1,23.2,Clay,53.6,7.6,Medium,Guava,0.7478,1
1296.9,40.6,Black,13.5,7.1,Medium,Pomegranate,0.7495,1
278.6,18.7,Loamy,35.5,8.3,Medium,Pomegranate,0.7723,1
594.5,32.6,Sandy,58.1,8.4,Medium,Papaya,0.7573,1
1294.2,33.1,Red,60.2,7.1,Low,Jackfruit,0.7769,1
2462.4,26.0,Loamy,78.4,7.8,Medium,Jackfruit,0.8422,1
1852.4,26.2,Red,74.3,8.5,Low,Jackfruit,0.7578,1
689.4,34.6,Loamy,75.0,6.4,Low,Guava,0.8373,0
2949.9,30.7,Red,31.9,8.5,Medium,Jackfruit,0.6825,0
1499.6,28.2,Red,89.6,7.5,Medium,Banana,0.7983,0
2719.5,23.7,Black,41.5,11.7,Medium,Mango,0.6516,1
2494.0,35.6,Red,58.9,6.4,Low,Mango,0.6177,1
876.7,32.5,Red,30.3,6.4,Low,Coconut,0.7066,0
2512.7,12.3,Black,47.3,4.2,High,Banana,0.5868,0
978.7,33.6,Sandy,59.8,10.1,Low,Coconut,0.7997,1
1468.0,22.9,Sandy,48.4,7.4,Low,Sapota,0.8282,1
2039.9,22.5,Red,54.9,10.2,Low,Papaya,0.7585,1
2214.5,28.4,Sandy,59.8,10.6,Medium,Papaya,0.6803,1
1800.7,27.2,Sandy,64.1,6.4,High,Coconut,0.774,1
1131.0,42.0,Red,65.9,9.0,Low,Pomegranate,0.7281,1
1199.1,25.0,Clay,66.4,6.5,High,Jackfruit,0.7404,1
529.3,15.9,Clay,25.6,7.6,High,Papaya,0.4832,0
406.2,35.1,Clay,88.2,8.6,Medium,Papaya,0.4916,1
1193.4,33.2,Alluvial,32.6,10.4,Low,Pomegranate,0.7104,1
3018.6,16.8,Sandy,84.2,5.1,High,Jackfruit,0.5792,1
1890.8,39.7,Sandy,32.8,11.4,Medium,Coconut,0.7225,1
1228.0,24.6,Red,64.8,9.7,Low,Papaya,0.727,1
516.2,38.2,Red,21.7,11.0,Medium,Pomegranate,0.846,1
1350.8,29.2,Alluvial,34.4,11.2,Medium,Papaya,0.6851,1
1605.6,18.8,Red,65.0,7.3,Medium,Banana,0.7513,0
1864.9,39.4,Loamy,29.0,7.1,High,Jackfruit,0.7051,1
4191.7,47.7,Clay,70.6,10.0,Low,Jackfruit,0.4662,1
1166.5,28.4,Loamy,45.9,8.7,High,Banana,0.8029,0
2093.8,26.8,Sandy,38.7,7.3,Low,Coconut,0.8153,1
1783.0,35.7,Loamy,85.2,7.1,High,Sapota,0.8425,1
534.9,27.8,Loamy,70.6,3.6,Medium,Amla,0.7954,1
3537.1,29.9,Clay,86.3,4.3,Low,Banana,0.5856,0
1801.7,34.3,Sandy,84.7,6.8,High,Guava,0.7949,0
4187.3,30.9,Clay,52.8,8.9,High,Pomegranate,0.5801,0
1346.6,21.3,Loamy,45.5,7.6,Medium,Coconut,0.7625,0
2663.9,17.1,Sandy,37.0,10.1,Medium,Mango,0.5402,0
2581.0,34.8,Loamy,34.9,7.9,Medium,Coconut,0.809,1
344.7,26.8,Sandy,46.3,8.1,Medium,Pomegranate,0.7759,0
1138.4,39.9,Red,46.6,10.0,Medium,Mango,0.7037,0
947.3,35.6,Loamy,39.8,6.6,Medium,Mango,0.7435,1
999.9,37.3,Loamy,48.1,10.0,Medium,Pomegranate,0.8546,1
2792.8,24.9,Loamy,78.9,8.8,Medium,Jackfruit,0.731,1
1530.8,19.2,Red,38.1,10.9,Medium,Mango,0.6735,1
2280.6,47.9,Black,34.3,7.7,Medium,Coconut,0.6082,1
3868.3,36.4,Loamy,42.0,3.6,High,Amla,0.5967,0
861.7,29.7,Red,40.0,6.2,High,Amla,0.818,1
640.3,22.3,Alluvial,26.5,9.0,High,Pomegranate,0.8215,1
1034.4,28.7,Red,82.1,4.7,High,Banana,0.7452,1
731.4,43.0,Alluvial,38.4,7.3,Medium,Amla,0.8924,1
658.6,23.1,Alluvial,54.5,8.5,Medium,Papaya,0.7277,1
1493.2,27.3,Red,68.5,5.9,High,Jackfruit,0.8189,1
1118.0,40.3,Red,39.6,10.2,High,Amla,0.8956,1
1039.9,23.3,Black,51.4,9.0,Low,Pomegranate,0.7519,1
1056.9,35.7,Sandy,78.3,9.8,High,Guava,0.8572,0
1309.4,40.9,Loamy,61.7,7.3,Medium,Mango,0.753,0
973.8,28.3,Loamy,36.9,7.8,Medium,Amla,0.9062,1
3715.9,16.5,Alluvial,62.8,4.5,High,Amla,0.6291,1
765.3,21.8,Sandy,58.0,8.1,Medium,Guava,0.8473,1
682.0,37.8,Red,34.8,6.8,Medium,Guava,0.8906,1
1120.5,23.6,Black,21.2,10.1,Medium,Pomegranate,0.7899,0
3519.9,13.2,Red,12.1,10.0,Medium,Sapota,0.4865,0
2432.4,18.5,Sandy,89.8,9.3,Medium,Guava,0.625,1
1119.4,15.1,Red,28.7,6.3,Medium,Lemon,0.7059,1
3458.9,29.3,Clay,83.2,7.2,Medium,Sapota,0.5547,0
1714.6,38.9,Loamy,76.9,9.8,Medium,Banana,0.6569,0
634.8,30.9,Sandy,29.1,9.3,High,Lemon,0.8798,1
984.9,23.0,Red,79.0,10.1,High,Coconut,0.7789,0
1744.8,37.9,Alluvial,11.2,6.7,Low,Amla,0.8284,0
209.1,32.0,Sandy,46.2,6.4,Medium,Amla,0.7857,1
1587.6,24.1,Loamy,69.6,6.8,Medium,Banana,0.7725,1
556.5,32.4,Alluvial,42.2,11.2,Medium,Mango,0.6976,1
3552.6,39.8,Loamy,65.8,8.6,High,Pomegranate,0.6056,1
1356.9,28.2,Red,57.6,7.3,Low,Pomegranate,0.7227,1
1081.4,30.6,Black,66.8,7.5,Medium,Amla,0.893,1
2042.4,29.6,Black,25.6,11.3,Low,Mango,0.7416,1
2339.1,38.1,Red,22.8,8.0,Low,Amla,0.7163,0
1751.1,22.4,Alluvial,52.2,9.8,High,Banana,0.7387,1
1690.0,34.6,Loamy,10.5,10.1,Medium,Amla,0.8194,1
2999.0,17.0,Clay,78.7,7.5,Low,Lemon,0.4643,0
1201.9,26.0,Black,39.3,7.4,Low,Pomegranate,0.7256,1
880.4,38.9,Alluvial,62.9,9.9,Medium,Pomegranate,0.8122,1
2161.3,25.3,Black,24.7,11.1,Low,Mango,0.783,1
1876.1,40.1,Loamy,33.8,5.9,Medium,Papaya,0.6876,0
849.2,29.0,Sandy,88.6,10.4,Medium,Jackfruit,0.7293,1
1810.5,24.2,Sandy,65.9,5.3,High,Sapota,0.7946,1
1703.5,30.2,Clay,89.8,9.1,Low,Guava,0.7747,1
2057.3,38.1,Red,36.6,9.8,High,Guava,0.7647,1
3584.4,32.1,Alluvial,85.4,6.4,Low,Coconut,0.6275,1
2423.3,39.4,Black,55.2,8.4,High,Pomegranate,0.5955,0
1197.6,20.8,Alluvial,16.2,6.9,Medium,Guava,0.8654,1
719.0,23.8,Red,29.6,6.2,Medium,Sapota,0.7466,1
1388.1,31.7,Clay,60.2,8.0,Medium,Banana,0.7688,0
1265.3,37.6,Loamy,15.0,11.4,Low,Pomegranate,0.7006,0
3493.4,42.5,Sandy,14.6,8.0,High,Banana,0.4099,0
1360.8,34.6,Loamy,30.4,8.8,Medium,Papaya,0.7519,1
2305.4,25.7,Red,25.9,11.1,Medium,Coconut,0.7816,1
571.2,31.8,Alluvial,67.5,8.4,Low,Pomegranate,0.8128,1
1788.6,22.2,Alluvial,38.8,8.3,Medium,Jackfruit,0.7845,1
1450.6,26.9,Loamy,34.8,8.7,Medium,Sapota,0.7888,1
956.0,37.9,Alluvial,60.0,6.7,Medium,Lemon,0.7586,0
1115.8,36.4,Red,73.4,9.7,Medium,Guava,0.7933,1
1396.3,39.5,Black,12.7,10.4,High,Pomegranate,0.7311,1
978.8,19.5,Alluvial,38.1,11.2,High,Amla,0.8957,1
1404.7,36.5,Black,32.4,10.3,Medium,Sapota,0.7638,0
625.4,38.5,Sandy,55.3,7.1,Medium,Papaya,0.5764,1
3070.3,38.0,Clay,64.0,6.7,Medium,Banana,0.6639,0
1045.5,30.8,Black,42.7,6.3,Medium,Mango,0.7715,0
1674.6,21.7,Loamy,66.9,6.1,Low,Coconut,0.7216,1
996.5,31.2,Alluvial,76.5,9.6,Medium,Papaya,0.6629,1
1514.4,36.7,Red,35.1,8.5,High,Papaya,0.796,1
2284.9,41.3,Clay,43.8,11.1,High,Mango,0.5402,1
1966.3,36.5,Red,90.7,7.5,High,Pomegranate,0.4485,0
3391.3,26.6,Alluvial,78.6,4.1,Medium,Mango,0.4788,1
2282.6,27.3,Loamy,86.2,9.6,Low,Jackfruit,0.7291,1
1079.2,32.7,Red,50.5,6.9,Medium,Lemon,0.8196,1
2756.6,34.4,Alluvial,38.2,4.7,Medium,Jackfruit,0.7752,0
2319.5,35.5,Red,33.7,9.6,Medium,Coconut,0.7764,1
1136.3,35.1,Red,60.7,5.7,Medium,Guava,0.8272,1
456.2,33.2,Alluvial,48.7,9.2,High,Pomegranate,0.8225,0
2056.7,19.3,Black,55.3,7.1,Medium,Mango,0.7591,1
2479.6,11.5,Black,76.7,3.6,Low,Banana,0.4836,1
1192.9,39.0,Alluvial,68.9,6.3,Medium,Coconut,0.7819,1
847.1,34.6,Loamy,70.6,11.1,Medium,Lemon,0.7904,1
2044.5,25.3,Alluvial,63.1,6.4,High,Mango,0.6775,0
628.4,36.4,Alluvial,24.5,9.5,Low,Sapota,0.8553,1
1528.5,26.9,Loamy,80.0,5.0,Low,Banana,0.7494,1
1818.0,27.3,Red,68.5,10.4,Low,Mango,0.7185,1
1602.0,31.2,Loamy,66.8,11.1,Medium,Amla,0.8752,1
1720.6,37.2,Loamy,70.9,10.0,High,Lemon,0.6994,1
2786.7,37.2,Alluvial,29.0,9.4,High,Coconut,0.7305,0
3722.3,33.1,Sandy,82.5,3.1,Low,Guava,0.5676,0
2088.5,36.8,Alluvial,78.9,5.1,Low,Banana,0.6839,1
1915.9,12.6,Alluvial,83.1,9.9,Low,Banana,0.579,0
1390.7,41.3,Black,69.7,9.4,High,Pomegranate,0.652,0
994.9,25.9,Red,14.1,6.8,Medium,Pomegranate,0.7205,0
2088.3,34.8,Alluvial,82.4,8.3,High,Coconut,0.8544,1
1647.4,44.9,Alluvial,57.5,8.9,Medium,Coconut,0.6305,0
1580.7,30.4,Loamy,67.2,10.7,Medium,Coconut,0.8212,1
2606.0,31.1,Red,94.1,7.2,Low,Coconut,0.8337,1
337.9,22.8,Red,64.9,9.2,Medium,Pomegranate,0.66,1
3909.3,31.0,Black,45.3,11.7,Medium,Coconut,0.6126,1
1127.4,31.0,Red,25.9,9.6,Low,Mango,0.733,1
1196.1,31.1,Alluvial,88.5,6.4,Medium,Coconut,0.7773,1
2199.5,42.9,Sandy,66.5,5.8,Medium,Sapota,0.594,1
2305.9,22.1,Red,49.7,10.0,Medium,Coconut,0.7896,0
1335.4,35.2,Alluvial,36.1,9.5,Low,Sapota,0.7713,1
447.3,24.9,Red,85.5,11.5,Medium,Jackfruit,0.5702,1
1721.4,36.6,Sandy,61.3,7.4,Medium,Lemon,0.6801,1
862.7,35.3,Red,37.7,7.4,Low,Mango,0.7676,1
1230.0,27.7,Loamy,20.8,6.2,Medium,Guava,0.8305,1
1068.9,33.4,Alluvial,77.9,6.8,Low,Papaya,0.7339,1
3324.4,20.7,Alluvial,58.3,7.5,High,Pomegranate,0.5985,0
439.2,38.5,Black,83.2,9.1,Low,Sapota,0.6795,1
1535.7,34.4,Loamy,50.6,9.9,Low,Amla,0.8457,0
1545.1,27.4,Loamy,45.6,11.2,Medium,Banana,0.8439,1
1324.0,28.9,Red,42.0,10.1,High,Lemon,0.7908,1
2685.1,37.7,Red,68.0,6.4,Low,Jackfruit,0.7535,1
2315.9,35.4,Red,91.9,7.1,Medium,Banana,0.7686,1
904.3,29.6,Red,42.2,8.7,Medium,Mango,0.7883,1
778.5,22.7,Alluvial,59.5,8.2,Medium,Jackfruit,0.7397,0
1561.4,17.0,Red,82.5,8.4,Low,Sapota,0.7348,1
2418.0,34.2,Alluvial,84.1,5.6,Medium,Jackfruit,0.7153,0
1794.0,21.6,Alluvial,27.0,10.9,Low,Coconut,0.6677,1
299.9,17.3,Sandy,70.2,7.2,High,Amla,0.711,1
1411.2,29.0,Red,28.8,7.9,Medium,Papaya,0.6987,1
760.0,19.2,Loamy,21.1,6.3,Low,Amla,0.7983,1
1040.4,36.9,Clay,84.0,11.4,High,Banana,0.6782,1
884.5,41.4,Clay,36.2,11.4,High,Jackfruit,0.6954,1
543.2,26.1,Sandy,46.8,10.5,Medium,Lemon,0.7708,1
1901.7,12.8,Clay,36.5,8.6,High,Banana,0.6456,1
2818.0,20.8,Clay,38.6,8.9,Low,Jackfruit,0.7,1
3091.3,24.7,Sandy,54.2,6.6,Low,Papaya,0.5874,1
586.5,29.0,Red,57.6,11.1,High,Sapota,0.7992,1
1569.6,42.9,Sandy,91.9,10.5,Low,Lemon,0.6376,1
1787.0,24.5,Clay,36.0,5.9,Medium,Banana,0.7925,1
3066.9,18.3,Clay,32.7,3.0,Medium,Amla,0.672,0
1998.0,25.7,Red,42.6,9.5,Medium,Sapota,0.7623,0
597.9,34.6,Black,53.0,11.0,High,Amla,0.9174,1
672.1,33.3,Alluvial,75.8,6.5,Medium,Sapota,0.7745,1
1811.5,35.7,Red,75.1,6.2,Medium,Mango,0.6927,1
1298.9,14.1,Sandy,17.4,7.8,Low,Amla,0.8598,1
3324.1,39.4,Loamy,34.2,4.1,High,Jackfruit,0.4936,0
1881.7,17.5,Alluvial,60.6,4.8,High,Jackfruit,0.7429,1
1319.0,32.6,Loamy,56.6,5.8,Medium,Papaya,0.7788,1
3071.4,15.4,Loamy,7.1,10.4,High,Banana,0.5296,1
1213.3,22.3,Sandy,62.0,7.0,High,Papaya,0.7548,1
1076.1,21.2,Sandy,38.9,8.3,Medium,Papaya,0.7784,0
958.1,40.7,Clay,54.1,10.1,Low,Amla,0.9052,1
1401.6,14.6,Red,36.3,5.5,Medium,Pomegranate,0.6249,1
1140.1,33.5,Loamy,42.9,7.6,Low,Banana,0.6873,1
4004.3,41.0,Sandy,9.3,4.9,Medium,Sapota,0.4699,0
660.5,18.0,Sandy,48.2,7.0,Low,Pomegranate,0.8183,1
1213.8,21.9,Loamy,28.6,5.9,Medium,Lemon,0.76,1
1023.0,12.6,Clay,76.2,8.8,High,Jackfruit,0.6453,0
606.7,27.7,Red,39.2,6.9,Medium,Mango,0.7121,1
3040.3,15.2,Clay,15.4,11.3,Low,Lemon,0.5366,1
1607.4,37.3,Loamy,37.6,6.9,Low,Jackfruit,0.7456,1
462.5,29.5,Loamy,42.4,5.3,Low,Sapota,0.6784,0
2230.7,21.6,Loamy,30.3,8.6,Medium,Papaya,0.7071,1
2522.1,14.7,Loamy,47.1,11.5,Medium,Banana,0.6521,1
1806.4,25.7,Sandy,94.5,9.2,Medium,Coconut,0.803,1
712.9,37.1,Red,65.1,5.9,High,Lemon,0.8191,1
1247.7,38.7,Red,62.9,10.0,Medium,Lemon,0.7316,1
2144.6,18.6,Red,55.2,9.0,Low,Jackfruit,0.7288,1
1014.0,26.2,Loamy,61.0,6.5,Low,Coconut,0.8553,1
955.1,34.0,Sandy,29.5,10.8,Medium,Coconut,0.7582,1
2108.0,33.1,Red,38.6,5.5,Medium,Papaya,0.7618,1
2361.0,31.1,Loamy,33.9,9.4,Medium,Coconut,0.8167,0
2498.3,38.9,Clay,13.1,7.4,Low,Guava,0.623,1
4062.2,22.9,Sandy,63.3,8.1,High,Banana,0.5398,0
221.5,32.8,Alluvial,20.6,6.7,Low,Pomegranate,0.7346,1
716.2,45.2,Alluvial,64.7,4.3,Medium,Amla,0.7963,1
2124.4,26.4,Black,86.1,10.7,High,Sapota,0.8119,1
558.6,39.7,Red,69.1,6.6,High,Pomegranate,0.8174,0
1286.1,11.3,Red,51.5,4.8,Medium,Guava,0.6347,0
832.1,36.2,Sandy,46.6,7.9,Medium,Coconut,0.8469,0
1472.1,36.8,Black,68.8,8.2,Low,Mango,0.7609,0
1699.6,36.3,Black,67.0,8.4,High,Sapota,0.8293,1
1977.3,20.4,Sandy,78.0,5.8,Low,Guava,0.7785,1
2599.7,33.3,Red,81.7,11.2,Low,Pomegranate,0.6438,1
1604.3,43.4,Clay,79.1,6.2,Medium,Amla,0.8097,1
1103.8,40.5,Sandy,37.3,7.2,High,Pomegranate,0.656,1
2026.8,38.8,Loamy,35.2,9.9,Low,Guava,0.7784,0
2084.5,25.1,Alluvial,24.2,9.3,Medium,Papaya,0.5967,0
2634.5,18.3,Loamy,51.3,5.8,Medium,Jackfruit,0.7443,0
2298.9,23.6,Sandy,90.3,8.9,Low,Coconut,0.7693,1
1389.6,23.4,Black,33.9,11.2,Medium,Sapota,0.8468,1
3556.1,18.0,Red,10.1,11.9,Low,Sapota,0.487,1
3323.6,11.4,Alluvial,89.8,4.0,Medium,Coconut,0.5296,1
336.0,18.8,Alluvial,65.5,11.2,High,Pomegranate,0.7417,1
1168.0,35.8,Loamy,38.5,7.5,High,Guava,0.7911,1
558.2,21.9,Alluvial,47.2,8.6,High,Papaya,0.6682,0
1334.0,34.9,Black,34.1,7.7,High,Mango,0.7328,0
1076.8,22.2,Clay,82.7,7.0,High,Jackfruit,0.8115,1
806.3,35.5,Alluvial,69.0,10.0,High,Lemon,0.7292,1
930.5,23.0,Alluvial,36.7,7.1,Medium,Coconut,0.7202,1
3551.5,27.9,Loamy,70.9,3.6,Low,Amla,0.5837,1
1773.3,14.9,Clay,5.3,9.7,Low,Papaya,0.4219,0
2669.3,38.8,Sandy,64.5,9.3,Medium,Coconut,0.7409,1
1399.7,36.1,Red,36.0,8.5,High,Lemon,0.8642,1
1563.0,25.8,Red,53.1,9.2,Medium,Papaya,0.7954,1
1243.5,20.9,Alluvial,47.2,10.0,Medium,Mango,0.7553,1
2721.7,21.1,Sandy,38.6,9.0,High,Mango,0.6395,0
515.1,20.0,Alluvial,62.0,11.3,High,Lemon,0.7669,1
1471.7,29.5,Red,36.4,7.5,Medium,Banana,0.7018,0
780.6,34.6,Alluvial,15.6,10.5,High,Amla,0.9381,1
519.3,26.5,Clay,78.2,8.9,Medium,Guava,0.8042,1
498.1,25.8,Black,72.1,6.6,Low,Sapota,0.7458,1
1367.4,15.8,Red,40.7,11.3,Low,Amla,0.8428,1
2512.1,39.0,Loamy,49.9,8.4,High,Coconut,0.7972,1
692.4,39.9,Black,31.4,10.3,Low,Pomegranate,0.8016,1
1369.6,17.2,Alluvial,61.3,11.0,Medium,Sapota,0.7549,1
886.3,23.3,Black,45.7,10.9,Low,Amla,0.8903,1
760.7,29.2,Loamy,67.7,6.8,Low,Jackfruit,0.6829,1
1062.9,27.1,Sandy,79.4,5.0,High,Sapota,0.7981,1
1480.2,24.7,Sandy,67.6,9.9,Medium,Papaya,0.6649,1
793.4,41.5,Alluvial,66.7,10.6,Medium,Amla,0.8736,1
3204.4,25.5,Loamy,46.0,8.9,Medium,Amla,0.7437,0
1897.7,17.2,Loamy,44.7,7.4,Low,Guava,0.7846,1
2538.8,26.0,Red,51.3,6.7,Medium,Mango,0.6922,1
551.5,20.3,Clay,14.1,9.5,Medium,Sapota,0.7336,0
288.6,30.0,Red,27.5,4.0,Low,Guava,0.6976,0
2430.2,28.4,Clay,59.1,8.9,High,Lemon,0.5978,0
577.4,31.9,Loamy,19.4,9.6,Low,Pomegranate,0.7727,1
317.7,38.7,Red,15.4,6.5,Medium,Lemon,0.5761,1
652.9,25.4,Sandy,48.7,7.9,High,Mango,0.6521,1
1029.9,25.1,Sandy,39.0,9.9,High,Coconut,0.813,1
1329.7,37.0,Red,75.1,9.4,Low,Lemon,0.7494,0
3795.3,29.1,Red,22.3,5.8,High,Amla,0.6301,1
1500.9,26.5,Loamy,77.5,6.1,High,Lemon,0.7273,0
3190.9,32.5,Clay,67.2,5.3,Medium,Jackfruit,0.6563,1
3856.4,44.6,Loamy,74.3,8.2,Low,Coconut,0.4526,0
979.9,40.9,Red,38.1,6.2,Low,Papaya,0.6194,1
1978.2,16.7,Sandy,48.7,8.7,Medium,Sapota,0.7011,0
806.3,27.1,Alluvial,35.6,5.6,Low,Sapota,0.8532,1
1718.7,26.3,Alluvial,65.4,6.9,Low,Jackfruit,0.8503,1
2525.9,27.1,Black,36.8,7.0,Medium,Mango,0.6866,1
2779.1,18.8,Loamy,47.4,9.4,Low,Sapota,0.692,0
1081.7,18.0,Sandy,16.9,7.5,Medium,Lemon,0.7537,0
675.7,16.1,Alluvial,50.9,10.7,High,Lemon,0.7799,1
3163.8,36.9,Clay,90.0,8.9,High,Sapota,0.4906,1
2145.4,28.6,Loamy,63.9,5.1,Medium,Banana,0.8105,1
318.0,38.8,Alluvial,36.0,11.1,Low,Pomegranate,0.7872,0
2662.7,27.5,Red,66.1,6.6,High,Jackfruit,0.791,1
3472.6,44.1,Red,89.3,9.7,Low,Jackfruit,0.379,0
1758.3,37.9,Red,15.4,10.7,High,Lemon,0.6168,0
1267.7,36.6,Red,70.8,10.8,High,Papaya,0.647,1
1897.3,34.9,Clay,64.2,8.0,Low,Guava,0.8853,1
1075.2,26.8,Black,32.9,6.9,Medium,Pomegranate,0.8195,1
739.8,26.0,Alluvial,42.1,8.6,Medium,Amla,0.8557,1
1596.8,33.3,Sandy,63.9,5.9,Medium,Papaya,0.743,0
1610.7,39.2,Loamy,55.7,8.9,Low,Amla,0.8651,1
1067.7,35.8,Alluvial,57.8,8.5,High,Coconut,0.7713,1
2911.7,25.1,Clay,17.3,5.6,High,Pomegranate,0.5216,1
2053.6,26.1,Loamy,76.7,6.0,High,Sapota,0.7563,0
1461.5,40.7,Black,38.7,7.8,Medium,Amla,0.8306,1
1872.6,31.7,Red,21.2,6.4,Medium,Lemon,0.6924,1
2013.6,38.2,Loamy,65.0,10.3,Medium,Banana,0.7019,1
2301.6,19.0,Alluvial,56.1,3.6,Medium,Papaya,0.5458,0
1452.5,42.7,Black,44.6,3.0,Low,Pomegranate,0.5227,0
1375.7,30.0,Sandy,72.6,11.1,High,Coconut,0.7878,1
2099.1,27.3,Sandy,29.2,6.4,Medium,Coconut,0.7911,0
310.9,31.6,Alluvial,30.2,10.8,Medium,Guava,0.7016,1
2445.7,26.3,Alluvial,72.9,10.0,Medium,Banana,0.7937,1
1898.4,35.9,Alluvial,40.0,6.4,High,Lemon,0.7222,1
1521.4,42.3,Black,13.4,3.4,Low,Banana,0.4543,1
1353.0,38.9,Black,57.2,7.8,Low,Amla,0.9083,1
2936.3,33.9,Clay,74.2,11.2,High,Jackfruit,0.6146,1
866.9,20.5,Alluvial,48.9,8.5,Medium,Pomegranate,0.7553,1
3974.6,12.0,Loamy,52.7,7.0,Medium,Amla,0.5915,0
1487.0,16.6,Clay,58.7,6.1,High,Amla,0.7937,1
2072.0,27.5,Sandy,57.1,8.9,High,Guava,0.8001,1
1448.9,17.7,Red,27.9,6.2,Medium,Jackfruit,0.7092,1
808.3,23.2,Alluvial,42.8,10.7,Low,Amla,0.8822,1
2072.4,21.4,Red,82.8,8.5,Low,Sapota,0.83,1
1528.1,23.6,Alluvial,46.6,10.2,Medium,Mango,0.7595,1
1210.8,31.3,Loamy,14.9,7.7,Medium,Amla,0.8853,1
292.5,41.3,Black,35.7,10.3,High,Amla,0.8389,1
3809.5,15.5,Clay,61.4,5.1,High,Lemon,0.5144,1
2018.0,17.5,Clay,19.4,7.3,High,Banana,0.6137,1
2765.7,45.7,Alluvial,13.2,3.5,High,Papaya,0.3465,1
1505.7,36.1,Sandy,60.5,7.0,Medium,Pomegranate,0.7228,0
1198.8,35.7,Sandy,38.1,6.7,Medium,Lemon,0.7106,1
1189.3,34.7,Red,77.5,8.3,Low,Mango,0.7601,0
4136.6,24.4,Black,41.2,7.9,Low,Papaya,0.4687,0
3928.3,20.7,Black,59.2,9.7,High,Lemon,0.5675,0
1153.8,26.1,Loamy,33.9,7.4,High,Guava,0.8447,1
1995.3,12.4,Red,47.8,9.2,High,Mango,0.5359,1
1753.3,26.3,Red,51.8,11.0,High,Jackfruit,0.816,0
1621.5,28.7,Black,21.7,9.3,Low,Sapota,0.9222,1
793.6,22.8,Sandy,44.0,10.9,Medium,Coconut,0.6913,1
753.5,24.2,Loamy,40.3,5.9,Low,Lemon,0.748,1
464.6,19.0,Black,78.8,8.7,Medium,Mango,0.5887,1
3949.7,39.0,Loamy,66.7,3.3,Medium,Lemon,0.4798,1
1997.2,31.8,Alluvial,70.0,4.1,High,Jackfruit,0.798,1
580.5,16.6,Alluvial,89.2,6.8,Medium,Guava,0.7605,1
1599.6,15.6,Alluvial,13.5,4.0,High,Coconut,0.5178,0
1931.5,29.5,Alluvial,74.7,7.1,Low,Sapota,0.8477,1
1404.6,29.3,Alluvial,41.5,6.9,Medium,Coconut,0.7774,1
3813.2,26.2,Sandy,13.6,3.2,Medium,Pomegranate,0.6243,0
1614.3,17.6,Red,87.2,7.3,High,Guava,0.6991,1
2610.2,24.0,Sandy,75.4,8.8,Medium,Coconut,0.7706,1
2747.3,34.5,Alluvial,35.1,8.4,Low,Coconut,0.6712,1
949.2,22.6,Alluvial,62.7,10.2,High,Jackfruit,0.7547,0
1660.1,26.0,Red,72.2,7.2,Medium,Sapota,0.8335,1
1432.1,16.3,Clay,39.4,11.1,Medium,Guava,0.7775,1
1324.8,24.8,Loamy,64.2,8.8,High,Banana,0.7959,1
1594.3,25.7,Red,29.7,5.5,Medium,Jackfruit,0.7393,0
941.7,31.5,Sandy,7.9,7.0,Low,Coconut,0.7609,1
578.1,37.0,Clay,24.8,5.7,Medium,Banana,0.5946,1
2661.0,29.3,Loamy,70.3,9.9,Low,Jackfruit,0.8557,1
3742.7,28.5,Clay,69.5,9.6,Medium,Coconut,0.5483,1
1381.8,36.0,Alluvial,23.3,9.8,Low,Amla,0.8774,1
3923.9,39.4,Loamy,89.7,5.7,High,Banana,0.5704,1
3702.9,40.5,Sandy,89.9,3.9,High,Mango,0.3405,1
3511.6,24.5,Red,58.0,9.5,Low,Mango,0.6835,1
1540.6,34.7,Alluvial,46.1,9.8,Low,Coconut,0.7447,1
1118.5,18.5,Red,67.9,6.1,Medium,Banana,0.7199,0
2308.1,36.8,Loamy,38.6,7.8,Medium,Coconut,0.7625,0
1199.5,18.5,Sandy,38.4,9.5,Medium,Pomegranate,0.6916,0
1824.9,23.2,Loamy,76.6,10.1,Low,Coconut,0.7937,1
1360.3,27.5,Red,39.1,5.6,Medium,Mango,0.778,1
790.8,24.5,Red,64.2,9.4,Medium,Pomegranate,0.8641,1
2337.9,38.8,Alluvial,39.9,5.3,Low,Banana,0.6643,1
2823.4,33.3,Loamy,91.6,9.2,Medium,Coconut,0.7132,1
1348.8,21.6,Black,74.3,7.6,High,Pomegranate,0.7029,1
1649.6,32.1,Clay,61.9,3.1,Medium,Mango,0.6476,1
440.4,22.9,Sandy,42.5,9.0,Low,Guava,0.7848,1
2478.3,18.9,Alluvial,80.9,10.7,Medium,Guava,0.676,0
1991.8,38.5,Black,43.2,10.0,Medium,Mango,0.7075,1
2967.1,14.6,Sandy,53.6,9.6,High,Banana,0.5749,0
1045.3,35.6,Sandy,44.2,6.5,High,Coconut,0.8308,1
1393.5,30.7,Red,42.3,10.6,Low,Sapota,0.869,1
1724.9,29.1,Sandy,40.8,11.4,High,Coconut,0.8224,1
741.2,22.3,Black,69.3,9.4,Medium,Sapota,0.7989,0
1696.8,31.7,Clay,95.0,10.5,Low,Sapota,0.7037,1
1878.1,20.4,Red,64.9,10.5,High,Papaya,0.6904,1
2019.0,23.9,Alluvial,37.9,8.7,Low,Sapota,0.7262,0
1020.9,30.3,Alluvial,41.3,5.6,Medium,Papaya,0.7529,0
987.2,33.4,Alluvial,77.0,8.0,Medium,Mango,0.692,1
1859.0,29.3,Black,48.0,8.0,High,Papaya,0.6624,1
613.6,24.6,Red,33.0,6.9,High,Mango,0.6959,1
1677.8,35.6,Sandy,58.0,8.1,Medium,Lemon,0.7781,1
3983.0,18.5,Sandy,5.8,4.0,Low,Sapota,0.5869,1
1742.0,20.2,Red,67.7,5.5,Medium,Sapota,0.7709,1
2142.6,37.5,Alluvial,87.6,7.6,Medium,Banana,0.6986,1
3735.7,29.3,Red,62.9,6.5,Medium,Guava,0.5991,0
2123.7,31.1,Loamy,80.7,4.9,Low,Banana,0.8021,1
1399.1,29.7,Alluvial,62.7,8.4,High,Coconut,0.8157,0
2118.0,18.1,Alluvial,82.4,6.7,Low,Banana,0.6569,1
1366.4,38.1,Sandy,24.8,9.1,High,Pomegranate,0.7066,1
1764.8,28.9,Red,44.3,5.6,High,Papaya,0.7677,0
1322.5,27.8,Clay,76.8,7.5,Medium,Amla,0.8288,1
1061.9,30.4,Loamy,75.1,9.6,Medium,Mango,0.7127,1
1278.3,29.9,Loamy,10.0,9.5,High,Amla,0.8557,0
1232.8,35.6,Sandy,52.7,7.2,Medium,Sapota,0.7339,1
601.9,35.8,Black,28.9,10.1,High,Banana,0.4691,1
3453.6,26.9,Sandy,90.9,6.4,High,Pomegranate,0.5191,1
281.5,36.3,Alluvial,51.3,7.3,Medium,Amla,0.8236,0
1013.6,33.3,Red,36.8,11.3,High,Pomegranate,0.7909,1
2563.9,29.2,Alluvial,75.9,9.6,Low,Mango,0.6691,0
335.6,43.6,Alluvial,50.7,10.1,High,Papaya,0.5013,0
757.5,27.0,Red,71.9,7.7,Medium,Mango,0.7752,1
1476.4,19.9,Alluvial,20.7,9.3,Medium,Guava,0.8401,1
1206.7,17.3,Loamy,54.8,8.1,High,Sapota,0.727,0
1210.2,29.6,Alluvial,79.3,5.5,High,Lemon,0.7074,1
838.2,18.1,Red,50.3,6.6,Low,Sapota,0.7654,1
1293.7,33.6,Black,23.6,11.3,High,Amla,0.8716,0
932.0,35.4,Loamy,22.4,9.9,Medium,Pomegranate,0.8123,0
2401.4,35.1,Alluvial,59.5,7.4,Medium,Mango,0.6623,0
1809.6,37.9,Loamy,25.1,8.1,High,Papaya,0.778,1
1213.0,27.9,Black,63.9,9.4,Low,Mango,0.8152,1
1064.9,31.6,Loamy,60.6,11.4,Medium,Amla,0.8724,1
641.0,19.3,Alluvial,44.8,9.5,Low,Amla,0.8861,1
946.4,22.4,Sandy,27.3,8.9,Medium,Coconut,0.7055,1
2422.6,34.9,Loamy,78.0,9.5,High,Papaya,0.5708,1
1891.2,33.4,Loamy,80.5,10.5,Low,Mango,0.7321,1
665.8,20.2,Black,34.8,7.2,Medium,Amla,0.8803,1
3680.2,42.2,Red,83.4,5.0,Medium,Papaya,0.435,0
747.0,22.5,Sandy,37.4,6.6,Medium,Pomegranate,0.8112,1
3707.1,23.0,Sandy,78.9,4.0,Medium,Mango,0.4664,0
1784.5,19.0,Alluvial,63.2,9.8,Medium,Banana,0.7352,1
1804.7,18.0,Clay,71.9,8.3,Medium,Papaya,0.5302,0
2823.9,39.3,Alluvial,80.4,5.0,Medium,Lemon,0.462,0
2965.0,19.8,Black,86.2,6.9,Medium,Guava,0.5639,1
2083.7,20.6,Red,51.8,9.3,Low,Banana,0.7436,1
1340.8,38.6,Alluvial,65.3,7.5,Medium,Lemon,0.7646,1
533.8,18.7,Loamy,45.2,6.5,Medium,Mango,0.6263,1
1266.9,27.2,Alluvial,86.4,11.1,Medium,Guava,0.7778,1
3340.8,14.6,Red,66.1,9.7,High,Coconut,0.604,0
3591.8,27.5,Sandy,58.5,10.6,High,Guava,0.6435,1
1476.7,38.2,Clay,53.5,8.8,High,Amla,0.8812,1
3766.6,40.9,Alluvial,76.8,3.1,High,Lemon,0.4259,1
456.9,43.2,Clay,14.6,6.1,Medium,Amla,0.8765,1
2994.5,32.5,Alluvial,24.3,4.4,Medium,Pomegranate,0.557,1
935.3,27.0,Clay,65.5,6.6,High,Banana,0.812,1
543.7,22.5,Loamy,56.3,10.7,High,Pomegranate,0.841,0
966.4,20.0,Red,36.6,11.3,Medium,Lemon,0.7806,0
224.1,23.0,Loamy,35.0,8.0,Medium,Pomegranate,0.6498,1
281.9,34.6,Red,81.0,6.9,Low,Amla,0.7473,1
2970.8,36.0,Sandy,32.7,9.9,High,Coconut,0.7402,1
889.6,26.2,Alluvial,53.2,9.2,Medium,Mango,0.7454,0
1368.5,27.9,Alluvial,27.0,10.5,Medium,Lemon,0.7879,0
437.3,37.4,Alluvial,60.9,5.8,Low,Guava,0.8397,1
1539.5,41.8,Sandy,57.9,8.7,Low,Amla,0.8153,1
1442.8,36.0,Sandy,53.1,6.5,High,Amla,0.9217,1
3489.7,14.7,Red,38.7,9.0,Medium,Guava,0.5924,1
483.3,31.1,Red,36.1,9.2,Medium,Pomegranate,0.8886,1
317.1,39.6,Alluvial,10.7,10.5,Low,Coconut,0.508,1
2279.8,14.8,Sandy,78.9,7.8,High,Amla,0.5477,1
777.5,18.2,Sandy,63.6,11.2,Low,Pomegranate,0.7721,1
1717.1,11.8,Black,20.9,11.6,High,Mango,0.644,0
449.2,25.4,Loamy,65.4,10.4,Medium,Lemon,0.7715,1
2594.7,10.8,Black,38.2,5.1,Low,Banana,0.5922,0
1791.0,31.7,Red,67.3,8.0,Medium,Papaya,0.7372,1
1426.1,36.3,Alluvial,28.2,6.7,High,Mango,0.7378,1
2864.8,19.9,Clay,41.5,9.0,Medium,Banana,0.6808,0
770.9,18.5,Red,31.8,8.0,High,Sapota,0.7427,1
2633.6,36.5,Alluvial,88.7,5.0,Medium,Jackfruit,0.7763,1
3067.9,17.4,Red,90.2,6.1,Medium,Pomegranate,0.4048,1
1089.9,32.1,Loamy,42.7,9.5,High,Coconut,0.8171,1
1758.1,35.1,Loamy,79.5,8.6,Low,Coconut,0.764,1
2743.5,29.7,Clay,59.2,3.2,High,Coconut,0.6123,0
1534.0,35.2,Sandy,72.5,7.9,High,Lemon,0.8439,1
1342.0,15.5,Black,15.4,4.0,Low,Amla,0.848,1
2683.0,17.8,Alluvial,35.1,4.3,Low,Papaya,0.5132,0
1003.8,34.2,Black,73.3,4.9,High,Banana,0.6605,0
1015.2,28.5,Clay,38.4,9.5,Medium,Banana,0.7513,1
941.7,30.6,Red,64.3,10.3,Low,Papaya,0.6978,0
534.1,17.4,Sandy,16.3,10.7,Medium,Guava,0.7614,0
1474.7,22.7,Alluvial,27.3,5.7,Medium,Lemon,0.89,1
2081.5,37.2,Red,30.7,6.6,Medium,Coconut,0.7672,1
1386.7,24.8,Sandy,43.3,11.4,Medium,Lemon,0.8045,1
379.3,19.0,Sandy,16.3,7.0,Medium,Lemon,0.7384,1
4065.0,47.0,Black,8.5,11.5,Low,Guava,0.3278,0
953.8,44.3,Red,58.2,8.1,Medium,Amla,0.8071,0
3620.4,44.7,Sandy,94.6,8.6,Low,Jackfruit,0.3372,0
240.5,10.4,Black,12.0,7.2,Low,Papaya,0.3121,0
1556.0,24.2,Black,22.3,8.0,Medium,Mango,0.8071,0
451.1,18.2,Black,70.6,5.4,Low,Sapota,0.6493,1
1107.2,22.9,Red,27.9,10.0,Medium,Guava,0.809,1
1070.3,41.1,Sandy,92.2,9.4,High,Lemon,0.6726,1
2365.8,18.4,Loamy,54.0,11.1,Medium,Banana,0.6728,1
2007.3,29.5,Loamy,67.2,6.2,Medium,Jackfruit,0.8238,1
1341.1,26.7,Loamy,65.0,8.6,Medium,Amla,0.8712,1
2904.4,29.7,Sandy,84.4,8.1,High,Coconut,0.7318,0
1816.4,20.4,Red,58.5,10.6,Medium,Lemon,0.7738,1
1868.1,20.9,Loamy,93.6,11.3,High,Coconut,0.6678,1
3370.6,30.2,Red,20.2,10.6,High,Pomegranate,0.5665,0
2110.1,38.4,Sandy,25.1,9.6,Medium,Sapota,0.7262,1
1599.6,30.7,Sandy,17.1,10.7,Medium,Amla,0.8026,1
349.3,32.8,Red,24.0,7.9,Medium,Amla,0.7942,1
1461.8,15.8,Black,17.4,10.0,Low,Amla,0.7958,1
1584.1,23.9,Sandy,65.9,7.7,Medium,Papaya,0.7796,0
3465.1,32.3,Black,55.4,8.9,Medium,Amla,0.5989,1
1540.0,31.7,Loamy,80.6,10.6,Medium,Mango,0.7126,0
1660.1,29.4,Red,39.3,9.0,Medium,Amla,0.7993,1
2572.5,25.4,Clay,67.0,9.8,Low,Jackfruit,0.817,1
1304.9,30.8,Loamy,30.9,11.3,Medium,Coconut,0.7526,1
1319.6,18.9,Loamy,47.2,8.4,High,Papaya,0.5521,0
848.8,23.4,Sandy,39.0,8.7,High,Pomegranate,0.8605,1
1532.3,24.8,Alluvial,44.6,6.9,Medium,Lemon,0.7377,1
3135.6,29.8,Loamy,83.1,5.2,High,Mango,0.5456,0
3652.2,23.8,Sandy,43.1,5.6,Low,Sapota,0.6107,1
815.6,15.7,Alluvial,29.1,6.2,Low,Mango,0.5952,1
1871.5,21.5,Black,16.7,9.1,Low,Lemon,0.6148,0
462.4,30.1,Sandy,62.6,3.2,Low,Jackfruit,0.4818,1
3745.0,24.2,Black,53.6,4.5,Medium,Jackfruit,0.459,0
2244.4,19.3,Alluvial,68.0,3.7,Medium,Amla,0.6895,1
1067.6,35.7,Loamy,49.5,11.4,Low,Mango,0.8204,1
1960.7,22.5,Red,75.2,10.2,Low,Papaya,0.6522,0
934.6,22.7,Loamy,29.2,9.2,Medium,Mango,0.7604,1
1440.3,26.5,Alluvial,60.6,9.3,Medium,Papaya,0.6588,1
1381.3,20.1,Black,64.1,6.5,High,Banana,0.6969,1
2683.4,26.9,Loamy,84.4,10.2,Medium,Coconut,0.7753,0
2424.6,34.3,Alluvial,65.4,9.1,Medium,Coconut,0.7892,1
1340.8,15.2,Clay,73.3,11.4,Medium,Guava,0.7061,1
1725.9,18.4,Alluvial,67.4,7.4,High,Mango,0.6713,1
1723.1,28.9,Sandy,25.6,9.7,Low,Coconut,0.7615,1
486.9,23.9,Clay,25.2,6.0,Low,Guava,0.7702,1
2629.9,13.2,Loamy,57.5,11.0,High,Jackfruit,0.7135,1
1564.6,22.8,Loamy,39.2,10.3,High,Coconut,0.8068,1
1231.3,17.1,Black,54.1,8.1,High,Pomegranate,0.7026,0
2991.0,34.4,Loamy,25.9,9.7,High,Amla,0.6698,1
1942.4,30.3,Red,39.8,6.8,High,Mango,0.7385,1
1366.1,24.9,Red,30.4,7.2,Low,Mango,0.6876,1
2689.5,26.4,Black,30.9,8.4,High,Mango,0.5969,0
1542.3,17.1,Black,71.0,5.9,Low,Sapota,0.7366,1
1278.3,21.5,Loamy,35.5,10.1,High,Banana,0.7409,1
637.2,25.2,Sandy,73.7,11.0,Low,Banana,0.552,1
1644.0,24.8,Sandy,28.3,7.5,Low,Papaya,0.7984,0
3439.4,14.6,Sandy,63.8,11.6,Medium,Coconut,0.5075,0
631.0,35.2,Sandy,52.3,7.6,Low,Jackfruit,0.6705,1
493.0,19.5,Red,45.2,9.0,Medium,Mango,0.6365,1
409.5,38.5,Alluvial,59.0,9.5,High,Guava,0.6906,0
1511.5,34.0,Loamy,86.7,10.2,Medium,Coconut,0.7869,1
2808.1,16.0,Clay,57.2,7.9,Medium,Banana,0.6899,1
1495.0,21.0,Sandy,64.6,7.5,Medium,Papaya,0.709,1
1725.7,17.8,Alluvial,21.7,9.2,Low,Guava,0.8254,0
1028.9,27.1,Red,21.3,7.4,Low,Mango,0.7038,1
1292.6,43.3,Sandy,15.7,8.4,High,Amla,0.8154,1
1990.9,27.2,Clay,78.7,7.1,High,Guava,0.8507,1
2531.3,38.9,Alluvial,62.0,5.5,Low,Banana,0.6988,1
2819.8,37.5,Sandy,94.5,8.3,Low,Papaya,0.4987,0
2667.4,28.0,Clay,55.9,11.2,Low,Banana,0.798,1
553.4,32.7,Loamy,21.1,11.4,High,Pomegranate,0.8494,1
264.5,33.5,Black,63.3,7.9,Low,Pomegranate,0.7023,1
1994.6,19.5,Red,29.5,7.8,Low,Papaya,0.628,0
2281.6,31.4,Loamy,41.1,7.0,Medium,Jackfruit,0.7378,1
2531.2,35.1,Black,33.0,9.9,Low,Mango,0.8036,1
2800.1,42.4,Alluvial,21.6,9.0,Medium,Pomegranate,0.5162,0
508.4,22.1,Sandy,45.7,9.2,Medium,Sapota,0.8257,1
2592.5,38.7,Sandy,69.2,10.9,Medium,Guava,0.6415,1
1857.3,14.3,Alluvial,11.8,8.2,Medium,Mango,0.5059,0
2489.6,21.2,Loamy,53.7,8.2,Medium,Jackfruit,0.786,1
1759.1,40.1,Loamy,62.8,11.2,Low,Pomegranate,0.5851,1
982.4,22.9,Red,62.0,9.4,High,Banana,0.8104,1
953.5,30.8,Red,64.3,5.9,High,Sapota,0.8469,1
4102.6,46.2,Red,34.3,6.8,Low,Banana,0.4588,0
1799.9,14.1,Black,8.9,8.4,Medium,Amla,0.7294,1
623.1,35.3,Alluvial,79.4,8.9,High,Papaya,0.5864,1
1254.7,23.6,Loamy,29.6,9.3,Medium,Lemon,0.8351,0
2155.2,30.5,Sandy,25.2,8.7,Medium,Sapota,0.8114,1
2064.3,19.4,Red,44.3,6.0,Medium,Banana,0.7393,0
1743.7,23.3,Red,24.9,7.6,Medium,Papaya,0.6035,1
4050.7,44.5,Black,77.2,7.1,High,Lemon,0.2622,0
578.7,33.9,Sandy,48.2,9.0,Low,Sapota,0.7345,1
275.8,23.0,Sandy,70.1,6.7,Medium,Pomegranate,0.6712,0
1562.8,24.5,Alluvial,60.8,8.4,Medium,Mango,0.7398,1
759.2,29.1,Loamy,47.8,11.4,Medium,Coconut,0.8044,0
1711.8,35.1,Alluvial,30.5,11.1,Low,Sapota,0.8237,1
1006.7,36.6,Alluvial,68.7,5.2,Medium,Jackfruit,0.807,1
3652.7,46.0,Alluvial,61.1,3.8,Medium,Sapota,0.4662,1
1168.4,20.6,Loamy,29.5,5.7,High,Mango,0.7307,1
3295.2,42.0,Sandy,49.0,7.5,High,Papaya,0.6047,1
2273.3,45.3,Alluvial,41.7,12.0,Low,Guava,0.6435,1
1353.0,18.2,Black,75.8,9.9,Low,Mango,0.6525,1
2801.9,35.6,Black,21.1,7.4,Medium,Guava,0.595,0
505.6,17.3,Alluvial,66.9,3.4,Low,Sapota,0.7001,1
2552.9,25.5,Alluvial,50.3,6.4,Low,Coconut,0.7646,1
620.8,32.0,Red,89.9,9.7,High,Sapota,0.7254,1
2905.4,38.3,Red,72.6,10.2,Medium,Banana,0.6852,1
714.3,39.3,Loamy,52.7,8.2,High,Mango,0.7377,1
1565.1,17.7,Sandy,68.0,5.2,Low,Guava,0.8276,1
1778.8,19.5,Red,27.0,9.4,Low,Mango,0.7429,1
1105.4,34.4,Loamy,85.8,5.3,Low,Banana,0.7506,1
1470.8,20.5,Sandy,62.6,4.0,Low,Pomegranate,0.7172,1
2496.7,37.4,Alluvial,52.8,6.6,Medium,Banana,0.7581,0
600.7,14.4,Alluvial,68.4,3.2,Medium,Pomegranate,0.5526,0
1605.8,34.5,Sandy,17.4,3.6,High,Guava,0.7454,1
1065.7,36.5,Alluvial,70.7,7.5,Medium,Sapota,0.7798,1
1762.9,23.5,Red,74.6,6.0,Medium,Amla,0.7697,0
221.6,42.1,Black,50.2,6.9,Medium,Lemon,0.4808,1
1261.8,40.1,Black,52.7,10.6,Medium,Pomegranate,0.7246,1
623.7,18.9,Black,55.4,7.5,Medium,Sapota,0.6839,1
760.7,30.7,Sandy,5.7,3.9,Low,Mango,0.6019,1
1684.8,26.6,Sandy,40.4,6.9,High,Guava,0.788,1
2514.4,22.4,Clay,46.1,11.2,Medium,Banana,0.8327,1
2814.8,25.6,Sandy,27.3,7.4,Medium,Coconut,0.7441,1
1388.9,24.1,Sandy,29.3,6.7,High,Lemon,0.8425,1
851.0,40.9,Black,47.1,10.0,High,Sapota,0.7264,1
2649.6,46.1,Alluvial,78.6,10.8,Medium,Guava,0.4926,0
744.7,21.3,Loamy,82.7,10.1,Medium,Jackfruit,0.7497,1
505.5,33.4,Alluvial,11.7,11.3,Medium,Pomegranate,0.7995,1
3498.6,22.1,Alluvial,43.5,6.0,Low,Sapota,0.6952,1
586.7,17.7,Sandy,13.4,11.1,Low,Pomegranate,0.7795,1
523.9,36.8,Red,62.3,6.8,Medium,Amla,0.8939,0
641.6,36.1,Loamy,28.3,10.5,Low,Mango,0.6938,1
2195.5,35.3,Loamy,67.4,6.1,Medium,Mango,0.7127,1
746.4,15.6,Sandy,29.7,10.5,High,Amla,0.8859,1
720.9,35.0,Loamy,22.1,8.0,Low,Amla,0.8184,1
2977.7,45.2,Sandy,19.4,6.4,Low,Pomegranate,0.5062,1
1721.3,24.5,Loamy,69.5,8.4,Low,Amla,0.8337,0
2845.6,24.5,Loamy,11.3,10.0,Medium,Jackfruit,0.6883,1
1290.6,26.4,Black,22.8,7.0,Low,Pomegranate,0.7074,0
1280.9,33.0,Red,78.4,8.5,High,Coconut,0.7903,1
992.3,29.4,Red,48.5,8.6,Medium,Pomegranate,0.8345,1
790.1,35.0,Sandy,43.0,6.7,Medium,Papaya,0.7751,1
1243.1,27.3,Clay,38.3,10.7,Low,Guava,0.8188,1
733.5,19.0,Loamy,79.1,10.8,Low,Amla,0.8496,1
4006.2,12.9,Clay,53.3,8.8,Medium,Banana,0.4355,0
2922.2,16.3,Clay,10.3,9.2,High,Mango,0.4159,0
2426.1,20.9,Loamy,49.2,8.2,Medium,Banana,0.7643,1
1950.2,18.1,Loamy,26.6,10.7,Low,Mango,0.746,1
1478.5,41.6,Loamy,50.6,5.7,High,Papaya,0.6138,0
1504.4,40.9,Red,66.9,10.7,Low,Amla,0.8376,1
1257.2,19.8,Sandy,26.8,7.7,High,Sapota,0.8203,0
3294.0,18.6,Sandy,84.1,3.6,Low,Banana,0.5787,1
2028.4,13.7,Loamy,73.9,6.4,Medium,Banana,0.627,1
1548.3,23.1,Sandy,48.9,7.9,Medium,Papaya,0.6899,1
2087.4,17.6,Black,55.6,11.5,Low,Papaya,0.6655,1
777.3,21.8,Clay,30.6,7.4,Medium,Jackfruit,0.7627,1
1137.9,30.6,Alluvial,42.2,5.9,High,Banana,0.7713,1
1785.6,20.9,Red,83.5,6.6,High,Mango,0.6372,0
1590.1,27.0,Loamy,87.1,6.3,Low,Coconut,0.758,1
3079.1,28.8,Red,21.8,8.4,Medium,Jackfruit,0.6175,1
1755.8,31.9,Sandy,27.5,7.8,Medium,Guava,0.7591,1
1454.8,15.4,Loamy,40.0,7.6,Medium,Lemon,0.7671,1
1538.3,23.5,Loamy,75.4,7.3,High,Papaya,0.6713,1
2731.4,27.9,Loamy,42.3,8.4,Low,Banana,0.727,0
1220.3,37.9,Red,21.5,7.0,Medium,Mango,0.7465,1
2653.3,22.9,Clay,61.5,9.7,Low,Banana,0.7701,1
964.2,39.4,Red,84.2,5.0,Medium,Banana,0.6859,1
2519.1,36.3,Sandy,80.0,10.0,High,Papaya,0.5608,1
459.3,32.3,Sandy,68.0,5.9,High,Lemon,0.7987,1
1799.9,26.8,Alluvial,54.8,10.2,Medium,Mango,0.7469,1
2554.6,22.0,Red,89.7,5.7,Medium,Jackfruit,0.7354,1
808.9,35.1,Black,63.3,11.3,Low,Mango,0.7069,1
1110.0,17.9,Loamy,87.9,11.0,Medium,Sapota,0.8181,1
1257.3,29.9,Alluvial,42.3,7.0,High,Mango,0.8192,1
1783.6,31.1,Black,68.1,9.7,Medium,Mango,0.7646,0
4177.7,26.7,Black,26.5,4.5,Medium,Lemon,0.4923,1
1381.0,20.6,Loamy,41.1,9.5,Medium,Papaya,0.6583,1
3284.6,11.5,Sandy,9.9,3.9,Medium,Jackfruit,0.3553,1
2475.4,25.2,Black,70.4,7.9,High,Mango,0.6885,1
3950.9,26.2,Loamy,88.9,4.5,Low,Banana,0.5154,1
2337.9,32.1,Red,63.8,10.3,Medium,Mango,0.7185,1
893.8,33.6,Loamy,78.6,7.2,Medium,Amla,0.847,1
748.1,37.7,Loamy,32.8,6.3,Medium,Coconut,0.7165,1
731.3,34.2,Red,56.4,10.2,Medium,Mango,0.7483,1
494.2,36.6,Red,70.7,10.6,High,Coconut,0.6461,0
1225.2,35.7,Sandy,62.5,11.1,Medium,Pomegranate,0.7146,1
1421.8,17.4,Red,88.0,8.0,High,Guava,0.7078,0
1165.4,24.1,Loamy,56.1,10.0,Low,Guava,0.8637,1
2044.7,44.9,Black,77.0,8.8,Medium,Lemon,0.4805,1
2090.7,37.5,Red,73.7,8.4,Medium,Papaya,0.6404,1
1648.7,12.5,Red,75.2,8.9,Low,Lemon,0.6683,0
1668.2,16.2,Sandy,82.8,9.5,Low,Papaya,0.5561,1
577.8,47.6,Alluvial,90.4,3.7,Low,Mango,0.4232,1
1759.4,23.4,Black,45.6,5.3,Low,Papaya,0.5606,1
2126.1,42.7,Alluvial,24.1,9.1,Low,Banana,0.5521,0
1573.7,17.8,Loamy,67.8,9.1,Low,Amla,0.8126,1
438.3,33.2,Sandy,63.4,9.9,Medium,Lemon,0.7398,1
2421.3,35.8,Alluvial,53.0,9.8,Medium,Jackfruit,0.8468,0
1217.4,36.6,Loamy,51.9,8.6,High,Guava,0.8452,0
1454.9,29.6,Red,89.7,12.0,Medium,Sapota,0.7732,1
1227.0,33.2,Sandy,34.2,5.0,High,Guava,0.7413,0
796.4,26.1,Red,19.0,8.7,Medium,Amla,0.9045,1
3474.3,22.4,Loamy,32.5,10.6,Low,Coconut,0.6059,0
3350.5,34.5,Loamy,13.1,11.6,Medium,Papaya,0.5218,0
1590.2,24.2,Red,61.7,7.1,Medium,Jackfruit,0.8499,1
1576.3,44.7,Black,18.9,3.5,High,Banana,0.3858,0
1318.3,37.2,Clay,33.9,7.5,High,Guava,0.7684,0
1809.6,27.4,Black,59.2,7.8,Medium,Sapota,0.8375,1
724.7,31.6,Alluvial,26.2,9.2,Medium,Jackfruit,0.6827,1
2088.9,31.8,Loamy,67.6,8.2,Low,Jackfruit,0.7838,1
343.4,35.1,Sandy,29.4,9.9,High,Lemon,0.7176,1
3149.1,15.3,Red,92.2,7.3,High,Coconut,0.4968,0
1344.9,26.4,Loamy,44.3,8.4,Medium,Lemon,0.7725,1
887.0,38.7,Red,47.8,8.4,Low,Papaya,0.7005,1
1632.2,28.4,Loamy,63.6,5.6,Low,Jackfruit,0.7779,1
3056.0,21.2,Black,54.6,8.6,Medium,Guava,0.5901,1
1131.3,20.2,Red,37.2,10.4,Medium,Coconut,0.7565,1
1598.8,29.9,Red,45.3,7.3,Medium,Mango,0.7492,0
3576.0,23.8,Sandy,60.2,8.5,High,Sapota,0.6451,1
2579.3,34.4,Red,61.8,5.6,High,Mango,0.6797,1
2832.6,36.1,Red,89.2,6.2,High,Jackfruit,0.669,1
1319.6,20.6,Clay,48.2,7.5,Medium,Jackfruit,0.7858,1
1355.4,27.9,Red,35.0,6.3,Medium,Mango,0.7779,1
1365.3,19.4,Red,71.3,7.2,Low,Amla,0.869,1
1155.0,20.3,Black,63.4,5.9,High,Lemon,0.757,0
1761.6,27.2,Red,39.8,5.6,Medium,Mango,0.6694,1
1355.0,22.0,Red,86.6,8.6,Medium,Jackfruit,0.7144,1
767.2,44.2,Sandy,46.1,6.5,Low,Amla,0.8569,1
3891.1,37.8,Clay,40.8,8.3,Low,Lemon,0.5424,0
3775.3,34.7,Sandy,10.7,5.9,Low,Banana,0.3722,1
3062.2,37.4,Clay,39.1,6.8,Low,Banana,0.6893,1
756.8,32.0,Clay,84.9,7.3,High,Guava,0.7675,0
604.4,28.4,Loamy,77.1,10.5,Low,Amla,0.8611,1
2209.5,30.9,Clay,65.3,7.6,High,Jackfruit,0.8352,1
1206.6,19.9,Sandy,39.1,6.5,Medium,Guava,0.8279,1
1519.5,30.8,Alluvial,32.2,9.6,Low,Papaya,0.7253,0
953.3,37.2,Loamy,32.6,6.8,Medium,Coconut,0.7317,1
885.9,40.7,Loamy,77.2,8.4,Medium,Papaya,0.6691,0
696.0,21.1,Clay,42.4,7.9,Medium,Amla,0.9094,1
2941.2,32.2,Alluvial,68.6,8.0,Medium,Banana,0.7551,0
2082.9,14.4,Loamy,51.8,7.8,High,Sapota,0.6559,1
1768.3,37.3,Alluvial,39.5,11.3,Medium,Mango,0.7498,1
3418.8,20.0,Clay,82.2,10.5,Medium,Lemon,0.4149,0
933.5,37.0,Red,19.0,7.9,High,Banana,0.608,1
731.3,18.6,Clay,30.3,10.0,Medium,Jackfruit,0.6479,0
998.5,28.7,Sandy,26.9,9.3,High,Coconut,0.7824,1
704.0,23.5,Sandy,88.8,9.5,High,Papaya,0.7134,1
1694.0,19.8,Alluvial,81.3,7.7,Medium,Mango,0.6901,1
4159.8,46.1,Sandy,52.6,4.8,Medium,Amla,0.5758,0
1150.0,17.8,Loamy,20.9,8.0,Medium,Pomegranate,0.7821,1
2336.5,22.2,Alluvial,25.4,4.9,Medium,Amla,0.5652,1
2038.3,25.8,Red,53.6,7.1,High,Banana,0.7574,0
1831.4,44.8,Clay,80.8,4.7,High,Lemon,0.4414,1
1170.9,15.7,Loamy,87.7,7.9,Low,Jackfruit,0.6739,1
2121.1,29.9,Red,49.6,6.9,Medium,Sapota,0.8536,1
1209.0,12.7,Loamy,49.3,3.8,Low,Guava,0.6747,1
1312.1,28.8,Alluvial,87.4,9.9,Medium,Banana,0.7527,1
1422.6,30.5,Alluvial,41.3,7.0,Low,Jackfruit,0.8126,1
770.8,34.0,Clay,60.2,8.7,Medium,Guava,0.7632,1
3938.5,43.4,Alluvial,70.2,9.6,High,Amla,0.6244,0
2527.2,12.4,Alluvial,8.4,5.0,Medium,Papaya,0.3883,1
774.6,27.2,Clay,57.3,11.5,Medium,Guava,0.8302,1
2090.0,24.7,Black,66.2,7.4,Medium,Sapota,0.799,1
317.1,21.4,Loamy,69.3,10.8,Low,Pomegranate,0.7381,1
2197.9,39.4,Sandy,73.6,8.0,Medium,Papaya,0.6416,0
1796.4,29.7,Red,33.7,10.1,Low,Jackfruit,0.8255,1
1638.1,17.3,Red,44.8,8.5,Low,Sapota,0.7819,1
3630.4,14.4,Clay,52.9,9.7,Medium,Sapota,0.4637,1
269.3,17.1,Red,11.9,10.2,High,Pomegranate,0.6985,1
1123.1,21.1,Loamy,60.8,9.7,High,Sapota,0.8031,1
1188.0,43.9,Loamy,24.2,8.1,Medium,Papaya,0.6867,0
773.5,28.2,Loamy,28.4,8.1,High,Lemon,0.8276,1
531.1,17.6,Sandy,88.1,9.4,Medium,Guava,0.7259,0
1118.3,27.4,Red,70.8,10.0,Low,Guava,0.8289,1
405.9,30.0,Black,14.7,4.8,Medium,Banana,0.403,0
1876.6,28.7,Clay,81.6,4.7,Medium,Jackfruit,0.7677,1
1699.7,21.7,Alluvial,51.3,8.7,Medium,Mango,0.8377,1
1954.0,39.2,Sandy,59.0,8.2,Medium,Papaya,0.6808,1
883.6,24.1,Red,59.0,7.3,Low,Banana,0.7304,0
2177.6,20.9,Alluvial,28.1,10.6,Medium,Mango,0.7304,0
1257.4,32.8,Red,36.5,7.6,High,Banana,0.6426,0
873.2,23.6,Red,21.3,10.7,High,Pomegranate,0.8205,1
3643.2,30.3,Red,76.0,11.5,Medium,Coconut,0.6507,1
3090.9,46.6,Clay,88.8,9.9,Low,Guava,0.4324,0
982.3,14.5,Alluvial,71.2,8.3,High,Lemon,0.6943,1
1183.5,29.2,Red,94.5,8.0,Low,Coconut,0.8378,1
2219.0,27.4,Alluvial,20.7,9.0,High,Guava,0.7513,0
1879.5,35.9,Loamy,74.9,6.0,Low,Sapota,0.8363,1
421.3,23.9,Clay,32.3,10.8,Medium,Guava,0.7899,1
1153.3,24.5,Clay,66.2,11.3,High,Guava,0.8216,0
1645.3,29.5,Black,44.1,9.4,High,Sapota,0.8374,0
2993.4,26.1,Loamy,26.1,10.6,Medium,Lemon,0.7121,1
681.9,20.6,Loamy,44.2,5.9,Medium,Sapota,0.857,1
4165.9,31.5,Red,87.3,8.8,High,Pomegranate,0.5194,1
1507.4,14.9,Sandy,11.2,7.0,High,Guava,0.7135,1
2641.6,46.1,Alluvial,40.7,11.6,High,Mango,0.5914,1
3494.4,44.2,Alluvial,54.8,10.3,Medium,Mango,0.4686,1
1753.3,31.6,Alluvial,57.0,9.9,Medium,Jackfruit,0.7654,1
3413.2,13.9,Red,49.5,7.8,Low,Lemon,0.5174,1
582.3,33.7,Loamy,60.6,8.0,Medium,Pomegranate,0.8263,1
3462.0,33.4,Loamy,88.4,3.9,High,Jackfruit,0.5112,1
2226.2,23.4,Clay,81.9,4.8,Medium,Jackfruit,0.7511,1
1634.6,23.5,Red,84.9,8.6,High,Sapota,0.7796,0
852.9,28.8,Alluvial,59.1,7.5,Medium,Mango,0.7696,1
255.0,21.0,Loamy,38.2,11.3,High,Pomegranate,0.7416,1
1387.4,29.0,Black,27.1,9.7,Low,Pomegranate,0.6886,1
2588.5,34.8,Alluvial,36.4,3.4,High,Banana,0.6892,1
1854.2,18.2,Alluvial,35.7,6.3,Medium,Guava,0.8292,1
1716.7,34.9,Clay,68.1,8.5,Low,Jackfruit,0.8592,1
1148.5,33.8,Loamy,15.5,11.1,Low,Amla,0.9252,1
1553.1,28.9,Loamy,64.1,9.6,Medium,Lemon,0.8216,1
1858.6,39.1,Loamy,35.8,11.2,Medium,Coconut,0.7131,0
1220.3,17.3,Black,39.0,6.5,High,Banana,0.577,1
1296.0,37.9,Alluvial,57.3,9.9,High,Jackfruit,0.8123,1
1542.5,23.2,Red,85.3,10.7,Medium,Jackfruit,0.7605,0
1272.3,25.1,Sandy,46.0,7.2,Medium,Papaya,0.7317,1
2499.7,23.6,Red,36.3,11.1,Low,Banana,0.7794,1
760.4,37.4,Red,83.6,7.7,High,Guava,0.7406,1
966.8,35.0,Sandy,59.4,7.4,Medium,Papaya,0.7992,1
2935.4,37.5,Red,58.8,11.3,Medium,Coconut,0.7582,1
628.1,36.5,Black,44.6,10.8,Low,Sapota,0.8062,1
1354.3,22.7,Alluvial,49.2,6.8,Medium,Sapota,0.8401,1
681.9,17.4,Black,15.4,6.8,Low,Pomegranate,0.7175,0
2104.6,30.3,Loamy,34.7,10.7,Low,Jackfruit,0.827,1
1392.9,19.8,Red,65.3,10.4,Medium,Jackfruit,0.7779,1
594.5,24.1,Alluvial,72.5,6.5,Medium,Mango,0.7333,1
1563.2,45.4,Clay,82.3,6.9,High,Mango,0.5263,1
2724.6,25.9,Alluvial,40.1,4.1,High,Coconut,0.7933,1
1930.8,19.0,Loamy,62.2,6.3,Low,Sapota,0.7887,0
1693.5,36.5,Loamy,32.3,8.4,Medium,Jackfruit,0.7367,1
1612.5,29.8,Sandy,28.3,8.8,Medium,Guava,0.7897,1
1693.8,28.4,Clay,59.2,11.1,Medium,Banana,0.8154,1
1723.7,19.9,Loamy,54.2,11.0,Medium,Lemon,0.7529,0
2982.5,34.5,Loamy,44.1,8.5,Medium,Banana,0.6959,1
960.1,38.4,Sandy,26.0,9.1,Medium,Guava,0.8566,1
2839.6,29.2,Alluvial,72.0,9.9,Low,Coconut,0.7764,1
1259.6,41.7,Loamy,56.1,9.2,Medium,Papaya,0.6421,1
1203.7,32.7,Sandy,39.3,6.4,High,Sapota,0.8195,1
499.5,15.2,Clay,59.1,7.7,High,Banana,0.4996,1
419.1,24.6,Red,52.3,9.1,Low,Pomegranate,0.7698,1
1441.0,22.2,Black,51.1,10.9,Medium,Amla,0.9004,1
577.9,27.6,Alluvial,89.2,10.2,Medium,Sapota,0.7376,0
1380.6,19.1,Black,30.8,8.2,High,Mango,0.6868,1
2945.5,11.2,Alluvial,54.8,5.3,Low,Sapota,0.4666,0
445.2,33.3,Loamy,36.4,10.6,High,Pomegranate,0.7915,1
1869.5,40.5,Sandy,83.7,12.0,Medium,Pomegranate,0.5048,1
1787.2,36.0,Loamy,25.7,5.2,Medium,Jackfruit,0.8022,1
2033.1,37.2,Loamy,87.8,9.7,Medium,Guava,0.7686,1
1063.5,26.4,Loamy,15.5,8.6,High,Pomegranate,0.768,0
866.5,17.7,Red,23.9,10.6,Low,Sapota,0.791,1
3043.3,43.7,Clay,9.0,5.5,Medium,Papaya,0.3568,0
2060.3,26.2,Sandy,77.8,7.8,Medium,Papaya,0.6945,1
1165.6,24.0,Loamy,17.9,9.2,Low,Pomegranate,0.8424,1
782.0,28.1,Sandy,70.0,6.2,Low,Papaya,0.6732,0
1035.1,17.9,Loamy,81.7,8.3,High,Jackfruit,0.7354,1
2438.0,26.5,Black,63.0,11.5,Medium,Mango,0.7984,1
2826.9,24.8,Loamy,36.0,10.3,Medium,Jackfruit,0.7804,0
1091.8,20.2,Loamy,34.7,6.8,Medium,Lemon,0.8576,1
1097.4,21.5,Sandy,69.3,8.2,Medium,Papaya,0.6416,1
2191.7,29.2,Clay,24.0,10.8,Low,Sapota,0.6285,0
790.9,20.2,Red,40.9,10.0,Medium,Sapota,0.7949,1
2286.7,29.8,Black,46.4,10.9,High,Mango,0.728,0
2432.8,36.0,Loamy,91.6,9.0,High,Coconut,0.742,1
1665.5,37.4,Loamy,46.0,5.1,High,Banana,0.7426,1
1751.3,20.9,Clay,70.2,10.5,Medium,Mango,0.7033,1
706.2,24.1,Clay,74.5,11.5,High,Jackfruit,0.6423,1
689.7,35.9,Loamy,23.8,10.0,Low,Papaya,0.7017,1
592.3,38.8,Loamy,13.3,6.7,Low,Pomegranate,0.7249,1
1447.2,22.2,Red,41.9,5.6,Medium,Mango,0.7222,1
2505.7,26.1,Loamy,22.7,5.2,High,Jackfruit,0.7344,1
1231.0,29.2,Red,25.4,10.4,High,Papaya,0.7477,0
2324.4,21.7,Loamy,33.4,9.6,Medium,Mango,0.7237,1
2186.3,24.8,Loamy,40.8,10.8,Medium,Banana,0.8334,1
1516.1,16.9,Loamy,42.6,8.8,Medium,Jackfruit,0.7611,1
700.6,24.0,Alluvial,37.4,7.5,Medium,Jackfruit,0.7076,1
1483.1,18.2,Red,61.6,6.8,Medium,Guava,0.8245,1
2839.7,29.7,Sandy,20.1,11.8,Medium,Guava,0.6852,1
2874.6,32.3,Alluvial,26.9,9.6,Low,Coconut,0.7254,0
3579.3,37.8,Alluvial,71.1,3.9,Medium,Banana,0.55,1
1278.0,35.6,Clay,38.8,9.7,Low,Banana,0.7277,1
1584.0,21.4,Black,20.1,10.4,High,Mango,0.6947,1
1945.1,38.5,Sandy,89.5,11.2,Low,Guava,0.7079,0
1863.0,36.4,Sandy,63.3,11.1,Medium,Coconut,0.7778,1
704.1,42.9,Sandy,23.3,6.7,Medium,Amla,0.8669,1
2801.7,30.4,Clay,63.7,3.2,Low,Jackfruit,0.7292,0
1152.7,22.6,Alluvial,61.8,11.1,Medium,Coconut,0.8178,1
236.6,44.5,Loamy,56.9,8.8,High,Amla,0.7474,1
2972.8,19.9,Loamy,88.2,4.6,Low,Banana,0.7025,1
247.2,20.2,Loamy,23.5,4.3,High,Coconut,0.4403,0
1467.2,19.1,Loamy,34.6,11.0,Medium,Amla,0.8031,0
1365.9,32.4,Red,74.9,7.7,Medium,Banana,0.7297,0
1283.0,37.2,Clay,25.2,11.5,Medium,Amla,0.9071,1
3723.3,43.2,Red,40.9,11.7,High,Banana,0.4293,1
2809.0,21.4,Alluvial,53.7,9.0,High,Jackfruit,0.7852,1
937.1,17.0,Alluvial,38.4,11.1,Medium,Amla,0.8383,0
1525.2,30.8,Loamy,32.5,8.5,Medium,Guava,0.8273,0
2887.5,25.8,Loamy,34.0,8.6,Medium,Pomegranate,0.6543,1
1757.2,37.8,Clay,65.3,7.6,Medium,Banana,0.6965,1
3435.0,37.6,Alluvial,5.1,4.0,Medium,Lemon,0.5219,1
1862.9,34.5,Red,29.4,9.8,High,Sapota,0.8078,1
2161.4,14.6,Loamy,54.5,4.8,High,Coconut,0.5693,1
3651.0,28.5,Alluvial,78.8,4.4,Low,Amla,0.6091,1
2490.3,38.3,Black,41.6,7.9,Medium,Mango,0.6496,1
2974.7,22.8,Red,49.5,9.9,High,Jackfruit,0.6685,1
1270.3,27.0,Red,72.4,11.2,Medium,Lemon,0.8055,0
2329.2,22.4,Loamy,61.6,10.4,Medium,Papaya,0.6634,1
467.7,25.0,Alluvial,53.7,5.6,Low,Lemon,0.6571,1
2423.0,38.7,Alluvial,52.4,7.8,Medium,Jackfruit,0.7307,1
402.5,39.1,Loamy,62.3,8.1,Low,Coconut,0.615,1
299.8,28.3,Red,56.6,10.4,Medium,Pomegranate,0.7371,0
1010.4,25.7,Sandy,70.9,9.3,Low,Coconut,0.7781,1
2900.3,32.8,Clay,56.8,11.2,Medium,Banana,0.8412,1
2353.9,17.5,Black,69.4,7.8,Medium,Jackfruit,0.7302,1
2715.6,24.7,Loamy,84.9,5.3,Medium,Jackfruit,0.695,1
757.0,34.6,Red,92.5,8.6,Medium,Coconut,0.7146,1
1754.7,34.0,Clay,27.0,3.4,Low,Banana,0.6903,0
1677.8,30.6,Alluvial,27.1,10.4,Medium,Sapota,0.874,1
2955.6,15.1,Black,50.2,10.0,Low,Guava,0.4801,1
3124.6,22.0,Red,31.9,5.8,Low,Banana,0.61,1
1609.6,17.6,Red,50.1,9.3,Medium,Guava,0.7517,0
938.8,33.3,Red,56.8,9.6,Medium,Coconut,0.7854,1
2556.4,20.5,Red,86.9,3.4,Medium,Mango,0.5623,1
1964.6,23.2,Sandy,85.0,6.4,High,Sapota,0.7655,0
1196.0,21.9,Red,41.2,6.1,Medium,Guava,0.8216,1
1358.2,15.5,Red,20.4,9.1,Medium,Jackfruit,0.6544,1
1801.9,26.3,Red,64.9,6.8,Medium,Papaya,0.783,1
779.2,21.0,Alluvial,37.9,8.3,High,Pomegranate,0.8546,1
748.3,30.1,Loamy,60.0,10.4,Low,Jackfruit,0.7311,1
1091.9,36.7,Loamy,36.3,10.9,Medium,Guava,0.7989,0
643.1,38.5,Alluvial,35.7,9.2,Low,Lemon,0.8165,1
396.8,21.7,Black,72.6,10.0,Medium,Pomegranate,0.7488,1
1406.7,24.9,Clay,82.3,7.1,Low,Banana,0.8001,1
1883.4,23.1,Alluvial,61.6,7.4,High,Lemon,0.6531,0
2387.8,25.3,Red,73.6,8.3,High,Coconut,0.7246,1
1906.4,27.0,Sandy,89.0,10.1,Low,Sapota,0.7479,1
2783.2,10.9,Sandy,88.3,6.9,Medium,Pomegranate,0.3614,1
2706.0,28.1,Sandy,29.0,9.6,Medium,Coconut,0.7722,0
1179.5,27.9,Red,38.9,6.0,Medium,Papaya,0.6761,1
1692.0,41.8,Red,74.2,11.3,Low,Amla,0.8296,1
365.3,35.8,Clay,36.3,7.9,Medium,Guava,0.7552,1
2116.9,39.1,Loamy,46.7,5.7,Medium,Papaya,0.6811,0
1273.6,22.8,Alluvial,74.1,9.1,Medium,Pomegranate,0.766,1
1517.9,24.8,Red,28.7,9.3,Medium,Mango,0.7599,1
1453.9,12.1,Alluvial,89.0,6.6,High,Amla,0.6288,1
3994.8,29.0,Alluvial,41.9,11.2,High,Guava,0.6975,1
3747.5,47.0,Red,47.5,8.7,High,Sapota,0.4782,0
799.2,18.0,Alluvial,88.1,9.6,Medium,Guava,0.8416,1
1679.0,33.8,Clay,49.1,4.3,High,Guava,0.8326,1
1694.3,39.9,Black,24.8,10.1,Low,Sapota,0.7606,0
2003.8,34.6,Black,28.7,7.3,High,Mango,0.8059,1
2639.9,36.7,Red,82.9,10.6,Medium,Papaya,0.614,0
1642.8,28.3,Black,31.3,8.4,Medium,Guava,0.7739,1
2657.6,22.6,Loamy,91.3,9.0,High,Coconut,0.7383,0
894.0,20.3,Alluvial,79.4,7.6,High,Guava,0.9001,1
464.2,19.7,Red,37.3,10.0,Medium,Amla,0.9187,1
1115.6,22.8,Red,46.1,8.1,Medium,Papaya,0.7657,1
3887.2,13.3,Alluvial,19.6,6.2,Medium,Sapota,0.4992,1
3007.6,44.0,Alluvial,61.3,10.3,High,Lemon,0.4785,0
2099.8,31.3,Sandy,29.6,9.3,Medium,Papaya,0.78,1
1162.4,38.6,Alluvial,28.9,9.9,High,Amla,0.8548,1
1067.9,37.9,Sandy,79.7,9.2,Medium,Lemon,0.7173,1
1088.7,24.7,Sandy,19.7,8.6,High,Pomegranate,0.8946,1
831.6,31.5,Alluvial,29.1,8.8,Medium,Jackfruit,0.7444,1
1876.2,20.8,Loamy,46.1,10.3,Medium,Mango,0.7319,1
3175.7,22.5,Loamy,43.5,8.8,Low,Banana,0.6995,1
2780.5,25.2,Red,73.9,11.4,High,Banana,0.7797,1
2197.2,34.0,Alluvial,59.6,9.3,Low,Coconut,0.826,1
4005.2,10.0,Red,46.1,12.0,High,Papaya,0.4393,0
1821.9,15.2,Loamy,8.1,9.2,Low,Lemon,0.6222,0
853.9,40.2,Red,70.5,7.6,Medium,Papaya,0.6146,1
764.9,17.0,Alluvial,67.4,10.3,Medium,Pomegranate,0.746,0
2744.3,28.4,Loamy,79.7,11.8,Low,Sapota,0.693,0
1822.6,21.5,Alluvial,69.4,8.3,Medium,Banana,0.8157,1
1016.2,18.7,Clay,5.1,6.0,Low,Amla,0.8448,1
624.2,20.5,Alluvial,46.8,6.2,Low,Lemon,0.7803,0
743.2,24.3,Alluvial,89.4,7.2,High,Coconut,0.7205,1
2152.0,19.6,Loamy,79.2,7.9,Low,Papaya,0.7077,1
1410.7,22.8,Alluvial,63.5,6.1,Low,Amla,0.8535,1
3234.0,23.6,Alluvial,53.3,6.4,High,Sapota,0.7274,0
2427.6,38.0,Loamy,80.0,10.6,Medium,Banana,0.6952,1
2857.6,28.6,Red,32.0,9.8,Medium,Sapota,0.608,1
1286.9,17.7,Sandy,44.7,6.4,Low,Sapota,0.7589,1
2370.0,18.9,Alluvial,48.1,9.3,Medium,Papaya,0.6184,0
864.9,36.2,Loamy,75.7,8.4,Low,Papaya,0.7638,1
406.0,28.5,Black,61.0,11.0,Medium,Pomegranate,0.8076,1
3536.0,20.9,Red,72.8,10.7,Medium,Pomegranate,0.5991,0
2547.2,20.2,Alluvial,78.8,8.2,Medium,Banana,0.8051,1
1897.0,37.2,Red,27.0,7.2,Low,Guava,0.8276,0
1622.9,26.1,Loamy,64.6,9.2,Low,Banana,0.7777,1
1673.5,19.3,Sandy,63.2,9.9,Medium,Papaya,0.7453,1
2506.6,28.0,Clay,49.3,11.3,High,Banana,0.7513,1
1395.4,19.6,Loamy,65.1,7.7,Medium,Pomegranate,0.7032,1
1855.4,36.5,Sandy,37.2,6.0,High,Lemon,0.6713,1
2497.0,34.0,Alluvial,34.1,5.5,Low,Jackfruit,0.739,1
2103.8,23.2,Alluvial,27.0,7.8,Low,Sapota,0.755,0
759.3,12.8,Loamy,82.2,7.9,High,Amla,0.7935,0
466.0,20.9,Red,43.6,9.1,Medium,Lemon,0.7697,1
494.7,28.8,Clay,91.1,4.7,Low,Lemon,0.5813,0
937.5,44.3,Red,49.4,11.9,High,Amla,0.8497,1
858.9,18.7,Clay,71.2,9.6,Medium,Jackfruit,0.7273,1
2652.8,30.6,Red,36.9,8.3,High,Banana,0.6994,1
1596.5,17.5,Black,46.9,9.8,Low,Sapota,0.7431,1
1475.4,27.7,Red,22.0,9.5,High,Lemon,0.8118,1
2613.3,36.4,Sandy,38.7,6.9,Low,Banana,0.6572,1
1191.1,15.4,Loamy,51.4,9.5,Medium,Lemon,0.7439,1
1121.1,37.1,Clay,40.8,4.6,Medium,Banana,0.6985,0
2787.0,19.2,Red,66.8,8.3,High,Banana,0.6684,1
961.6,30.2,Sandy,78.9,10.4,Medium,Pomegranate,0.774,1
1183.1,40.0,Black,46.4,6.4,High,Mango,0.719,0
406.0,36.2,Red,41.5,7.3,Medium,Pomegranate,0.8332,1
1408.3,27.8,Red,68.6,10.7,Low,Lemon,0.7639,1
2006.3,33.9,Red,37.3,7.7,Low,Jackfruit,0.8709,1
1900.9,10.9,Clay,29.2,7.9,Medium,Mango,0.571,1
1764.1,13.2,Alluvial,11.1,9.3,High,Lemon,0.5532,0
2064.0,38.2,Loamy,57.4,5.9,Medium,Sapota,0.7711,0
752.5,38.7,Red,30.8,7.0,Medium,Pomegranate,0.8043,1
1179.4,36.2,Red,26.0,9.5,Low,Papaya,0.7513,1
300.9,19.6,Alluvial,51.8,7.7,High,Mango,0.6385,1
2075.1,36.1,Black,92.9,10.0,Low,Papaya,0.6178,0
895.0,19.6,Alluvial,83.8,11.0,High,Sapota,0.7765,1
1339.8,40.2,Black,54.1,6.7,Medium,Sapota,0.7846,1
289.6,14.7,Sandy,81.8,10.5,Low,Banana,0.3611,1
1891.3,30.2,Red,7.3,7.4,Low,Jackfruit,0.7529,1
994.6,27.1,Red,60.1,3.9,Low,Papaya,0.7257,1
641.1,24.3,Black,70.4,3.7,High,Sapota,0.788,1
1082.6,39.9,Alluvial,61.0,7.7,High,Sapota,0.732,0
2413.6,35.8,Loamy,71.3,11.3,Medium,Coconut,0.819,0
946.3,40.4,Alluvial,21.4,9.2,Medium,Pomegranate,0.8093,1
1840.1,38.8,Loamy,52.5,10.2,Medium,Papaya,0.7535,1
812.4,28.1,Sandy,76.8,8.9,High,Papaya,0.6869,1
934.2,28.4,Alluvial,37.1,9.1,Medium,Pomegranate,0.779,0
3290.7,20.8,Alluvial,39.7,7.5,Low,Jackfruit,0.6248,0
716.3,41.0,Black,79.4,5.8,High,Sapota,0.6931,1
400.3,20.3,Alluvial,62.0,9.2,Low,Guava,0.7447,1
1329.2,41.0,Red,54.2,8.8,Medium,Amla,0.8899,1
989.1,33.3,Loamy,74.4,4.8,Medium,Jackfruit,0.7782,1
1745.9,44.6,Clay,21.7,10.3,Low,Papaya,0.5553,0
2140.1,19.4,Loamy,77.3,7.3,Medium,Sapota,0.761,1
2064.6,33.1,Red,38.0,8.7,Medium,Jackfruit,0.8128,1
1743.5,33.4,Red,49.7,6.5,High,Jackfruit,0.8041,1
501.4,21.6,Loamy,22.2,5.4,Low,Mango,0.558,1
1482.6,28.1,Red,61.5,6.3,Medium,Sapota,0.8688,1
871.5,29.4,Red,25.5,6.5,Medium,Amla,0.8954,1
1918.2,39.4,Red,88.3,9.4,Low,Coconut,0.6898,0
2262.7,28.9,Sandy,21.1,4.0,High,Mango,0.5647,1
3217.2,24.8,Sandy,41.6,5.4,High,Papaya,0.5441,1
1735.2,41.0,Sandy,67.0,5.5,High,Papaya,0.6808,0
1381.7,32.6,Clay,59.4,10.7,Medium,Guava,0.8367,1
1571.9,33.5,Sandy,28.8,10.2,Low,Papaya,0.6796,1
1738.3,20.8,Black,66.9,9.3,Low,Amla,0.8042,1
1914.3,23.6,Loamy,44.6,7.7,Low,Guava,0.8568,1
2359.0,27.9,Alluvial,28.2,11.2,Medium,Lemon,0.6376,1
1935.9,21.8,Black,87.4,6.7,Medium,Guava,0.6769,0
2589.2,30.7,Alluvial,45.5,9.5,Low,Mango,0.6243,1
1641.5,33.6,Loamy,73.9,6.7,Low,Mango,0.7089,0
1926.3,37.3,Alluvial,40.4,10.9,Medium,Banana,0.7361,1
1931.1,34.3,Alluvial,41.2,7.3,High,Jackfruit,0.8247,1
535.6,23.3,Sandy,40.3,11.3,High,Pomegranate,0.8074,1
2096.9,34.6,Clay,84.5,9.8,Medium,Jackfruit,0.751,1
2403.8,16.0,Black,54.2,9.9,Low,Amla,0.6242,1
1525.1,18.9,Black,12.1,8.3,Medium,Amla,0.7986,1
326.6,34.7,Alluvial,67.9,5.7,Medium,Lemon,0.6074,0
317.5,40.5,Black,40.1,9.7,High,Banana,0.4667,1
542.0,37.5,Loamy,20.6,3.1,Low,Banana,0.6154,1
3059.2,35.1,Loamy,6.6,7.7,Medium,Lemon,0.5945,1
2556.0,28.2,Loamy,6.6,6.4,High,Coconut,0.7423,1
404.3,36.6,Alluvial,71.4,9.0,Low,Sapota,0.6494,1
3023.0,18.1,Red,82.1,9.0,Medium,Banana,0.67,1
1096.4,24.1,Red,68.8,10.0,High,Lemon,0.7807,1
1932.6,30.7,Clay,87.7,5.6,Low,Jackfruit,0.6874,1
925.1,18.5,Red,82.6,7.4,High,Papaya,0.6269,1
2266.1,23.1,Alluvial,64.9,6.7,Medium,Papaya,0.7475,0
1093.0,30.8,Red,28.4,8.8,High,Lemon,0.8113,0
2216.0,10.4,Loamy,28.5,5.9,High,Banana,0.5913,1
594.3,32.2,Alluvial,70.2,10.5,Medium,Mango,0.78,0
1296.8,26.3,Alluvial,28.8,5.9,Medium,Papaya,0.7316,1
2274.7,30.9,Red,77.7,10.8,Low,Jackfruit,0.7871,1
2547.8,36.2,Loamy,60.5,3.8,Low,Lemon,0.6469,0
1525.7,21.7,Red,46.0,4.8,Medium,Banana,0.7282,1
3516.0,26.7,Clay,72.8,8.2,High,Coconut,0.6276,0
2825.2,22.0,Clay,74.1,6.7,Medium,Jackfruit,0.7339,1
737.0,19.1,Loamy,34.0,5.9,Medium,Papaya,0.6624,1
3212.9,31.0,Alluvial,37.6,6.3,Medium,Guava,0.6338,1
1199.2,18.9,Alluvial,24.8,9.8,Medium,Sapota,0.7279,0
1609.1,35.9,Red,62.0,7.4,Low,Jackfruit,0.8288,1
1362.7,38.3,Alluvial,82.2,6.4,Low,Sapota,0.823,1
2334.3,47.6,Clay,18.7,3.7,Low,Amla,0.5397,1
1721.3,24.6,Red,56.5,7.8,Medium,Mango,0.7745,1
803.6,34.4,Sandy,40.9,8.7,Medium,Coconut,0.7589,1
2251.8,31.7,Loamy,50.3,6.2,Medium,Banana,0.7755,0
2156.4,22.5,Clay,26.9,5.3,Medium,Guava,0.7411,1
1080.0,40.3,Loamy,66.0,7.6,High,Sapota,0.7718,0
749.7,37.1,Black,20.6,8.9,Medium,Pomegranate,0.7554,1
3374.0,26.6,Black,42.4,11.0,Medium,Jackfruit,0.6002,1
4170.5,36.5,Alluvial,31.4,9.0,High,Mango,0.6311,1
1807.2,38.9,Sandy,72.6,10.9,High,Coconut,0.7204,1
683.1,35.2,Black,82.3,8.6,Medium,Sapota,0.84,1
2794.8,18.2,Clay,65.2,4.9,Medium,Papaya,0.45,0
1588.5,24.5,Red,21.4,9.8,Low,Mango,0.8244,1
2556.9,35.2,Clay,82.5,10.8,Medium,Pomegranate,0.519,1
2294.1,47.4,Red,39.7,11.6,Medium,Banana,0.6461,0
1843.0,27.4,Red,16.4,8.9,Medium,Lemon,0.7165,1
2212.9,23.2,Alluvial,92.4,6.8,High,Guava,0.717,1
2059.4,22.3,Loamy,26.9,11.3,High,Papaya,0.6672,1
2451.3,29.6,Sandy,94.1,11.0,High,Coconut,0.765,0
744.5,34.5,Loamy,79.4,9.2,Low,Mango,0.7116,1
3892.1,42.5,Loamy,54.0,3.7,High,Coconut,0.4486,1
1253.7,33.0,Loamy,20.8,6.4,Low,Mango,0.7119,1
2125.4,24.2,Red,52.2,5.6,Medium,Jackfruit,0.7906,0
1840.2,26.2,Alluvial,78.2,11.4,Low,Papaya,0.7039,1
2752.2,14.2,Clay,56.2,4.3,High,Amla,0.5312,1
1370.8,29.3,Black,40.9,6.8,Medium,Pomegranate,0.6689,1
1079.5,24.0,Red,37.8,11.6,High,Guava,0.878,1
416.9,19.7,Alluvial,29.0,9.9,High,Pomegranate,0.7121,1
1842.6,36.1,Loamy,69.8,7.1,Medium,Coconut,0.8093,0
1114.1,32.1,Loamy,53.6,5.7,Medium,Lemon,0.7228,1
1985.3,38.8,Black,22.8,8.9,High,Mango,0.7264,1
1540.9,22.4,Clay,33.3,7.2,Low,Amla,0.8515,1
1824.3,24.5,Alluvial,37.2,8.9,Low,Papaya,0.6986,1
2637.3,35.7,Red,93.8,8.0,High,Coconut,0.803,1
865.2,34.3,Red,52.9,8.6,Medium,Coconut,0.711,1
2135.9,18.7,Red,85.0,11.2,Medium,Jackfruit,0.7661,0
530.9,15.1,Red,48.5,9.9,Low,Amla,0.7708,1
3177.8,43.8,Alluvial,62.8,10.6,Medium,Pomegranate,0.497,1
3161.9,15.4,Red,72.8,9.9,High,Mango,0.4693,1
1858.7,32.8,Alluvial,43.0,6.8,Medium,Banana,0.7532,1
1398.5,41.5,Black,63.5,6.7,Medium,Jackfruit,0.6314,1
1683.8,29.2,Alluvial,80.6,4.3,High,Coconut,0.7708,1
1162.8,15.5,Alluvial,58.1,9.2,Medium,Lemon,0.881,1
1425.5,47.4,Sandy,27.4,7.3,Low,Pomegranate,0.5434,1
1824.0,10.5,Alluvial,12.2,5.8,Low,Mango,0.5824,0
2037.0,22.5,Alluvial,57.3,6.8,Low,Mango,0.809,1
1164.6,30.8,Alluvial,88.8,7.8,High,Jackfruit,0.7579,1
2697.8,26.3,Red,61.0,7.0,Medium,Banana,0.8088,1
1472.4,31.0,Alluvial,34.8,11.3,Medium,Mango,0.7362,1
1212.8,21.1,Red,63.3,6.8,Low,Lemon,0.8058,1
3005.6,35.5,Clay,73.2,7.5,High,Coconut,0.7258,1
836.8,20.1,Loamy,49.3,8.0,Medium,Pomegranate,0.8156,1
235.7,29.0,Black,37.2,11.8,Medium,Papaya,0.508,1
532.0,29.7,Black,66.3,10.7,Medium,Mango,0.7172,0
793.2,33.0,Sandy,69.4,6.4,Medium,Coconut,0.66,1
504.7,23.7,Red,18.0,10.7,Medium,Amla,0.8998,1
1011.7,39.1,Black,27.6,10.6,Medium,Sapota,0.8241,1
2498.6,16.9,Red,37.5,7.8,Medium,Sapota,0.623,1
611.0,45.2,Loamy,12.8,8.6,Low,Coconut,0.5403,0
3147.3,42.3,Sandy,87.9,10.0,Low,Banana,0.5023,0
1483.4,33.2,Red,73.6,4.9,High,Jackfruit,0.7942,1
3095.9,14.6,Alluvial,86.2,3.6,Low,Mango,0.39,1
975.1,22.2,Clay,35.0,7.6,Low,Guava,0.8632,1
2396.7,40.3,Alluvial,27.2,8.8,High,Papaya,0.6432,0
1803.0,40.5,Loamy,51.4,11.0,Medium,Jackfruit,0.7474,1
628.2,16.4,Loamy,26.9,11.0,Medium,Pomegranate,0.7411,1
1580.3,41.8,Clay,54.7,9.8,Low,Amla,0.8334,1
1894.7,31.8,Clay,42.4,8.1,Low,Banana,0.6893,0
1304.6,33.4,Loamy,31.3,9.3,High,Lemon,0.7769,0
746.4,29.3,Red,49.7,6.5,Medium,Amla,0.8649,1
1577.7,30.7,Sandy,25.9,10.3,High,Coconut,0.8536,1
1626.6,35.0,Alluvial,81.8,9.7,High,Jackfruit,0.7357,1
2740.1,26.8,Red,49.2,9.1,Medium,Guava,0.7665,1
2687.9,39.6,Alluvial,46.6,5.8,High,Jackfruit,0.6886,1
1444.6,38.8,Sandy,38.6,7.1,Medium,Sapota,0.8459,1
1796.6,24.7,Red,75.4,11.1,Low,Mango,0.7424,1
3555.7,36.0,Clay,16.5,6.8,Medium,Papaya,0.5,1
421.3,22.2,Black,52.9,3.5,High,Pomegranate,0.7309,1
1162.2,20.4,Alluvial,87.9,3.7,Medium,Guava,0.6901,1
705.9,19.7,Alluvial,51.4,6.8,Medium,Mango,0.6893,1
1440.9,22.2,Clay,40.0,7.9,Medium,Guava,0.7808,1
3110.6,42.1,Alluvial,44.6,11.1,High,Pomegranate,0.5678,0
819.7,17.4,Clay,48.6,7.9,Low,Amla,0.8188,1
2993.8,19.8,Loamy,41.8,8.5,High,Banana,0.7209,1
1797.3,10.2,Clay,89.4,4.3,Medium,Papaya,0.4741,0
1784.6,16.0,Clay,39.7,10.3,Medium,Pomegranate,0.476,1
1606.2,38.6,Sandy,32.0,9.6,Medium,Papaya,0.6408,1
3330.6,35.4,Black,23.6,4.8,Medium,Papaya,0.4507,1
2091.2,21.9,Clay,83.3,5.0,High,Jackfruit,0.7107,0
1209.3,25.8,Black,12.4,8.5,High,Mango,0.7294,1
2468.5,23.5,Alluvial,65.8,4.5,Low,Jackfruit,0.7733,0
443.2,27.3,Black,68.6,11.5,Medium,Pomegranate,0.8013,0
1478.4,34.9,Loamy,71.2,7.5,Medium,Coconut,0.8396,1
1062.2,19.4,Loamy,92.9,5.6,High,Banana,0.6591,1
1916.0,28.0,Alluvial,30.6,6.8,Low,Jackfruit,0.7751,1
935.7,39.1,Sandy,66.4,7.2,Medium,Pomegranate,0.7765,1
247.3,41.3,Red,63.7,7.8,Medium,Pomegranate,0.6613,0
1024.7,24.5,Clay,42.9,7.1,Medium,Guava,0.8891,1
1260.0,28.8,Loamy,46.8,6.2,High,Papaya,0.7103,0
2102.6,38.2,Alluvial,84.0,8.9,High,Sapota,0.8029,1
1221.4,21.0,Sandy,42.5,8.6,High,Pomegranate,0.701,1
2270.3,21.1,Loamy,61.0,8.2,High,Coconut,0.7469,0
3740.4,39.9,Loamy,67.6,6.5,Medium,Jackfruit,0.593,1
578.8,41.4,Red,44.3,9.5,Medium,Amla,0.8217,1
2319.8,29.6,Red,79.0,9.2,High,Amla,0.6162,1
2403.0,20.2,Loamy,50.4,10.8,Medium,Mango,0.7398,0
1657.1,38.4,Alluvial,48.8,11.0,Medium,Mango,0.7444,0
887.7,23.9,Sandy,41.4,5.8,Low,Pomegranate,0.6888,1
350.0,16.6,Black,58.4,11.2,Low,Pomegranate,0.7124,1
1441.7,43.7,Alluvial,16.9,3.0,High,Pomegranate,0.5882,1
1547.1,16.8,Alluvial,47.9,8.5,High,Sapota,0.7499,1
2845.3,21.2,Loamy,33.3,8.5,Medium,Coconut,0.6922,1
2882.9,34.5,Black,26.9,3.2,Medium,Guava,0.534,1
1512.1,39.5,Sandy,42.6,8.6,Low,Sapota,0.8144,0
1378.9,35.2,Sandy,58.3,10.9,Low,Lemon,0.7902,1
606.3,18.9,Alluvial,71.1,11.1,High,Pomegranate,0.7237,0
1518.3,24.8,Sandy,40.7,9.2,Medium,Amla,0.836,1
1078.4,37.0,Sandy,68.4,10.9,Low,Papaya,0.7396,1
1292.5,25.4,Red,36.4,7.6,Medium,Mango,0.7602,1
1783.0,28.1,Loamy,77.9,8.4,Medium,Sapota,0.8398,1
2210.5,35.8,Red,90.7,11.2,Low,Papaya,0.651,1
2065.3,27.9,Alluvial,38.4,7.4,Low,Amla,0.7469,1
957.8,34.4,Alluvial,31.9,6.9,High,Papaya,0.746,1
2817.5,21.0,Loamy,66.0,7.2,Medium,Jackfruit,0.7289,1
370.7,36.5,Clay,83.0,10.5,Low,Guava,0.7362,1
797.9,36.0,Sandy,14.2,10.5,Medium,Amla,0.8523,1
941.1,42.2,Clay,36.2,11.3,Medium,Amla,0.8626,1
2245.4,29.1,Alluvial,76.8,8.8,High,Mango,0.7032,1
659.5,16.9,Loamy,79.2,3.9,High,Lemon,0.7513,1
2943.1,15.4,Loamy,29.0,4.1,Low,Pomegranate,0.4856,0
896.4,28.5,Alluvial,61.4,7.4,Low,Papaya,0.6949,1
1199.3,16.0,Black,67.8,6.8,High,Pomegranate,0.6609,1
3919.8,14.2,Sandy,38.4,8.0,High,Sapota,0.5386,0
961.1,20.7,Sandy,29.3,5.1,High,Pomegranate,0.8261,1
595.6,33.8,Black,42.9,5.5,Medium,Sapota,0.7786,1
1003.8,23.4,Red,43.5,10.9,Medium,Lemon,0.7632,1
1403.8,17.4,Alluvial,80.6,6.0,Medium,Lemon,0.7586,1
2753.6,22.0,Alluvial,29.7,7.5,Medium,Jackfruit,0.6801,1
1785.2,31.0,Loamy,58.0,8.0,Medium,Lemon,0.7918,1
3063.4,34.3,Red,25.5,10.7,Low,Coconut,0.6714,0
533.1,18.8,Red,37.6,9.7,High,Pomegranate,0.829,0
2594.1,25.7,Red,79.5,8.3,Medium,Jackfruit,0.8105,1
1408.3,27.9,Alluvial,74.1,6.5,High,Coconut,0.7818,1
1060.7,16.9,Clay,79.8,9.6,Medium,Amla,0.7947,1
1876.8,21.3,Alluvial,47.3,3.8,Medium,Guava,0.7676,1
1772.4,40.2,Black,82.5,8.6,Medium,Mango,0.6765,0
474.2,14.7,Loamy,38.0,9.3,Medium,Amla,0.8303,1
709.3,37.2,Sandy,35.8,7.8,High,Pomegranate,0.7786,1
1988.3,23.8,Sandy,25.0,8.2,High,Guava,0.8352,0
1921.7,21.4,Black,74.2,4.3,High,Papaya,0.6353,0
2751.8,16.7,Clay,54.8,10.9,Low,Jackfruit,0.6655,1
1354.2,31.2,Red,55.9,9.8,Medium,Sapota,0.769,1
720.8,28.3,Alluvial,11.1,7.4,Medium,Pomegranate,0.8594,1
1005.1,32.6,Alluvial,6.9,6.6,Medium,Banana,0.4889,0
1374.0,22.0,Loamy,47.4,9.1,Medium,Guava,0.8973,0
3673.4,33.8,Black,6.7,4.9,High,Coconut,0.493,1
737.1,19.2,Black,70.4,8.9,Medium,Mango,0.7062,1
4011.7,44.7,Black,10.1,5.2,Medium,Banana,0.2421,0
1113.8,26.5,Alluvial,55.9,6.2,Low,Papaya,0.7449,1
799.2,35.4,Loamy,56.5,6.5,Low,Pomegranate,0.8633,1
1177.5,47.1,Red,93.7,3.6,High,Jackfruit,0.5652,0
1462.3,43.4,Black,56.3,10.7,Medium,Amla,0.7934,1
3154.2,20.1,Sandy,6.5,7.3,High,Guava,0.6231,1
539.2,24.8,Alluvial,35.9,8.9,Medium,Mango,0.6685,0
1668.5,36.2,Sandy,50.2,8.9,High,Coconut,0.7693,1
3305.8,15.8,Alluvial,74.1,6.5,High,Sapota,0.5335,1
2060.7,32.8,Red,34.3,8.7,High,Guava,0.8407,1
1553.3,40.3,Loamy,86.7,8.2,Medium,Sapota,0.7209,1
1937.3,34.2,Red,83.7,11.4,Low,Mango,0.7302,0
1927.6,25.5,Alluvial,24.0,9.7,High,Mango,0.7629,1
2274.5,25.5,Clay,81.9,11.2,Medium,Jackfruit,0.7635,1
2095.6,31.3,Clay,93.2,11.4,High,Banana,0.886,1
2031.2,28.2,Alluvial,45.5,8.8,Low,Guava,0.8487,1
548.5,42.1,Black,77.7,6.2,Low,Amla,0.8184,1
1071.5,27.0,Clay,38.2,11.4,Medium,Jackfruit,0.7827,0
1572.1,39.7,Loamy,25.7,5.1,High,Sapota,0.7787,1
1727.1,17.5,Loamy,75.8,8.0,Medium,Sapota,0.7493,1
1602.6,18.1,Loamy,71.7,9.6,Medium,Jackfruit,0.7461,0
1095.8,28.1,Clay,59.2,8.8,High,Jackfruit,0.7595,1
1258.9,18.2,Clay,55.6,9.8,Medium,Banana,0.7177,1
1308.8,20.9,Sandy,50.2,7.4,High,Coconut,0.7739,1
3643.9,31.1,Alluvial,12.9,9.3,High,Pomegranate,0.5767,0
1777.6,28.2,Clay,78.8,7.3,Medium,Amla,0.7092,1
419.2,24.4,Sandy,75.4,11.0,Medium,Guava,0.7481,1
2203.7,12.2,Clay,22.5,5.0,High,Papaya,0.39,0
1100.9,20.5,Clay,92.0,9.2,High,Banana,0.7162,1
2529.3,16.5,Clay,87.2,9.1,High,Banana,0.6878,1
584.0,26.9,Sandy,74.1,8.1,Low,Amla,0.8594,1
2981.5,19.0,Clay,7.3,10.0,High,Coconut,0.5515,1
2457.4,18.2,Black,34.6,7.7,Low,Mango,0.6253,1
1582.8,23.6,Loamy,83.3,9.7,Low,Coconut,0.7523,0
428.0,19.9,Sandy,64.3,5.8,Medium,Sapota,0.7322,1
1889.2,18.4,Clay,76.2,11.1,High,Jackfruit,0.7858,1
1900.5,21.0,Loamy,81.4,5.2,High,Jackfruit,0.7096,1
541.4,26.2,Black,17.1,10.6,Low,Pomegranate,0.7859,1
896.4,23.8,Loamy,50.0,11.1,Low,Lemon,0.7826,1
4155.1,12.7,Black,9.1,4.3,Medium,Guava,0.3711,1
3044.1,24.5,Alluvial,87.0,5.5,Medium,Guava,0.555,0
1032.8,26.2,Clay,93.9,5.2,Low,Banana,0.6574,1
2250.6,26.0,Red,40.2,6.9,Medium,Mango,0.7306,1
887.1,20.1,Clay,40.3,4.5,Medium,Papaya,0.5605,0
1382.5,22.6,Loamy,66.1,7.1,Medium,Lemon,0.7648,0
1600.7,25.2,Black,75.4,4.7,Medium,Coconut,0.7299,1
2892.4,47.6,Alluvial,84.5,7.3,Low,Mango,0.4551,1
2424.1,37.6,Alluvial,83.6,10.8,Medium,Mango,0.7231,1
1727.3,48.0,Red,17.6,6.5,Medium,Pomegranate,0.4193,0
1483.1,26.5,Loamy,44.3,5.5,Medium,Jackfruit,0.7553,1
3692.3,12.8,Black,81.5,10.0,Medium,Jackfruit,0.4115,0
3165.8,36.5,Clay,89.3,5.1,High,Guava,0.5171,0
1228.9,28.9,Red,77.5,7.2,Medium,Guava,0.8413,1
3139.4,27.7,Loamy,92.2,7.7,Medium,Banana,0.7418,0
1535.8,34.8,Loamy,51.7,6.2,Medium,Papaya,0.7145,1
1876.6,30.7,Alluvial,66.0,8.4,Medium,Jackfruit,0.8133,1
1012.7,18.6,Alluvial,64.1,8.3,Medium,Banana,0.7015,1
2136.0,19.7,Clay,70.7,7.3,Medium,Guava,0.8248,1
1461.9,22.4,Alluvial,19.9,8.0,High,Lemon,0.8212,1
2280.7,35.6,Red,40.9,4.5,Medium,Sapota,0.6855,1
1655.6,21.9,Alluvial,68.0,6.0,Medium,Jackfruit,0.8076,1
2058.1,39.6,Red,32.5,10.7,Low,Papaya,0.6698,0
1220.6,15.7,Red,33.4,7.5,Low,Lemon,0.7952,0
1443.0,29.6,Red,78.2,6.6,High,Lemon,0.7079,1
1215.3,31.4,Sandy,33.6,8.7,Medium,Pomegranate,0.8354,1
533.9,10.2,Red,7.7,8.1,Low,Guava,0.6454,0
1416.4,27.1,Sandy,53.9,3.9,Low,Guava,0.8733,1
2847.4,31.2,Alluvial,70.8,7.2,Medium,Mango,0.5889,0
1350.7,27.9,Loamy,84.8,4.9,Medium,Jackfruit,0.6988,1
2116.2,35.5,Alluvial,93.1,4.9,High,Banana,0.7827,1
944.9,24.4,Loamy,28.1,8.7,Medium,Jackfruit,0.7597,1
388.9,20.9,Red,50.5,8.8,Medium,Amla,0.8915,1
1204.9,41.2,Red,25.6,8.6,Low,Papaya,0.6946,1
1481.6,16.6,Sandy,45.0,11.4,Medium,Guava,0.7752,1
1660.7,15.6,Red,39.7,6.3,Low,Amla,0.7632,1
2034.3,17.0,Red,26.7,10.6,Medium,Sapota,0.7012,0
2240.3,19.2,Loamy,50.3,9.8,Medium,Jackfruit,0.7793,1
4098.8,15.1,Sandy,25.8,10.8,Low,Mango,0.3797,0
2570.2,37.2,Loamy,51.1,11.6,Low,Amla,0.6363,1
1320.6,20.9,Sandy,35.8,8.0,Medium,Coconut,0.7915,0
3129.9,24.4,Red,34.6,7.3,High,Banana,0.7326,1
1339.9,24.2,Alluvial,73.8,6.9,Low,Jackfruit,0.7528,0
3642.7,34.2,Alluvial,13.1,4.3,Low,Pomegranate,0.5364,1
3674.6,37.5,Black,72.1,8.0,High,Mango,0.5818,1
1343.6,20.0,Alluvial,72.1,7.3,Low,Lemon,0.7819,1
1472.6,28.2,Red,75.9,8.8,Medium,Mango,0.7853,1
1519.6,22.1,Red,46.4,11.1,Low,Papaya,0.7949,1
1880.1,30.7,Alluvial,43.2,9.2,Low,Papaya,0.7327,1
1545.9,30.1,Sandy,78.6,8.8,Low,Coconut,0.6938,1
778.3,27.2,Clay,82.3,6.0,Medium,Guava,0.7357,0
762.9,30.8,Clay,36.2,5.5,Low,Jackfruit,0.6327,1
1516.5,21.1,Alluvial,38.9,7.2,Medium,Jackfruit,0.7741,1
1436.7,20.3,Loamy,51.0,8.3,Medium,Banana,0.7131,0
1072.0,20.0,Loamy,16.7,5.9,High,Guava,0.7821,1
1057.3,31.0,Red,93.2,9.5,Medium,Coconut,0.7631,1
3074.2,39.0,Red,69.1,9.8,Medium,Sapota,0.5906,1
1936.7,31.2,Loamy,66.5,7.7,High,Banana,0.722,0
538.3,28.8,Alluvial,23.7,6.0,Medium,Lemon,0.7187,1
4190.1,39.0,Sandy,73.8,9.3,High,Pomegranate,0.5366,0
2973.5,46.0,Red,23.3,10.7,Medium,Pomegranate,0.4631,1
909.6,15.7,Clay,37.3,3.9,Low,Papaya,0.5864,1
2965.6,30.9,Clay,89.2,7.4,Low,Banana,0.727,0
754.6,23.3,Red,12.1,9.8,Medium,Pomegranate,0.8136,1
1996.8,19.2,Red,37.7,9.4,Low,Papaya,0.699,1
967.6,18.8,Loamy,26.0,6.2,Medium,Guava,0.8214,1
2271.7,36.8,Black,49.6,8.6,High,Lemon,0.5612,1
765.5,15.9,Loamy,69.7,9.6,Medium,Amla,0.7928,1
724.9,32.6,Alluvial,79.8,11.4,Medium,Amla,0.8185,1
579.0,41.2,Clay,24.3,3.2,Low,Coconut,0.4425,0
1355.3,24.4,Clay,38.2,10.9,Medium,Jackfruit,0.7663,1
1515.3,20.6,Loamy,55.0,11.1,Medium,Sapota,0.801,1
2982.9,37.4,Sandy,47.3,7.8,Medium,Papaya,0.5684,1
1127.2,29.3,Black,62.7,11.0,High,Pomegranate,0.7866,1
3518.3,37.0,Clay,14.5,10.5,High,Mango,0.4789,1
2126.1,44.4,Clay,7.7,9.5,High,Amla,0.6708,0
2634.4,33.3,Loamy,56.4,7.0,Medium,Coconut,0.807,1
738.7,30.6,Red,17.4,7.8,Medium,Amla,0.8784,1
694.9,23.5,Red,37.8,6.7,High,Lemon,0.7937,1
759.7,30.0,Sandy,54.0,10.6,Medium,Lemon,0.8095,1
1163.6,23.4,Alluvial,29.8,6.1,Medium,Lemon,0.7588,1
855.8,19.5,Loamy,55.9,6.2,High,Lemon,0.7715,1
1409.9,36.8,Clay,23.5,9.8,Medium,Amla,0.9016,1
1280.6,36.8,Red,20.6,8.1,Medium,Papaya,0.7751,0
1337.7,21.3,Sandy,6.0,8.9,High,Amla,0.9057,1
1685.4,24.0,Loamy,72.7,6.6,Low,Jackfruit,0.7655,0
1758.7,17.5,Alluvial,57.9,10.4,High,Banana,0.7116,1
1150.7,32.2,Alluvial,48.2,11.4,Low,Mango,0.7531,1
3063.5,34.5,Loamy,87.5,3.5,Low,Banana,0.6519,1
1338.7,34.9,Clay,59.6,8.7,High,Coconut,0.7612,0
535.5,23.1,Alluvial,35.3,7.8,Low,Lemon,0.7873,1
1610.9,14.3,Red,77.9,4.0,Medium,Pomegranate,0.4154,1
1146.4,34.8,Alluvial,85.9,8.6,Low,Banana,0.7934,1
494.8,26.5,Red,76.0,8.3,High,Sapota,0.7707,1
867.1,16.7,Black,51.6,8.4,High,Amla,0.7995,1
910.7,26.5,Loamy,40.5,9.1,High,Amla,0.8787,1
801.9,40.8,Sandy,5.6,7.8,Low,Amla,0.8745,0
2367.5,39.3,Loamy,73.4,6.3,Medium,Papaya,0.6368,1
313.8,42.1,Red,8.5,6.3,Medium,Amla,0.8332,1
616.1,38.4,Red,58.3,9.4,Low,Pomegranate,0.7686,1
1418.1,26.1,Red,34.3,9.4,Low,Papaya,0.7946,1
1913.2,38.6,Black,60.9,10.1,Low,Mango,0.7775,0
2999.6,20.5,Black,89.5,3.3,Low,Banana,0.5811,0
2464.6,26.8,Alluvial,41.9,9.5,High,Banana,0.7553,1
1979.4,32.5,Red,36.8,7.9,Medium,Papaya,0.782,0
1427.9,30.3,Sandy,49.9,7.9,Medium,Coconut,0.7819,1
645.1,32.5,Alluvial,89.6,8.0,Medium,Guava,0.8264,1
1951.4,20.8,Alluvial,50.8,9.7,Medium,Pomegranate,0.7209,1
1496.6,21.1,Sandy,53.5,8.6,Medium,Lemon,0.8388,0
1956.9,33.1,Black,46.5,5.4,High,Sapota,0.7468,1
415.6,46.7,Clay,29.0,6.3,Low,Lemon,0.4432,0
2737.6,28.7,Loamy,21.0,4.9,Medium,Pomegranate,0.5135,1
1594.4,20.5,Red,31.2,8.9,Medium,Mango,0.759,1
1675.6,24.8,Red,43.8,8.2,Medium,Lemon,0.7642,0
2191.2,23.8,Sandy,85.2,7.5,Medium,Guava,0.7575,1
2942.5,21.0,Red,51.4,7.4,Low,Sapota,0.671,1
757.3,39.7,Alluvial,41.7,7.7,Low,Amla,0.9452,1
3214.7,15.9,Clay,86.9,3.1,Low,Pomegranate,0.3557,1
824.3,20.8,Red,49.2,9.2,Medium,Mango,0.8409,0
1269.0,22.3,Black,33.9,7.7,High,Sapota,0.767,1
215.2,38.4,Black,37.5,4.7,Medium,Pomegranate,0.7001,1
2213.9,33.6,Black,33.4,7.1,Low,Mango,0.738,1
390.0,19.8,Sandy,15.7,7.1,Medium,Pomegranate,0.8046,1
1045.6,38.7,Red,38.4,9.6,Low,Mango,0.7486,0
580.4,25.8,Alluvial,73.9,3.7,High,Guava,0.6908,0
760.1,25.0,Loamy,34.6,9.9,Low,Amla,0.8836,1
1851.0,21.3,Loamy,19.2,6.3,High,Lemon,0.6743,1
1465.8,36.3,Sandy,27.2,7.0,Low,Lemon,0.78,1
990.8,18.7,Loamy,49.2,9.7,High,Sapota,0.7683,0
1083.3,33.6,Clay,62.5,8.4,Medium,Banana,0.7182,1
3209.6,33.5,Black,6.7,9.5,High,Coconut,0.6469,0
2213.6,23.5,Red,23.0,9.9,Medium,Papaya,0.6828,1
558.4,35.7,Sandy,40.5,10.7,Medium,Pomegranate,0.8694,1
2956.6,38.3,Loamy,41.3,8.4,Medium,Coconut,0.6489,1
692.5,34.9,Black,79.3,9.4,Medium,Mango,0.6673,1
1886.6,36.4,Red,62.5,11.5,Medium,Jackfruit,0.7818,1
2369.0,11.7,Alluvial,18.7,11.5,Medium,Sapota,0.5796,1
801.9,22.7,Black,25.5,9.5,Medium,Pomegranate,0.8361,1
1299.4,33.2,Loamy,57.3,10.0,Low,Lemon,0.7212,0
3575.5,35.6,Red,32.4,3.3,Medium,Guava,0.5503,1
983.8,21.8,Loamy,65.7,6.9,Medium,Lemon,0.7446,1
1222.5,23.2,Black,68.1,9.4,Medium,Amla,0.8787,1
324.9,19.2,Alluvial,25.1,7.3,Low,Amla,0.8755,1
3060.3,39.2,Sandy,15.8,3.9,High,Lemon,0.4646,1
2143.6,24.3,Red,41.2,8.5,Medium,Guava,0.8075,1
1659.3,35.4,Sandy,46.5,7.1,Medium,Amla,0.8555,0
1058.2,27.6,Loamy,70.7,9.2,Medium,Lemon,0.7775,1
3528.1,34.9,Black,27.6,7.8,High,Jackfruit,0.5758,0
274.1,25.4,Loamy,50.2,10.8,Medium,Amla,0.7672,0
1311.9,17.2,Loamy,36.0,7.3,Medium,Sapota,0.8361,1
2257.8,22.6,Clay,80.4,5.8,Medium,Mango,0.6859,1
1277.4,34.1,Red,56.6,8.7,High,Lemon,0.7511,1
2917.3,27.9,Sandy,39.9,6.4,Low,Mango,0.507,1
1396.9,32.9,Red,34.9,6.4,Medium,Guava,0.9259,1
336.2,17.8,Sandy,8.2,4.7,Medium,Coconut,0.4123,0
762.1,24.8,Black,61.8,8.3,Low,Coconut,0.7126,1
2319.2,34.6,Loamy,83.4,8.7,High,Coconut,0.777,1
1582.7,18.9,Sandy,33.9,5.6,Low,Lemon,0.7526,1
3909.6,29.0,Red,47.5,5.4,Medium,Amla,0.647,0
1770.7,33.3,Loamy,38.8,7.7,Medium,Papaya,0.75,1
1057.0,38.3,Alluvial,52.7,10.7,Medium,Banana,0.758,1
1229.5,34.3,Clay,56.4,4.3,Low,Jackfruit,0.7627,1
1269.6,22.2,Red,71.6,6.8,Medium,Lemon,0.7619,1
1546.6,38.6,Sandy,84.3,10.7,Medium,Coconut,0.7305,1
2354.9,33.7,Loamy,71.3,10.9,Medium,Papaya,0.6881,1
2105.7,16.9,Alluvial,70.9,9.2,Medium,Guava,0.7798,1
729.3,17.2,Loamy,75.2,9.2,Medium,Jackfruit,0.7297,1
818.8,25.0,Black,26.9,8.3,Medium,Pomegranate,0.8411,1
1331.5,38.2,Loamy,30.4,8.9,Medium,Pomegranate,0.704,1
728.6,31.3,Red,51.1,6.1,Medium,Lemon,0.804,1
4018.2,14.9,Red,79.1,10.4,High,Coconut,0.4463,1
704.9,31.6,Black,68.4,9.6,Low,Sapota,0.7843,0
2532.2,24.6,Alluvial,90.2,9.5,High,Banana,0.8021,1
2025.0,27.7,Sandy,75.3,9.9,High,Coconut,0.7953,1
1635.8,19.9,Clay,44.6,6.8,Medium,Jackfruit,0.7669,0
2958.7,37.6,Clay,66.9,6.2,Low,Banana,0.7499,1
777.2,31.9,Black,62.0,9.0,High,Amla,0.8882,1
215.3,25.3,Clay,71.9,11.0,Medium,Jackfruit,0.5589,0
2176.9,35.4,Alluvial,36.9,10.4,Medium,Sapota,0.7419,1
1204.7,23.0,Black,16.4,8.3,Medium,Jackfruit,0.7542,0
778.7,26.8,Loamy,61.1,11.1,Medium,Coconut,0.7235,1
1828.8,22.4,Clay,87.6,9.4,Low,Banana,0.7332,1
694.8,24.8,Alluvial,41.0,9.3,Medium,Papaya,0.7649,1
382.7,25.6,Red,24.8,7.3,Medium,Guava,0.7605,1
457.5,24.9,Alluvial,32.0,8.6,Medium,Sapota,0.6954,0
2294.6,20.5,Black,67.3,9.9,High,Amla,0.6875,0
2279.5,17.9,Alluvial,34.6,9.9,Medium,Jackfruit,0.7629,1
3308.6,38.7,Red,78.5,5.0,High,Banana,0.5823,1
1492.5,37.6,Red,68.9,7.3,Medium,Guava,0.7598,1
948.9,15.0,Sandy,7.5,7.4,Medium,Amla,0.7493,1
1319.4,26.9,Alluvial,81.7,9.5,Medium,Guava,0.8797,0
1583.5,17.7,Black,73.6,7.0,Medium,Sapota,0.7612,0
2314.1,18.9,Black,67.8,10.1,Medium,Papaya,0.5557,0
1560.3,33.9,Clay,66.7,4.2,Low,Papaya,0.6174,0
2719.8,22.1,Alluvial,42.6,7.8,Low,Coconut,0.7521,1
789.9,30.6,Black,26.7,8.1,High,Pomegranate,0.7991,1
2892.8,31.1,Loamy,71.6,5.3,Low,Jackfruit,0.7472,1
1795.5,41.7,Clay,49.4,3.9,Medium,Banana,0.7113,1
877.3,41.3,Loamy,83.2,5.8,Low,Amla,0.8045,1
1102.4,22.1,Red,76.4,11.4,High,Guava,0.853,1
663.0,39.1,Sandy,35.1,9.9,Low,Papaya,0.5999,0
2244.5,45.0,Sandy,57.7,7.5,High,Jackfruit,0.5549,0
1067.9,27.0,Loamy,56.4,9.6,Low,Jackfruit,0.7585,1
1410.8,16.3,Alluvial,63.4,10.2,Medium,Sapota,0.7874,0
3627.9,45.7,Sandy,49.3,9.3,Medium,Mango,0.3361,1
1495.5,29.6,Black,58.4,6.6,Low,Sapota,0.7782,1
642.6,22.5,Alluvial,29.1,9.6,High,Papaya,0.6872,1
366.4,26.3,Alluvial,75.9,9.4,Medium,Guava,0.7493,0
2550.9,17.5,Loamy,77.9,11.3,Medium,Jackfruit,0.804,1
1678.3,35.4,Black,30.1,6.8,Low,Sapota,0.8703,1
1763.7,44.1,Clay,48.2,8.1,Medium,Amla,0.7945,0
512.7,39.8,Black,30.2,6.8,High,Mango,0.5894,1
2003.5,23.3,Alluvial,22.2,6.6,High,Guava,0.826,1
3828.7,24.4,Loamy,25.8,4.7,High,Sapota,0.5788,0
969.9,19.2,Clay,44.5,11.4,Low,Jackfruit,0.7516,1
3932.4,11.7,Black,74.8,4.2,Medium,Coconut,0.32,0
1842.3,15.7,Sandy,87.0,10.1,Medium,Coconut,0.6075,1
3713.2,14.1,Red,10.1,10.9,Low,Coconut,0.3997,0
432.1,13.9,Red,61.1,7.1,Medium,Sapota,0.5527,1
3679.4,22.4,Clay,45.8,11.9,High,Coconut,0.4878,0
1208.5,25.2,Alluvial,42.6,10.6,Medium,Lemon,0.7958,1
1856.7,19.1,Sandy,28.0,7.2,High,Guava,0.8024,0
1900.2,39.1,Sandy,79.2,8.0,High,Papaya,0.6341,1
2968.2,23.7,Red,58.6,8.0,Low,Banana,0.7739,1
4132.9,18.5,Loamy,11.0,5.4,Medium,Banana,0.4557,0
2757.5,17.6,Loamy,85.3,8.0,Low,Jackfruit,0.6755,1
1636.4,23.7,Alluvial,93.5,6.8,Medium,Coconut,0.736,1
2552.2,39.8,Loamy,6.1,9.2,Low,Banana,0.5105,1
1307.5,28.4,Loamy,68.4,7.0,High,Mango,0.7802,1
969.4,30.1,Alluvial,62.6,9.7,Medium,Coconut,0.8406,1
2562.9,24.4,Sandy,25.7,8.8,Medium,Coconut,0.8386,1
1087.9,34.9,Loamy,46.0,9.5,High,Guava,0.8652,1
2087.2,34.8,Loamy,43.8,7.8,High,Jackfruit,0.7904,1
934.0,34.7,Sandy,50.5,8.7,High,Papaya,0.8106,1
2304.0,20.5,Alluvial,79.6,6.3,Low,Papaya,0.649,1
1187.0,27.9,Red,47.7,6.5,High,Banana,0.7541,1
1184.5,16.4,Loamy,43.5,7.3,High,Sapota,0.7532,1
1300.4,40.4,Loamy,39.1,7.5,Low,Pomegranate,0.6821,1
1607.6,40.0,Loamy,67.6,8.2,Low,Papaya,0.7322,0
593.1,31.5,Black,28.1,11.0,Medium,Pomegranate,0.8345,1
776.2,34.4,Sandy,52.4,6.8,Medium,Lemon,0.7158,0
2587.2,29.3,Red,53.1,11.3,Medium,Coconut,0.853,1
2281.7,29.3,Sandy,77.6,8.2,High,Coconut,0.7716,0
2166.7,28.7,Black,59.7,9.7,Low,Papaya,0.5881,1
778.7,33.2,Loamy,41.0,5.5,Low,Papaya,0.7465,1
693.0,31.0,Red,41.8,10.5,Low,Guava,0.8966,0
974.3,33.5,Red,89.6,9.6,Medium,Sapota,0.846,1
713.5,25.5,Red,59.8,10.7,Low,Pomegranate,0.8572,1
531.9,32.9,Red,65.4,6.8,Medium,Mango,0.6948,1
511.6,20.2,Red,54.6,7.6,High,Amla,0.8196,1
1552.0,21.0,Black,80.7,7.2,Medium,Sapota,0.7516,1
565.2,43.4,Alluvial,67.1,6.7,High,Amla,0.7436,1
2556.1,34.6,Alluvial,68.1,7.3,Low,Coconut,0.8383,1
4191.2,39.4,Loamy,24.9,9.7,Low,Papaya,0.5394,0
2175.0,18.9,Red,28.7,8.4,Medium,Sapota,0.7912,1
1300.7,25.1,Red,88.8,6.0,High,Mango,0.7221,1
790.9,22.6,Red,65.7,9.0,High,Coconut,0.7706,1
1839.0,27.4,Sandy,55.7,10.9,Low,Lemon,0.7039,0
1325.9,38.0,Loamy,59.7,10.4,Medium,Banana,0.7265,1
328.4,46.6,Alluvial,42.6,5.2,Low,Coconut,0.4561,1
2556.6,28.5,Alluvial,39.6,8.0,Medium,Banana,0.7141,1
3669.6,23.0,Alluvial,64.4,7.9,High,Banana,0.5818,0
713.4,30.0,Loamy,55.2,9.9,Medium,Coconut,0.7125,1
3529.8,21.9,Clay,47.6,6.2,Medium,Sapota,0.5159,0
3670.8,44.8,Alluvial,77.2,7.0,Medium,Amla,0.6223,1
1179.1,12.6,Loamy,34.9,9.0,Low,Banana,0.6175,0
881.0,39.3,Sandy,20.0,10.6,High,Pomegranate,0.7692,1
1353.5,34.0,Red,26.5,10.3,Medium,Lemon,0.7598,1
2867.9,31.9,Alluvial,36.4,4.4,Low,Mango,0.634,0
749.6,19.4,Sandy,43.0,9.8,Medium,Guava,0.8688,1
1828.6,24.2,Alluvial,34.1,6.0,Low,Jackfruit,0.7358,1
1074.0,31.4,Red,32.5,10.0,High,Pomegranate,0.7954,0
1373.4,25.9,Clay,50.5,5.2,Medium,Jackfruit,0.7671,1
1022.2,26.5,Clay,57.3,10.2,High,Jackfruit,0.8214,1
1167.2,23.3,Red,67.0,10.9,Medium,Amla,0.9027,1
2580.0,26.7,Alluvial,69.2,6.6,Medium,Banana,0.8011,0
2498.4,16.5,Alluvial,23.1,8.3,Low,Papaya,0.5728,1
1754.3,35.0,Alluvial,21.4,5.7,Low,Mango,0.7578,1
1639.6,36.3,Red,32.7,6.1,High,Guava,0.8141,1
989.3,18.7,Black,57.3,11.1,Low,Sapota,0.8633,1
2467.0,13.7,Alluvial,76.8,7.4,Low,Papaya,0.4702,0
2128.0,22.8,Red,25.2,8.3,Low,Mango,0.699,1
2197.1,21.8,Black,20.7,5.3,Medium,Sapota,0.726,1
2063.5,20.6,Red,41.5,7.4,High,Papaya,0.7347,1
800.2,23.4,Sandy,28.0,4.2,Medium,Amla,0.8855,1
1668.4,27.6,Clay,73.7,8.7,Medium,Amla,0.7523,1
3850.7,26.4,Alluvial,37.4,11.4,High,Lemon,0.6746,1
1311.3,28.7,Red,33.4,10.3,Medium,Amla,0.8221,0
1895.1,32.4,Red,81.2,8.1,Low,Lemon,0.7217,1
1591.7,37.0,Loamy,71.0,7.5,High,Jackfruit,0.805,1
573.6,20.4,Alluvial,67.2,10.9,Medium,Papaya,0.5964,1
2097.5,18.7,Alluvial,53.8,5.7,Medium,Banana,0.6951,0
1338.4,26.2,Loamy,62.1,9.3,Medium,Jackfruit,0.7992,0
1297.7,32.1,Loamy,90.2,8.1,Medium,Banana,0.7544,1
1822.2,26.4,Alluvial,80.3,5.9,High,Mango,0.7001,0
1577.2,22.5,Alluvial,61.7,10.1,Low,Jackfruit,0.7153,1
791.4,39.0,Alluvial,37.5,7.3,High,Amla,0.922,1
2283.9,41.2,Alluvial,65.0,8.0,Medium,Pomegranate,0.6,0
1757.7,11.2,Sandy,29.4,6.0,Low,Jackfruit,0.5409,1
1257.7,27.5,Alluvial,65.7,9.9,Medium,Pomegranate,0.7761,1
806.2,36.7,Loamy,81.3,6.8,Medium,Coconut,0.7083,1
1029.1,34.0,Red,83.5,5.2,Low,Guava,0.8809,1
371.6,13.7,Loamy,51.9,8.3,High,Banana,0.3636,0
1002.2,33.2,Loamy,75.7,9.6,Medium,Jackfruit,0.7169,1
2255.9,37.6,Sandy,33.9,10.0,High,Coconut,0.7407,1
2141.5,37.7,Loamy,5.7,8.9,Low,Lemon,0.565,0
1580.1,29.8,Clay,37.4,3.1,Low,Guava,0.8613,1
1350.1,34.9,Black,32.2,7.2,Medium,Pomegranate,0.7262,1
1322.2,27.0,Loamy,16.5,9.7,Medium,Pomegranate,0.6817,0
2793.8,26.6,Sandy,19.8,10.2,High,Jackfruit,0.6698,1
944.8,29.9,Clay,48.5,4.8,High,Jackfruit,0.7769,1
1023.8,26.9,Alluvial,74.2,11.1,Medium,Lemon,0.7444,1
2233.6,23.4,Loamy,73.3,9.6,Medium,Papaya,0.7499,0
1285.8,28.9,Clay,38.0,4.8,Medium,Banana,0.752,1
751.1,37.0,Red,36.0,6.4,Medium,Lemon,0.8378,1
2898.1,31.4,Alluvial,36.2,8.1,Medium,Banana,0.6854,1
1395.0,29.9,Alluvial,52.9,6.0,Low,Sapota,0.833,1
2071.1,36.2,Red,48.7,10.3,Medium,Banana,0.7492,1
1689.4,17.7,Alluvial,13.6,7.0,Low,Amla,0.7861,1
1378.8,35.1,Red,52.9,8.6,Low,Banana,0.7529,0
1604.8,37.7,Loamy,43.0,8.8,Medium,Guava,0.8394,1
3748.3,39.6,Sandy,62.8,3.8,High,Mango,0.4081,0
3187.5,11.2,Sandy,40.0,5.9,High,Papaya,0.3945,0
1677.9,37.5,Sandy,74.2,7.9,Low,Sapota,0.7755,1
1856.3,19.6,Sandy,83.3,6.9,Low,Guava,0.8075,1
2880.5,35.7,Clay,65.9,3.1,High,Papaya,0.462,1
1344.6,41.5,Red,33.0,6.8,Medium,Mango,0.6744,0
1320.9,37.2,Clay,88.1,5.2,Medium,Banana,0.7258,1
1052.4,23.3,Loamy,80.8,9.9,High,Coconut,0.7814,1
3294.0,36.7,Red,55.1,6.8,High,Amla,0.7326,0
607.6,36.0,Sandy,36.3,8.3,Low,Pomegranate,0.8552,1
1338.3,26.0,Alluvial,39.6,10.7,Medium,Banana,0.7428,1
1406.6,40.9,Red,22.1,9.4,High,Amla,0.8342,0
1592.1,26.2,Loamy,39.6,6.3,Medium,Lemon,0.8055,1
1283.3,43.7,Sandy,13.9,9.2,High,Sapota,0.7406,1
1906.6,22.6,Clay,34.3,9.0,Low,Jackfruit,0.7364,0
1797.2,20.6,Alluvial,21.0,10.3,Medium,Lemon,0.7147,1
1951.4,21.1,Sandy,52.0,7.3,Medium,Papaya,0.7107,1
1273.9,35.8,Alluvial,84.5,8.2,Medium,Sapota,0.7677,1
2079.7,20.7,Alluvial,89.3,6.9,Low,Guava,0.7816,1
2919.9,23.8,Black,66.5,4.0,Low,Banana,0.7138,1
299.8,17.2,Red,22.2,8.5,Low,Amla,0.8549,1
1231.4,41.3,Sandy,40.4,9.9,Medium,Papaya,0.704,0
525.3,26.5,Loamy,43.5,9.2,High,Pomegranate,0.8184,1
1734.6,38.8,Sandy,76.0,5.9,Low,Sapota,0.7367,0
711.5,29.5,Loamy,57.1,7.8,High,Sapota,0.8558,1
1549.3,34.1,Black,9.5,8.5,High,Guava,0.7611,1
2154.0,34.2,Red,85.2,5.7,Medium,Sapota,0.738,0
3218.9,26.5,Loamy,32.5,7.7,Medium,Lemon,0.6131,1
1500.3,38.8,Loamy,43.1,6.4,Low,Lemon,0.7471,1
896.8,25.1,Black,6.5,6.7,Low,Amla,0.7791,1
1281.8,39.7,Loamy,54.5,6.3,Medium,Jackfruit,0.675,0
1573.7,25.7,Red,30.8,5.8,High,Jackfruit,0.8258,0
947.2,24.1,Sandy,51.1,9.6,Medium,Pomegranate,0.8343,1
3752.1,24.9,Red,17.2,8.3,Low,Coconut,0.5516,0
891.1,39.9,Black,77.7,8.2,Medium,Sapota,0.7275,1
1411.5,24.8,Red,31.8,7.2,Low,Papaya,0.7419,0
1485.0,23.5,Loamy,28.1,5.3,Medium,Guava,0.8426,1
1545.1,21.5,Red,76.7,11.3,High,Coconut,0.7509,1
997.4,26.5,Loamy,52.6,6.1,High,Banana,0.7373,1
215.7,11.7,Clay,83.3,10.3,Low,Lemon,0.3992,1
954.3,23.8,Alluvial,52.9,7.2,Medium,Papaya,0.7615,1
2558.8,34.5,Alluvial,77.8,7.7,Medium,Jackfruit,0.8288,1
501.9,26.7,Sandy,56.4,10.1,Medium,Papaya,0.7091,0
2930.8,33.6,Black,94.1,3.5,Low,Coconut,0.6194,1
1012.8,28.2,Loamy,82.2,8.8,Medium,Lemon,0.6956,0
810.8,37.2,Clay,58.2,6.1,Low,Jackfruit,0.6778,1
657.5,37.3,Loamy,75.6,8.4,Low,Guava,0.8494,1
758.3,29.0,Loamy,63.9,6.0,Medium,Coconut,0.6861,1
2596.8,18.6,Clay,90.6,11.4,High,Banana,0.6772,0
328.0,23.3,Loamy,20.6,7.7,Medium,Lemon,0.6778,0
1390.5,29.8,Red,12.7,10.4,Medium,Pomegranate,0.7455,0
2466.6,24.1,Alluvial,51.6,10.8,Medium,Coconut,0.7535,1
406.1,20.7,Sandy,48.6,10.9,Medium,Pomegranate,0.857,1
796.7,12.9,Sandy,32.7,8.6,High,Banana,0.384,0
2420.3,14.1,Clay,88.9,7.1,High,Guava,0.6247,0
1154.2,20.6,Red,41.6,8.2,Medium,Pomegranate,0.8305,0
713.2,38.3,Loamy,38.0,7.6,Medium,Guava,0.8074,1
704.5,22.7,Red,69.6,10.6,High,Amla,0.9526,1
1556.2,38.6,Alluvial,28.2,6.2,Low,Lemon,0.6756,1
1849.2,31.5,Sandy,27.8,9.1,Low,Guava,0.9294,1
2638.3,25.1,Clay,64.4,11.1,Medium,Banana,0.7451,1
541.0,36.5,Sandy,48.1,10.9,Medium,Amla,0.8487,1
1506.0,38.8,Alluvial,32.6,10.0,Low,Amla,0.8349,1
2105.2,21.0,Loamy,91.7,9.2,High,Banana,0.7536,1
1028.7,37.5,Red,42.4,5.4,Medium,Jackfruit,0.7989,1
2165.9,17.5,Loamy,82.7,10.3,High,Guava,0.6996,1
2222.5,35.2,Alluvial,22.1,9.0,Medium,Papaya,0.6886,1
2147.0,36.7,Alluvial,81.7,6.2,High,Mango,0.728,0
947.9,22.3,Black,72.7,6.3,High,Mango,0.7584,0
657.5,23.8,Alluvial,20.8,8.3,High,Mango,0.737,1
1377.8,29.1,Clay,39.0,8.6,High,Jackfruit,0.8258,1
2866.5,29.8,Black,74.7,10.6,Medium,Lemon,0.4854,0
1976.0,39.6,Black,72.4,8.2,Low,Guava,0.6719,0
1177.9,38.6,Sandy,89.6,10.0,Medium,Coconut,0.7107,1
1923.7,36.7,Red,21.3,10.8,High,Mango,0.7748,1
1003.9,40.1,Red,25.3,6.3,Medium,Papaya,0.7357,0
528.8,23.4,Loamy,27.7,9.8,Low,Papaya,0.6352,1
2351.1,16.3,Sandy,43.0,8.0,High,Jackfruit,0.6599,0
1235.2,23.0,Black,43.9,8.5,Low,Pomegranate,0.7592,1
702.2,17.4,Loamy,12.8,9.8,High,Amla,0.8364,1
1364.7,18.2,Alluvial,48.6,5.9,Low,Coconut,0.7246,1
685.8,31.3,Alluvial,73.0,7.1,Medium,Pomegranate,0.7448,0
948.8,25.3,Alluvial,47.4,10.0,High,Papaya,0.742,1
541.5,41.0,Red,85.3,6.4,High,Coconut,0.6013,0
1024.5,26.3,Alluvial,87.7,9.8,Low,Jackfruit,0.8401,1
2630.0,37.5,Red,6.2,7.2,Medium,Jackfruit,0.7285,1
3228.8,19.1,Red,26.9,5.7,Low,Sapota,0.6332,1
1814.7,15.7,Black,6.9,11.6,High,Pomegranate,0.6095,0
1020.8,40.7,Alluvial,70.2,9.4,Medium,Papaya,0.6817,1
902.0,39.2,Black,47.7,7.5,Medium,Sapota,0.7907,1
294.0,28.6,Alluvial,12.1,10.7,Medium,Pomegranate,0.7276,1
693.2,23.2,Loamy,48.4,5.8,Low,Sapota,0.8004,1
1211.7,31.3,Loamy,40.8,8.2,High,Papaya,0.7328,0
2559.5,43.2,Sandy,91.4,6.4,Medium,Coconut,0.6414,1
1879.5,35.2,Alluvial,35.5,5.8,Medium,Lemon,0.6366,1
1385.4,28.9,Sandy,35.7,5.6,High,Lemon,0.7882,1
1043.4,31.9,Red,18.1,4.7,High,Lemon,0.7137,0
1476.0,27.1,Black,51.6,7.1,Medium,Amla,0.898,1
1624.9,28.0,Black,30.4,6.5,Medium,Mango,0.7076,0
1767.0,29.0,Alluvial,33.7,7.8,Medium,Sapota,0.9101,1
431.5,25.0,Black,14.6,6.0,Low,Mango,0.5266,0
1715.9,21.2,Sandy,11.9,9.1,Medium,Amla,0.8394,1
2214.6,22.4,Alluvial,61.4,9.2,Medium,Banana,0.7666,1
405.7,32.9,Sandy,22.3,6.6,Medium,Pomegranate,0.8384,1
851.3,18.6,Alluvial,38.5,8.2,High,Mango,0.6736,1
1403.7,38.6,Clay,52.9,4.9,Medium,Jackfruit,0.726,1
1158.8,16.3,Loamy,53.9,11.4,Low,Pomegranate,0.6974,1
1143.0,33.1,Loamy,76.7,7.9,Low,Papaya,0.6865,1
1944.6,24.7,Red,60.7,9.2,Low,Coconut,0.7451,0
1461.8,40.6,Alluvial,29.0,8.8,High,Papaya,0.7387,1
1106.4,26.0,Black,23.4,9.2,Low,Jackfruit,0.7598,0
1298.2,35.5,Alluvial,25.9,10.7,Low,Lemon,0.846,1
1942.3,35.7,Alluvial,81.4,10.8,Low,Amla,0.7518,1
1654.2,27.3,Black,47.3,8.9,Medium,Mango,0.7777,0
703.6,19.2,Red,67.5,8.8,Medium,Lemon,0.8139,1
2352.8,20.2,Clay,37.7,4.8,High,Jackfruit,0.7227,1
1244.6,29.1,Red,67.0,9.4,High,Mango,0.8044,0
1449.9,31.9,Red,83.4,11.3,Medium,Banana,0.7406,1
694.5,27.4,Loamy,43.7,6.1,Low,Amla,0.8379,1
778.1,25.9,Black,26.0,9.3,Medium,Amla,0.8508,1
752.2,26.0,Red,40.1,6.6,Medium,Coconut,0.6934,0
548.1,25.2,Red,45.1,9.7,Medium,Sapota,0.7408,0
1658.5,47.8,Clay,83.3,5.1,Medium,Jackfruit,0.6313,1
991.1,22.6,Alluvial,76.3,8.3,Low,Sapota,0.84,1
1715.1,20.7,Red,75.9,10.8,Medium,Amla,0.7333,1
605.8,47.3,Red,79.3,7.5,Low,Amla,0.8213,1
1174.5,19.9,Alluvial,73.9,7.7,Low,Sapota,0.8373,1
1158.9,37.1,Loamy,69.5,7.5,Medium,Sapota,0.8296,1
1706.8,43.5,Red,70.6,3.9,Low,Banana,0.5648,1
2440.0,43.8,Loamy,77.5,5.5,Medium,Coconut,0.6821,1
1548.2,14.5,Red,26.5,9.3,High,Sapota,0.7558,1
3263.0,18.8,Red,90.8,8.6,High,Papaya,0.4619,0
676.9,23.1,Alluvial,73.5,7.0,Low,Amla,0.8098,1
691.4,27.7,Alluvial,63.8,8.1,Medium,Lemon,0.8325,1
2923.7,29.6,Black,18.2,3.4,High,Amla,0.5937,0
1728.0,39.3,Sandy,22.9,11.0,High,Sapota,0.792,1
1512.4,16.6,Loamy,64.6,7.6,Low,Jackfruit,0.7312,1
2994.8,28.0,Sandy,38.6,6.5,High,Lemon,0.5594,1
295.9,35.8,Black,54.7,10.6,High,Pomegranate,0.8143,1
2918.4,21.1,Red,6.5,11.4,Medium,Coconut,0.6225,1
1588.3,36.2,Clay,39.8,4.9,Medium,Jackfruit,0.7402,1
545.9,18.9,Loamy,37.9,7.2,Low,Mango,0.6741,1
629.3,35.3,Alluvial,41.2,11.4,High,Papaya,0.7504,1
1877.4,29.1,Sandy,39.9,11.2,High,Guava,0.7552,1
1048.5,34.3,Sandy,52.8,8.3,High,Amla,0.9091,1
2243.8,27.4,Alluvial,52.4,9.0,High,Coconut,0.8131,1
3007.7,34.9,Loamy,59.6,9.7,High,Sapota,0.6662,0
2463.5,33.5,Red,92.9,7.7,Low,Banana,0.7615,0
1306.8,31.8,Loamy,21.0,8.2,Medium,Guava,0.7847,1
1581.9,18.8,Alluvial,37.5,8.2,Medium,Papaya,0.6639,0
3185.8,14.1,Black,19.3,3.3,High,Amla,0.5436,1
1697.1,38.9,Clay,45.7,10.1,High,Guava,0.8678,1
2483.8,38.2,Black,39.3,6.0,High,Mango,0.6382,0
1862.5,32.9,Clay,47.5,10.6,Medium,Jackfruit,0.7914,0
428.7,32.7,Sandy,56.2,3.3,Medium,Guava,0.7115,1
785.1,31.3,Clay,79.4,11.0,High,Guava,0.886,1
2686.3,21.2,Sandy,91.7,7.0,High,Coconut,0.636,0
1325.8,30.5,Alluvial,78.3,6.7,Medium,Mango,0.7295,1
783.6,41.3,Black,56.7,5.4,Medium,Sapota,0.6848,1
1154.5,21.8,Loamy,33.4,10.3,Low,Banana,0.6699,0
1597.6,32.0,Clay,72.5,8.7,Medium,Banana,0.7787,0
1253.0,18.5,Loamy,63.6,10.3,Low,Lemon,0.8822,1
998.0,18.3,Loamy,91.5,7.7,High,Lemon,0.679,0
818.4,28.1,Sandy,75.9,7.7,Low,Sapota,0.8398,1
1313.3,26.7,Red,15.9,7.0,Medium,Lemon,0.7963,0
461.4,40.1,Black,67.9,3.6,Low,Lemon,0.5362,0
2964.2,36.0,Red,14.4,7.6,High,Pomegranate,0.6295,1
764.3,33.1,Red,67.4,6.7,Low,Lemon,0.789,0
1507.8,21.6,Alluvial,41.2,9.1,Medium,Mango,0.7139,0
1406.8,28.1,Alluvial,45.9,10.1,Medium,Papaya,0.7285,0
1741.3,39.2,Sandy,63.8,6.8,Medium,Coconut,0.7391,1
2896.3,37.0,Sandy,66.0,6.0,High,Coconut,0.7426,0
472.8,27.5,Black,54.8,7.8,High,Amla,0.8192,0
414.9,36.7,Red,42.5,11.3,Medium,Pomegranate,0.7888,1
2468.4,31.6,Alluvial,53.5,6.5,Medium,Banana,0.6941,0
1007.0,26.4,Alluvial,30.2,7.5,Medium,Jackfruit,0.8345,1
1097.6,26.7,Red,52.4,8.4,Medium,Coconut,0.8809,1
858.4,34.8,Alluvial,56.2,7.7,Medium,Mango,0.7728,0
2656.5,40.4,Red,56.0,6.1,Low,Lemon,0.5569,0
1731.7,30.2,Loamy,53.9,7.1,Medium,Coconut,0.7614,0
3059.4,39.8,Clay,66.6,6.5,Medium,Banana,0.6509,0
438.4,34.9,Black,65.7,7.7,Low,Amla,0.8795,1
1631.0,38.3,Alluvial,40.2,10.2,Low,Sapota,0.8218,1
1515.6,20.5,Sandy,36.7,10.4,Medium,Lemon,0.807,1
2037.7,47.9,Loamy,17.3,10.7,Low,Sapota,0.6262,1
2738.9,35.4,Loamy,76.9,10.7,Low,Banana,0.774,1
2698.5,34.4,Clay,49.2,4.7,High,Amla,0.7051,0
1075.5,31.3,Alluvial,65.8,11.0,Low,Papaya,0.7052,1
1311.1,16.5,Sandy,68.3,6.5,Medium,Lemon,0.803,1
1064.2,27.2,Alluvial,36.6,8.2,Medium,Papaya,0.7111,1
1220.3,18.2,Clay,24.7,6.6,High,Guava,0.7833,1
885.3,19.7,Clay,37.8,10.0,Medium,Amla,0.8666,1
2613.2,30.1,Loamy,70.8,9.3,High,Coconut,0.7489,1
1838.5,35.2,Alluvial,71.7,8.1,Medium,Banana,0.822,1
2150.5,15.1,Red,33.8,6.7,Low,Jackfruit,0.7459,0
1496.0,38.4,Loamy,90.9,7.4,Low,Banana,0.7168,1
466.9,30.2,Loamy,56.0,11.5,Medium,Pomegranate,0.8361,1
1895.8,25.9,Sandy,59.2,5.1,High,Sapota,0.8337,0
565.0,29.7,Loamy,70.3,8.5,High,Guava,0.8611,1
2314.0,40.8,Alluvial,53.6,9.3,High,Papaya,0.7347,1
2608.8,12.0,Red,40.7,3.7,Low,Banana,0.5423,0
3729.8,17.1,Loamy,94.3,10.3,Low,Banana,0.5166,0
1034.5,35.4,Sandy,46.6,11.2,Low,Lemon,0.7026,1
1694.7,22.9,Red,81.2,9.4,Medium,Banana,0.8319,0
4051.3,33.6,Red,86.1,10.3,Low,Lemon,0.5958,0
2164.9,20.8,Loamy,19.9,10.6,Medium,Guava,0.7589,1
876.5,24.6,Black,68.5,4.9,Medium,Papaya,0.6022,1
966.7,31.1,Black,83.6,6.4,Medium,Sapota,0.7633,1
680.6,25.9,Sandy,61.0,6.4,High,Guava,0.8539,1
4100.6,44.7,Sandy,8.8,11.3,Low,Coconut,0.3483,0
1837.6,34.5,Alluvial,44.2,7.1,Medium,Mango,0.792,1
700.1,41.3,Loamy,21.4,10.3,Medium,Mango,0.6302,1
1264.1,39.9,Red,35.5,6.5,Low,Coconut,0.6961,0
986.4,16.5,Loamy,86.5,7.7,Low,Guava,0.7535,1
1003.4,35.9,Red,75.6,7.1,Medium,Sapota,0.8662,1
4137.6,44.5,Sandy,58.4,11.0,High,Papaya,0.469,0
1183.7,38.0,Alluvial,51.6,6.1,Low,Banana,0.7239,0
1745.8,33.3,Alluvial,82.8,5.2,High,Guava,0.7953,1
3118.9,41.2,Loamy,86.3,3.9,High,Banana,0.6576,1
1191.3,28.6,Black,75.9,10.6,High,Sapota,0.8047,1
1370.7,36.5,Loamy,44.0,5.4,Low,Guava,0.8511,0
2142.4,33.7,Clay,44.9,9.4,High,Banana,0.7898,1
1731.3,36.1,Alluvial,27.3,9.4,Medium,Jackfruit,0.7881,0
1885.2,30.4,Alluvial,80.2,11.0,Medium,Sapota,0.7976,1
3297.3,14.6,Loamy,90.6,8.2,Low,Sapota,0.51,1
1381.6,18.2,Loamy,34.4,7.7,Medium,Papaya,0.6394,0
487.5,29.7,Loamy,22.2,6.0,Medium,Guava,0.7073,0
1533.5,31.3,Loamy,47.3,9.2,Medium,Banana,0.7464,1
857.5,36.1,Sandy,81.5,8.3,Medium,Coconut,0.7269,1
1194.9,29.8,Sandy,76.9,9.2,Low,Papaya,0.7012,1
1188.8,32.4,Red,83.4,10.4,High,Guava,0.8102,1
971.5,25.0,Loamy,80.1,6.9,Medium,Mango,0.7111,1
4121.6,24.4,Clay,7.3,9.5,High,Guava,0.6902,1
2163.1,36.6,Loamy,20.8,8.6,Medium,Sapota,0.7267,1
1183.5,41.9,Black,21.8,10.3,Medium,Pomegranate,0.6936,1
1588.4,34.4,Red,22.6,7.1,Medium,Sapota,0.7668,0
2505.0,36.2,Clay,57.5,11.8,Low,Sapota,0.6267,1
599.1,40.0,Red,54.9,9.7,Low,Pomegranate,0.7433,1
3011.0,30.2,Loamy,37.9,8.6,Medium,Banana,0.6952,0
557.1,27.4,Alluvial,37.9,11.1,Medium,Guava,0.812,1
766.7,17.2,Sandy,41.3,7.1,High,Lemon,0.7986,1
1391.1,40.1,Red,52.3,9.2,Low,Sapota,0.829,1
1079.2,33.0,Sandy,37.6,10.4,Low,Lemon,0.7262,1
1000.7,14.4,Clay,25.9,9.4,Low,Sapota,0.657,1
1013.8,36.5,Red,13.2,11.2,Medium,Amla,0.8714,1
222.7,42.0,Red,18.6,6.0,Medium,Lemon,0.456,0
1084.0,26.5,Alluvial,73.8,8.6,Low,Jackfruit,0.8536,1
930.0,17.9,Black,74.2,3.5,High,Amla,0.7402,1
2253.4,40.2,Alluvial,6.2,10.4,Medium,Banana,0.5866,1
2055.2,18.9,Sandy,69.0,6.3,Medium,Papaya,0.6864,0
258.6,26.2,Red,15.1,8.3,Medium,Pomegranate,0.7448,1
3839.6,13.7,Alluvial,12.2,3.6,Medium,Pomegranate,0.4632,0
3613.0,35.6,Black,17.4,5.5,High,Mango,0.5099,0
510.1,17.1,Red,48.1,9.2,Medium,Sapota,0.7288,1
1022.3,18.5,Alluvial,57.9,10.6,Medium,Mango,0.7039,1
1465.0,24.5,Loamy,46.0,8.9,Medium,Banana,0.7695,1
1445.6,43.3,Loamy,45.8,9.0,Low,Coconut,0.6882,1
3145.9,34.3,Loamy,47.9,4.8,Medium,Banana,0.6698,1
1426.4,24.0,Loamy,61.6,6.5,Medium,Lemon,0.8187,1
1302.7,33.2,Loamy,81.2,10.5,Low,Pomegranate,0.7006,1
878.2,22.0,Clay,11.9,10.6,Medium,Jackfruit,0.6849,1
1567.1,11.7,Alluvial,90.2,10.5,High,Sapota,0.6077,0
1435.9,26.3,Sandy,24.2,10.8,Low,Coconut,0.7815,1
2252.4,18.7,Red,53.8,8.8,Low,Papaya,0.656,1
3484.5,26.5,Black,70.5,5.4,Medium,Guava,0.6105,1
1423.4,14.2,Black,67.2,7.9,Low,Amla,0.8199,1
3479.4,37.4,Sandy,14.2,8.6,Low,Lemon,0.5275,0
1956.6,31.0,Loamy,89.5,6.1,High,Coconut,0.743,1
1067.5,35.4,Loamy,75.8,7.3,Medium,Papaya,0.6929,1
879.6,32.8,Loamy,72.1,6.7,Medium,Lemon,0.8776,0
760.5,27.7,Alluvial,71.4,8.5,Medium,Pomegranate,0.7759,0
1086.0,29.0,Sandy,51.9,5.0,Medium,Sapota,0.785,0
237.8,28.1,Loamy,58.3,8.3,High,Pomegranate,0.7085,1
826.2,29.3,Red,61.8,10.5,High,Jackfruit,0.7356,1
2952.2,24.4,Clay,76.2,4.1,Medium,Jackfruit,0.7829,1
486.8,18.8,Clay,70.9,6.8,Medium,Guava,0.8036,1
1890.1,16.2,Black,32.7,6.9,Medium,Sapota,0.7375,0
837.8,31.9,Red,61.9,5.5,Low,Papaya,0.7341,1
581.6,19.0,Sandy,33.1,11.0,Medium,Amla,0.8997,0
2379.8,32.1,Loamy,80.8,7.5,Medium,Jackfruit,0.7722,1
990.5,28.5,Alluvial,25.8,8.5,High,Coconut,0.8078,1
2788.8,34.9,Red,90.9,8.3,Low,Coconut,0.7137,1
843.6,31.3,Clay,13.0,4.5,High,Amla,0.8071,1
1789.8,29.5,Loamy,27.8,11.9,High,Mango,0.7004,0
1144.1,27.4,Clay,56.1,9.3,Medium,Amla,0.9638,1
1196.4,41.3,Alluvial,93.0,5.0,Low,Lemon,0.6324,0
1080.2,19.8,Loamy,58.8,6.1,Medium,Lemon,0.8162,1
1003.7,19.7,Red,38.8,7.3,Medium,Sapota,0.8686,1
725.6,21.0,Black,60.3,9.6,High,Mango,0.7367,1
956.9,19.4,Red,84.9,6.0,Medium,Jackfruit,0.7817,0
1217.7,22.9,Alluvial,12.3,10.2,Low,Pomegranate,0.8071,1
1735.1,29.0,Sandy,72.9,6.6,Medium,Lemon,0.6927,1
1201.8,38.3,Clay,44.6,7.8,Low,Guava,0.7544,1
468.7,35.4,Alluvial,64.6,7.4,Medium,Sapota,0.7496,1
1672.6,18.5,Black,48.9,7.5,Medium,Sapota,0.7888,1
2824.5,19.2,Loamy,48.3,7.0,Low,Jackfruit,0.7404,0
1560.9,28.5,Loamy,27.1,8.5,Low,Guava,0.7874,1
944.5,31.0,Alluvial,76.5,11.2,Medium,Jackfruit,0.7901,1
666.7,34.9,Loamy,79.3,6.1,Medium,Sapota,0.7469,1
1903.6,19.1,Loamy,50.1,9.6,Medium,Sapota,0.795,1
1021.0,43.5,Sandy,38.8,6.1,Medium,Jackfruit,0.5857,1
1439.0,33.3,Alluvial,70.4,8.8,High,Lemon,0.7948,1
3195.0,37.2,Clay,67.8,8.4,High,Banana,0.6819,0
1761.0,19.4,Loamy,81.4,8.4,High,Guava,0.812,0
3389.3,47.0,Clay,23.8,7.5,Low,Lemon,0.4622,1
2322.1,28.7,Loamy,53.5,7.7,Low,Mango,0.7258,1
1075.1,14.7,Black,57.4,8.2,Low,Jackfruit,0.6854,1
2592.1,39.5,Alluvial,50.1,9.2,Medium,Mango,0.6697,1
4152.9,39.5,Red,80.5,11.7,Medium,Pomegranate,0.5666,1
1525.9,32.9,Alluvial,52.2,8.5,High,Jackfruit,0.8781,1
1096.8,20.3,Clay,84.3,10.0,Low,Guava,0.8275,1
1064.9,28.9,Loamy,62.1,11.2,Medium,Pomegranate,0.7752,1
767.4,14.2,Red,50.8,8.3,Medium,Lemon,0.7745,1
3088.7,23.2,Clay,81.7,6.6,Low,Banana,0.7565,1
1023.6,22.6,Clay,58.0,3.9,Low,Sapota,0.7136,0
579.8,37.8,Loamy,85.0,6.1,High,Jackfruit,0.5874,1
1506.4,35.1,Alluvial,63.0,7.1,High,Jackfruit,0.8405,1
1201.3,38.0,Alluvial,28.0,11.0,Medium,Papaya,0.7508,1
1226.9,37.5,Clay,55.3,9.4,High,Banana,0.7981,1
715.7,29.1,Alluvial,46.7,11.2,Low,Jackfruit,0.7486,0
3768.9,23.1,Clay,37.3,3.8,Medium,Pomegranate,0.5015,1
2070.5,33.9,Sandy,20.7,8.5,Medium,Papaya,0.694,1
910.9,16.9,Black,58.2,6.0,High,Sapota,0.7782,1
2096.1,29.8,Black,77.2,7.9,Medium,Mango,0.6896,1
2014.3,31.1,Clay,34.7,6.8,High,Guava,0.9095,1
1582.8,19.5,Red,52.2,5.1,Medium,Banana,0.7324,1
624.7,14.0,Sandy,12.8,10.6,High,Amla,0.7473,1
3137.0,14.7,Alluvial,27.8,8.9,Low,Sapota,0.479,0
1406.8,42.0,Black,74.3,10.9,Medium,Mango,0.7392,0
1015.5,25.5,Loamy,55.0,7.2,Low,Pomegranate,0.8704,1
1068.1,17.8,Loamy,6.7,3.1,Low,Jackfruit,0.653,1
1598.1,35.0,Black,59.4,6.9,Medium,Amla,0.8539,1
1506.9,19.6,Alluvial,61.2,3.9,Medium,Sapota,0.8099,0
4001.3,31.3,Sandy,54.7,9.0,Low,Jackfruit,0.5434,1
1355.1,32.9,Sandy,44.1,6.6,Medium,Amla,0.9016,1
385.1,27.6,Loamy,40.2,9.0,High,Lemon,0.7049,1
1717.2,34.9,Clay,52.6,10.8,High,Amla,0.9259,1
2097.4,33.1,Alluvial,70.6,8.2,Medium,Guava,0.795,1
1076.4,41.9,Loamy,31.1,7.8,Medium,Papaya,0.6768,1
1252.8,37.3,Red,76.6,7.2,Low,Papaya,0.6777,0
1699.2,18.0,Alluvial,22.6,10.2,Medium,Lemon,0.8331,1
641.3,32.1,Clay,45.6,6.0,Low,Guava,0.8126,0
1322.9,27.1,Sandy,41.2,3.4,Low,Pomegranate,0.6774,1
1395.8,20.1,Loamy,74.5,5.9,High,Amla,0.8522,1
2989.9,35.8,Clay,60.7,9.8,High,Mango,0.5461,1
1265.8,25.0,Alluvial,30.2,7.3,Medium,Lemon,0.8108,1
707.7,23.5,Red,86.8,6.4,Medium,Coconut,0.6447,0
1970.9,36.3,Clay,27.4,11.1,Low,Jackfruit,0.8162,1
2115.1,21.2,Loamy,50.4,9.1,Medium,Mango,0.7232,1
3727.2,27.2,Alluvial,52.3,6.8,Medium,Papaya,0.575,0
840.8,23.6,Loamy,21.0,5.6,High,Papaya,0.6995,1
1369.9,35.3,Red,82.2,6.0,Low,Sapota,0.819,1
1041.9,21.7,Red,61.3,9.1,Low,Mango,0.7551,1
839.9,21.6,Alluvial,76.5,9.7,Medium,Amla,0.8555,0
1649.5,26.5,Alluvial,67.4,9.1,Medium,Jackfruit,0.7814,1
836.2,29.7,Loamy,72.9,7.8,Medium,Pomegranate,0.7749,1
1257.1,22.8,Loamy,71.4,5.9,High,Papaya,0.7128,1
3546.7,31.7,Red,61.7,6.2,Medium,Pomegranate,0.6732,1
2215.5,24.0,Alluvial,76.4,9.4,Medium,Papaya,0.6708,0
3346.4,26.8,Red,22.4,8.7,Medium,Lemon,0.5763,0
2066.5,22.5,Loamy,75.2,9.3,High,Banana,0.8239,1
2992.1,10.5,Red,25.8,8.5,Low,Coconut,0.6119,1
797.4,15.2,Red,16.0,6.2,High,Papaya,0.6051,1
1518.0,41.7,Red,28.9,9.7,Medium,Mango,0.7066,1
1175.9,20.9,Alluvial,16.0,9.8,Low,Guava,0.9208,1
1930.9,25.2,Alluvial,70.8,7.1,Low,Sapota,0.8319,1
3570.9,37.6,Black,43.3,3.0,Low,Banana,0.5336,1
988.3,20.1,Red,43.9,9.5,High,Pomegranate,0.8649,1
915.7,24.5,Alluvial,30.7,9.3,Medium,Lemon,0.8426,1
1065.6,26.2,Alluvial,48.1,6.5,Medium,Coconut,0.7851,0
1490.8,16.3,Red,35.0,7.9,Low,Lemon,0.8637,1
2885.4,13.5,Black,30.5,4.7,High,Lemon,0.4862,0
1984.2,39.0,Clay,30.5,5.9,Medium,Jackfruit,0.7427,1
1093.7,23.6,Alluvial,28.4,7.0,Medium,Mango,0.7382,1
3196.3,18.0,Alluvial,41.6,6.6,High,Banana,0.6825,1
1367.8,30.7,Black,15.7,6.1,Medium,Coconut,0.6584,1
1018.9,36.6,Clay,31.6,6.0,High,Guava,0.8032,1
649.3,31.0,Sandy,30.6,10.8,High,Amla,0.8244,0
1004.5,18.7,Red,37.8,7.5,Medium,Sapota,0.8162,1
390.2,25.3,Sandy,19.6,9.2,Medium,Banana,0.4289,0
1758.0,39.7,Black,12.5,7.8,Medium,Amla,0.7818,1
3610.9,34.3,Red,78.0,6.2,High,Papaya,0.5705,1
1723.7,40.1,Alluvial,57.2,10.6,Medium,Papaya,0.7366,0
754.3,37.2,Black,6.6,10.8,Medium,Amla,0.8856,1
1383.6,27.4,Sandy,65.8,7.8,Medium,Amla,0.9367,1
1024.0,32.8,Loamy,56.1,11.3,Medium,Papaya,0.7984,1
1078.1,23.4,Clay,43.8,4.1,High,Amla,0.8209,1
2322.8,30.8,Sandy,6.3,11.9,High,Jackfruit,0.6714,1
1630.3,20.5,Alluvial,81.2,10.8,Low,Jackfruit,0.725,1
2666.2,22.7,Loamy,81.3,6.2,Medium,Jackfruit,0.7872,0
643.7,32.9,Sandy,21.2,7.3,Low,Pomegranate,0.7494,1
1052.5,18.3,Loamy,48.2,9.3,High,Banana,0.6831,1
277.1,19.1,Loamy,49.9,3.7,High,Papaya,0.4624,1
930.6,20.2,Loamy,46.7,7.2,Low,Papaya,0.7283,1
2656.1,29.4,Loamy,26.0,10.1,High,Pomegranate,0.6709,1
353.2,30.4,Clay,74.8,9.9,Low,Guava,0.7479,1
1505.3,25.7,Clay,76.4,8.7,Low,Coconut,0.7636,0
863.9,39.9,Sandy,58.5,8.3,Medium,Pomegranate,0.6848,0
2180.8,19.6,Loamy,21.8,5.5,Low,Papaya,0.5952,0
452.8,19.8,Loamy,33.7,8.2,Medium,Guava,0.7662,0
2186.7,37.7,Loamy,66.7,8.9,Medium,Papaya,0.6447,0
618.5,36.1,Loamy,87.1,5.3,High,Guava,0.766,1
963.8,38.9,Red,58.2,5.1,Medium,Jackfruit,0.6868,0
1321.7,34.0,Sandy,14.8,10.4,Low,Pomegranate,0.7974,1
3719.0,16.1,Loamy,58.6,4.9,High,Amla,0.6398,1
1966.0,34.8,Red,16.2,10.3,Low,Guava,0.7922,1
2740.9,22.0,Red,56.1,5.4,Low,Banana,0.7106,1
1718.8,30.6,Red,38.4,5.7,Low,Mango,0.6506,0
2352.7,13.3,Alluvial,47.4,8.0,Medium,Jackfruit,0.6911,0
1930.7,35.8,Clay,20.9,8.8,High,Guava,0.8435,1
2359.8,24.1,Red,54.7,10.0,High,Papaya,0.6224,1
950.4,27.8,Red,94.3,9.2,High,Banana,0.7109,1
256.5,21.0,Black,13.1,7.4,Medium,Pomegranate,0.7403,1
3062.3,29.3,Loamy,93.2,8.4,Medium,Banana,0.7332,1
2629.7,40.1,Red,61.6,9.1,Medium,Amla,0.6799,1
977.9,32.0,Clay,60.5,5.6,Medium,Jackfruit,0.7897,1
1647.4,28.5,Alluvial,23.4,11.4,High,Papaya,0.6841,1
2936.0,30.8,Red,75.3,9.7,Medium,Jackfruit,0.6907,1
730.8,16.8,Clay,19.5,7.4,Medium,Guava,0.7721,1
2690.3,25.9,Loamy,87.6,8.9,Low,Jackfruit,0.7082,1
3598.6,19.4,Loamy,45.5,4.2,Low,Mango,0.5127,1
733.8,29.6,Red,34.1,7.0,High,Coconut,0.6946,0
936.8,31.2,Alluvial,43.4,10.0,Low,Papaya,0.7772,1
2033.8,37.4,Alluvial,54.5,10.4,High,Coconut,0.7644,0
506.0,33.4,Red,25.6,8.0,Medium,Guava,0.8117,1
3045.3,21.1,Alluvial,17.0,5.6,High,Jackfruit,0.5914,1
2115.3,38.1,Alluvial,81.7,5.0,Medium,Sapota,0.7746,1
2147.9,19.6,Clay,69.5,8.1,Medium,Guava,0.7464,1
1084.1,28.1,Sandy,74.3,7.6,Medium,Amla,0.8566,0
4153.7,10.7,Red,47.9,10.2,High,Pomegranate,0.4906,1
475.9,19.8,Loamy,22.7,11.4,Low,Lemon,0.6959,0
493.9,22.7,Sandy,86.1,11.0,Medium,Sapota,0.6996,1
1143.5,23.7,Loamy,83.6,8.4,Medium,Lemon,0.8279,0
765.1,33.3,Clay,42.0,10.1,Medium,Guava,0.7913,1
919.8,24.3,Alluvial,64.1,9.5,Low,Pomegranate,0.7966,0
1765.9,19.6,Clay,76.4,5.6,Medium,Jackfruit,0.7839,1
1602.8,27.8,Alluvial,23.8,9.9,High,Papaya,0.6806,0
2162.1,20.2,Alluvial,56.7,4.0,Medium,Coconut,0.7226,1
312.3,14.7,Sandy,77.4,5.9,Low,Lemon,0.5342,1
3368.7,40.5,Clay,44.9,7.9,Low,Papaya,0.4755,1
1983.5,36.9,Red,70.9,4.6,High,Mango,0.6675,1
2159.3,39.8,Alluvial,48.3,7.1,Low,Banana,0.6846,0
2532.1,44.5,Loamy,89.8,3.6,Medium,Mango,0.4227,0
3223.3,20.9,Clay,10.5,3.8,Medium,Sapota,0.5136,1
3947.1,33.5,Alluvial,9.7,9.7,Medium,Banana,0.5344,0
2037.5,32.6,Red,27.4,5.9,High,Papaya,0.7555,1
1061.4,43.3,Clay,36.7,11.0,High,Amla,0.8002,1
2565.8,23.6,Alluvial,85.5,3.6,Low,Guava,0.6146,0
2362.6,40.7,Loamy,69.8,5.5,Medium,Mango,0.7026,1
1200.1,40.2,Loamy,33.4,10.7,High,Mango,0.7612,1
924.3,32.4,Black,67.8,11.5,Medium,Mango,0.7782,1
1364.3,29.8,Red,54.8,7.3,High,Lemon,0.7851,1
742.1,32.6,Black,71.4,11.0,Low,Pomegranate,0.7855,1
668.3,46.7,Sandy,28.8,6.1,High,Banana,0.3451,1
1874.0,32.6,Black,79.5,6.4,Medium,Mango,0.7685,1
2129.3,19.3,Red,50.8,9.9,Low,Sapota,0.7138,1
1451.2,28.2,Loamy,56.6,10.8,High,Sapota,0.7863,1
1057.2,23.1,Loamy,83.7,3.5,Low,Guava,0.7331,1
1973.6,11.0,Sandy,68.9,11.0,Medium,Guava,0.5657,1
3786.0,13.1,Red,79.0,3.9,High,Pomegranate,0.3009,0
414.0,29.8,Loamy,68.7,11.0,High,Sapota,0.6841,0
2613.2,35.3,Red,77.7,8.2,Medium,Jackfruit,0.8043,1
501.7,21.6,Red,30.1,8.1,High,Sapota,0.8382,1
1843.7,23.6,Black,64.3,11.1,High,Mango,0.6975,1
1420.7,28.1,Red,13.8,4.6,High,Coconut,0.6648,1
1223.8,37.5,Alluvial,33.7,8.0,Medium,Sapota,0.7978,1
1625.8,34.1,Red,65.6,6.7,Low,Mango,0.7795,0
2319.5,26.9,Red,27.5,9.1,Low,Papaya,0.6763,0
2539.4,22.8,Alluvial,77.3,5.2,Low,Mango,0.6132,1
1735.0,34.5,Sandy,68.1,10.3,Medium,Sapota,0.7868,1
2040.4,22.1,Sandy,90.0,4.7,Medium,Lemon,0.5659,0
1769.0,26.7,Loamy,78.3,6.5,Low,Mango,0.772,1
910.2,26.1,Sandy,53.2,7.5,Medium,Lemon,0.8686,0
1596.5,36.1,Loamy,49.4,11.2,High,Jackfruit,0.7215,0
1791.1,20.3,Loamy,30.2,6.9,Low,Coconut,0.7759,1
2368.4,37.6,Alluvial,77.0,6.8,High,Papaya,0.5999,0
914.5,33.4,Loamy,37.0,6.7,Medium,Jackfruit,0.764,0
1728.6,30.4,Loamy,48.0,8.2,Medium,Lemon,0.8464,0
1686.8,32.5,Loamy,27.5,8.0,Low,Jackfruit,0.7881,0
1220.3,31.1,Sandy,24.8,10.2,High,Papaya,0.7325,1
2991.8,27.4,Red,53.9,6.1,Low,Coconut,0.6283,1
2137.7,22.6,Alluvial,61.5,9.4,Medium,Mango,0.7994,1
600.2,15.7,Red,22.6,10.9,Medium,Lemon,0.7339,1
2059.3,16.4,Loamy,14.8,9.1,High,Jackfruit,0.686,1
1408.7,20.5,Loamy,82.8,3.0,Medium,Guava,0.8631,1
1212.8,27.5,Red,43.8,11.2,Medium,Jackfruit,0.7969,1
1497.1,38.5,Loamy,41.9,6.4,Low,Sapota,0.7403,1
832.0,36.5,Red,27.1,10.2,Medium,Sapota,0.7925,1
1356.8,21.5,Red,51.1,5.6,Medium,Mango,0.7339,1
1917.1,25.8,Black,80.5,7.1,High,Sapota,0.8154,0
3707.4,18.1,Clay,56.6,4.8,Medium,Lemon,0.5814,1
1445.4,37.7,Clay,42.6,5.6,Low,Jackfruit,0.7302,1
754.9,41.4,Loamy,12.3,9.6,High,Pomegranate,0.6968,1
933.8,24.2,Alluvial,74.7,6.5,Medium,Lemon,0.7494,1
1440.4,27.8,Red,87.0,7.1,Medium,Banana,0.7357,1
1903.8,24.9,Sandy,60.8,10.1,High,Coconut,0.8058,0
1021.4,24.8,Red,63.9,9.3,Low,Papaya,0.7735,1
2016.0,35.5,Red,68.6,5.8,Medium,Banana,0.7611,1
877.2,22.7,Alluvial,25.8,11.5,Medium,Coconut,0.73,1
933.7,30.3,Red,64.5,11.3,Low,Coconut,0.7623,0
1962.5,38.3,Clay,38.4,7.6,Medium,Jackfruit,0.7591,1
2281.4,30.6,Clay,39.9,9.2,Medium,Banana,0.7189,1
459.8,19.5,Loamy,54.8,11.2,Medium,Amla,0.8724,1
1672.9,34.2,Sandy,51.7,10.6,Low,Amla,0.8752,0
222.4,22.8,Clay,28.6,8.0,Medium,Pomegranate,0.6388,1
835.3,20.4,Loamy,70.5,10.0,High,Amla,0.8304,1
4099.1,38.6,Loamy,44.4,11.5,Low,Coconut,0.5511,0
1204.3,18.1,Loamy,61.7,6.6,Medium,Sapota,0.8217,1
739.8,44.3,Black,24.9,5.8,High,Jackfruit,0.4896,1
993.6,20.4,Loamy,84.7,9.5,Medium,Sapota,0.7213,0
1091.3,16.6,Alluvial,60.5,7.8,Medium,Sapota,0.7633,1
994.4,20.5,Alluvial,74.3,9.0,High,Papaya,0.6962,1
2290.8,16.0,Black,16.2,4.7,High,Mango,0.5731,1
1948.6,22.8,Red,73.7,9.4,Low,Guava,0.7816,0
609.9,35.9,Red,50.1,7.7,Medium,Papaya,0.6991,0
778.6,42.1,Clay,79.0,9.9,High,Pomegranate,0.5951,0
795.5,32.5,Sandy,55.6,11.3,High,Amla,0.8635,1
1854.0,24.1,Alluvial,24.1,7.1,Medium,Lemon,0.7001,1
2339.6,25.6,Alluvial,28.4,8.3,Low,Mango,0.7567,1
2070.4,36.2,Red,71.4,3.4,Low,Amla,0.6666,1
545.3,25.8,Alluvial,28.2,4.9,High,Jackfruit,0.673,1
2665.2,31.2,Loamy,42.4,6.9,High,Mango,0.7325,1
1577.9,20.1,Red,26.1,7.3,Medium,Sapota,0.8443,1
1989.5,32.0,Alluvial,61.3,9.1,Low,Guava,0.7482,1
1541.4,21.5,Red,89.3,8.6,Medium,Coconut,0.7762,0
2094.4,33.0,Clay,46.6,7.8,Low,Guava,0.8404,1
447.7,18.8,Sandy,65.5,11.8,Medium,Amla,0.8052,0
375.3,27.5,Loamy,60.9,10.2,High,Pomegranate,0.8296,1
998.2,30.9,Alluvial,28.7,8.0,Medium,Amla,0.9479,1
1531.4,35.5,Red,55.8,7.7,High,Jackfruit,0.7901,1
1539.1,32.8,Red,48.8,7.9,Medium,Lemon,0.7804,1
932.4,11.6,Red,36.5,5.1,Medium,Amla,0.8292,1
1288.3,43.6,Clay,89.7,7.1,Low,Sapota,0.6549,1
1352.4,22.9,Red,27.9,8.5,Low,Papaya,0.7269,1
955.9,39.2,Alluvial,36.3,7.8,High,Banana,0.6487,1
402.4,43.9,Alluvial,25.4,8.0,Low,Guava,0.6772,0
620.4,24.2,Loamy,65.6,5.7,Medium,Lemon,0.8239,1
2841.7,25.2,Red,85.9,9.5,Medium,Coconut,0.7316,1
1463.5,18.1,Red,87.8,6.6,High,Banana,0.6814,1
3075.3,24.3,Alluvial,44.3,11.4,Medium,Banana,0.7872,1
398.1,39.9,Red,70.2,5.6,Medium,Guava,0.7215,1
2724.9,30.0,Loamy,69.8,10.1,Low,Banana,0.7598,1
900.9,25.5,Black,12.7,7.8,Medium,Pomegranate,0.8221,1
2404.1,33.5,Loamy,77.4,11.3,Medium,Banana,0.8064,1
1510.8,23.7,Black,24.3,10.2,High,Sapota,0.8592,1
1553.7,17.6,Loamy,91.3,3.0,Medium,Amla,0.7126,1
2707.7,39.8,Sandy,84.0,9.4,High,Guava,0.5978,1
2985.0,20.5,Loamy,28.5,7.8,High,Coconut,0.674,1
1234.7,10.1,Alluvial,25.3,10.1,High,Coconut,0.4989,1
562.3,16.9,Sandy,25.3,6.9,Medium,Guava,0.7467,1
1536.2,27.5,Alluvial,39.2,8.0,Medium,Jackfruit,0.8148,1
585.5,23.9,Sandy,64.4,10.6,Medium,Pomegranate,0.8179,1
2042.7,34.7,Loamy,33.2,11.2,Low,Guava,0.8269,1
544.1,34.8,Sandy,12.6,8.7,Medium,Amla,0.8715,1
2439.9,19.6,Red,48.0,9.7,Medium,Mango,0.6931,1
655.6,16.8,Clay,85.9,11.0,Medium,Guava,0.7958,1
1081.6,19.0,Loamy,61.4,9.1,Medium,Mango,0.7446,0
935.5,30.5,Sandy,67.3,10.0,High,Coconut,0.7855,0
1845.4,36.2,Red,74.3,8.8,Medium,Jackfruit,0.8249,1
629.7,31.4,Loamy,50.6,5.8,Medium,Papaya,0.6923,0
1616.8,25.3,Clay,85.6,9.4,High,Jackfruit,0.7269,1
1055.7,35.0,Red,65.0,10.4,High,Sapota,0.8314,1
2138.7,38.0,Alluvial,55.8,6.4,Low,Sapota,0.7478,1
378.6,17.0,Sandy,77.8,6.3,Low,Jackfruit,0.4786,0
1048.0,26.7,Sandy,59.5,5.6,Low,Sapota,0.7974,1
1245.5,35.8,Red,71.0,10.1,High,Mango,0.7602,1
3651.5,16.7,Loamy,22.7,3.1,Low,Coconut,0.5038,0
1302.7,31.7,Red,69.1,7.2,Medium,Sapota,0.805,1
3704.6,45.0,Red,47.4,10.0,High,Pomegranate,0.4547,0
675.0,26.9,Loamy,17.9,7.0,Medium,Lemon,0.7777,1
1236.5,18.6,Alluvial,73.4,9.9,High,Lemon,0.7938,1
279.9,33.9,Black,71.5,7.8,Medium,Amla,0.7668,0
2332.9,36.1,Alluvial,21.1,8.6,Low,Mango,0.7197,1
1922.6,32.5,Clay,29.1,11.3,Medium,Jackfruit,0.8551,1
1613.5,28.0,Red,81.1,7.6,High,Sapota,0.7681,1
2223.9,20.6,Alluvial,51.2,7.3,Medium,Banana,0.7676,1
3839.6,14.9,Loamy,47.3,11.9,Low,Sapota,0.462,1
1469.6,22.1,Alluvial,48.8,6.3,Low,Banana,0.7377,1
311.0,23.2,Alluvial,71.2,10.2,Medium,Guava,0.7247,1
1167.3,26.2,Sandy,55.5,7.3,Medium,Pomegranate,0.7543,0
2164.9,38.7,Clay,88.0,11.2,Low,Guava,0.6928,1
2712.1,20.3,Loamy,80.0,7.0,High,Banana,0.7816,1
2881.3,24.9,Sandy,79.5,9.7,Low,Coconut,0.7087,1
669.8,30.6,Loamy,28.1,9.8,Medium,Pomegranate,0.7996,1
340.4,16.8,Red,37.0,7.9,Medium,Pomegranate,0.6968,1
651.6,28.1,Alluvial,80.8,6.3,Medium,Papaya,0.6322,1
2838.7,23.9,Loamy,32.2,10.0,High,Jackfruit,0.797,1
1156.6,20.0,Red,62.8,8.3,Medium,Pomegranate,0.7334,0
885.9,26.0,Loamy,33.9,7.8,Low,Coconut,0.6607,1
682.7,22.4,Sandy,20.4,7.3,High,Guava,0.7974,1
1687.5,21.9,Alluvial,50.7,8.8,Low,Mango,0.7375,1
2780.4,39.1,Clay,29.5,8.8,Medium,Jackfruit,0.7152,1
841.8,31.4,Black,66.9,7.6,Medium,Pomegranate,0.8466,1
3161.2,10.8,Sandy,25.1,9.6,Medium,Jackfruit,0.4651,0
856.0,30.1,Loamy,25.3,8.7,Medium,Guava,0.9133,1
2796.5,20.5,Sandy,26.2,9.9,Medium,Coconut,0.6947,1
1168.3,30.5,Loamy,58.1,5.6,Low,Mango,0.7599,1
2714.9,18.1,Alluvial,51.9,4.6,Medium,Jackfruit,0.6889,1
378.3,23.6,Loamy,36.7,6.3,Medium,Amla,0.8614,1
2005.8,28.5,Red,50.0,10.6,Medium,Guava,0.7348,1
4046.1,18.1,Sandy,12.0,7.4,Low,Banana,0.3448,0
405.8,23.6,Red,47.0,7.6,Low,Amla,0.821,1
502.8,29.2,Red,59.4,5.2,High,Guava,0.7591,1
4136.1,26.4,Alluvial,12.8,11.2,High,Amla,0.6601,1
3090.8,29.2,Red,62.0,6.2,Low,Banana,0.753,1
825.2,27.1,Red,74.8,9.4,Medium,Mango,0.6716,1
2650.3,35.1,Alluvial,83.9,6.3,High,Jackfruit,0.7024,0
959.9,26.1,Alluvial,29.1,11.3,Medium,Amla,0.9318,1
3363.4,39.5,Black,85.9,9.5,Low,Coconut,0.5346,0
1174.7,19.5,Red,26.0,10.8,Medium,Lemon,0.7373,1
829.5,35.1,Red,20.2,5.9,Medium,Lemon,0.6989,1
778.2,26.3,Red,51.6,5.9,Low,Guava,0.838,1
437.5,37.3,Clay,45.4,7.7,High,Amla,0.8898,1
913.4,23.3,Red,67.4,8.5,Medium,Mango,0.7779,1
1785.2,40.0,Loamy,59.3,8.3,Medium,Banana,0.7144,1
4151.6,38.2,Loamy,44.9,4.4,High,Lemon,0.5395,1
1187.9,19.9,Loamy,90.8,9.0,Low,Lemon,0.7584,0
1878.2,16.6,Red,66.6,9.2,Low,Sapota,0.7468,0
2585.9,33.7,Loamy,56.7,7.4,Low,Coconut,0.7288,1
2432.7,35.2,Alluvial,36.4,8.5,High,Pomegranate,0.6616,1
1329.7,35.2,Sandy,71.4,10.6,Medium,Coconut,0.8703,0
838.2,31.1,Alluvial,87.8,10.2,Medium,Sapota,0.7634,1
1202.8,34.1,Black,64.7,3.8,Low,Pomegranate,0.6528,1
1716.3,19.9,Red,56.9,5.5,Low,Sapota,0.8289,1
1025.9,18.2,Alluvial,23.4,9.7,Medium,Guava,0.8424,1
2712.3,41.9,Black,18.3,10.7,Low,Guava,0.4929,0
3469.8,23.0,Sandy,28.3,6.4,High,Mango,0.5645,1
528.5,33.4,Loamy,54.3,11.0,High,Lemon,0.7734,1
1549.2,36.9,Clay,81.9,9.2,Medium,Guava,0.7632,1
1703.9,31.1,Sandy,52.9,5.1,Medium,Sapota,0.7795,0
1195.9,38.5,Sandy,74.2,11.3,Medium,Guava,0.7612,1
3382.5,39.1,Alluvial,23.5,7.5,Low,Guava,0.547,0
1274.6,40.3,Sandy,51.1,10.8,Medium,Papaya,0.6942,1
1472.0,35.5,Sandy,32.6,7.0,High,Papaya,0.7261,1
1346.7,29.2,Sandy,41.7,6.5,Low,Coconut,0.6798,1
1361.1,34.9,Loamy,80.0,5.7,Medium,Guava,0.8485,1
567.6,35.8,Clay,72.1,8.2,Medium,Guava,0.8567,1
831.5,31.1,Alluvial,84.0,11.1,Medium,Mango,0.732,1
2375.2,31.2,Loamy,21.8,8.5,Medium,Papaya,0.6403,1
1234.2,23.7,Alluvial,38.5,7.1,Medium,Jackfruit,0.8211,1
1728.7,16.5,Sandy,43.7,6.8,Low,Pomegranate,0.6495,0
951.5,35.0,Red,39.8,4.6,High,Banana,0.7198,1
1204.0,31.4,Black,37.3,8.9,High,Mango,0.7835,0
671.4,24.0,Loamy,15.0,10.1,Low,Amla,0.8719,1
3869.8,45.4,Sandy,29.3,6.6,Low,Mango,0.407,1
802.3,23.7,Alluvial,53.9,10.6,High,Sapota,0.8265,1
2119.6,16.7,Red,86.9,6.4,Low,Guava,0.6726,0
3236.0,13.9,Sandy,51.2,7.6,High,Mango,0.3445,1
888.2,30.8,Red,65.5,9.0,High,Papaya,0.8582,1
1411.9,18.1,Loamy,49.8,6.0,Low,Banana,0.6883,1
3047.0,31.8,Red,69.9,9.1,High,Banana,0.7819,1
2104.3,17.1,Black,36.9,3.1,High,Papaya,0.5066,0
545.3,27.0,Loamy,35.4,7.3,Medium,Guava,0.7744,1
1127.1,34.0,Loamy,53.2,9.5,Low,Pomegranate,0.8246,1
1408.2,19.2,Loamy,57.0,7.8,Medium,Mango,0.7249,1
753.1,33.9,Black,34.0,6.1,Medium,Mango,0.7707,1
2117.8,39.3,Loamy,77.0,6.7,Medium,Sapota,0.7178,0
773.4,29.7,Loamy,57.3,6.2,Low,Jackfruit,0.7354,0
1062.4,30.1,Black,54.5,10.3,Medium,Mango,0.842,0
2825.9,14.9,Red,35.4,11.4,Medium,Mango,0.5978,1
559.5,24.8,Alluvial,76.6,10.3,High,Sapota,0.6931,1
1894.5,19.7,Sandy,83.8,11.5,High,Lemon,0.7432,1
1171.0,28.8,Red,30.9,5.8,Low,Papaya,0.6935,1
1200.8,37.3,Black,15.6,9.3,High,Pomegranate,0.7016,1
3020.1,16.4,Clay,27.2,5.4,High,Papaya,0.4683,1
1084.0,17.8,Sandy,38.0,8.2,Low,Lemon,0.7223,1
2825.3,32.3,Sandy,34.3,7.1,Medium,Coconut,0.6905,1
2885.6,21.8,Clay,36.2,9.1,High,Banana,0.8007,1
1911.1,25.9,Red,88.3,10.4,High,Coconut,0.7399,1
571.8,17.3,Red,60.1,6.4,Medium,Amla,0.8069,0
811.4,32.3,Alluvial,70.9,7.0,Low,Papaya,0.7204,1
1219.7,19.5,Sandy,47.1,4.3,High,Jackfruit,0.682,1
1021.5,24.4,Loamy,62.7,6.4,High,Banana,0.7019,1
236.3,35.5,Black,73.4,7.7,High,Amla,0.7199,1
1165.3,28.5,Black,37.1,6.5,Medium,Mango,0.7598,1
1092.2,36.6,Red,7.5,11.7,Medium,Coconut,0.6917,1
3617.1,10.8,Black,59.9,6.3,Low,Guava,0.4932,0
1747.2,18.6,Sandy,23.8,8.9,High,Guava,0.7844,0
518.9,31.4,Red,65.4,9.2,Low,Pomegranate,0.8486,1
922.2,34.9,Clay,21.3,7.9,Low,Amla,0.8118,1
759.3,32.3,Loamy,42.5,5.5,Medium,Papaya,0.7704,1
2597.9,35.1,Loamy,81.2,11.5,Medium,Banana,0.7903,1
1389.0,30.5,Loamy,34.0,5.3,Low,Sapota,0.8023,1
2291.5,40.2,Loamy,40.2,8.1,High,Papaya,0.657,1
592.7,31.5,Clay,28.7,9.9,Low,Guava,0.8008,1
2598.1,17.2,Loamy,58.9,11.7,High,Amla,0.6235,0
2052.0,17.2,Sandy,50.9,9.7,High,Guava,0.7364,0
1940.6,22.2,Clay,70.0,10.5,Low,Jackfruit,0.753,1
1750.7,19.8,Red,43.3,7.1,Medium,Banana,0.7822,1
3492.1,26.7,Sandy,25.3,6.5,High,Pomegranate,0.611,0
1862.4,29.7,Alluvial,77.0,4.6,Low,Lemon,0.6401,1
471.2,38.6,Red,62.9,10.6,Low,Guava,0.6786,0
1735.8,39.3,Alluvial,17.9,4.8,Low,Guava,0.7032,1
299.2,45.0,Black,55.0,4.0,Medium,Coconut,0.352,0
2057.5,31.4,Alluvial,64.3,8.5,Low,Banana,0.7774,1
1254.6,31.4,Sandy,22.5,9.4,Medium,Papaya,0.7273,0
2201.6,27.9,Black,62.6,5.3,High,Pomegranate,0.5015,1
1871.0,30.2,Sandy,94.2,7.8,High,Banana,0.6569,0
806.3,29.4,Sandy,66.1,6.2,Low,Coconut,0.7477,0
695.3,16.8,Alluvial,31.6,10.9,High,Papaya,0.6207,0
2154.7,31.2,Red,40.4,11.0,Medium,Jackfruit,0.8174,0
353.8,30.2,Clay,48.6,10.7,Medium,Lemon,0.6327,0
1174.0,30.3,Loamy,76.5,10.4,High,Amla,0.9024,1
1471.8,28.5,Red,55.4,9.6,Medium,Coconut,0.7916,1
1332.4,20.5,Clay,74.7,9.2,Medium,Banana,0.7776,1
2052.0,34.4,Black,41.1,10.5,Medium,Pomegranate,0.618,1
1316.0,17.9,Red,35.5,3.6,High,Papaya,0.683,1
2599.8,29.5,Sandy,65.8,6.2,Low,Sapota,0.7386,1
1330.6,39.0,Black,63.3,8.2,High,Pomegranate,0.7978,1
757.2,17.9,Loamy,34.8,6.0,Medium,Sapota,0.7831,0
2770.6,43.8,Red,53.2,5.5,Medium,Guava,0.4592,0
3203.7,41.3,Black,87.6,10.1,Low,Amla,0.6229,1
780.5,35.4,Loamy,17.1,9.5,Medium,Guava,0.8486,1
1381.4,30.5,Sandy,55.7,6.2,Medium,Jackfruit,0.6569,1
4034.4,43.1,Black,89.7,3.2,High,Jackfruit,0.3621,0
2274.7,20.2,Alluvial,50.8,11.0,Medium,Jackfruit,0.7844,0
957.9,24.6,Red,94.7,6.0,Medium,Coconut,0.7315,0
3589.7,24.0,Alluvial,77.9,3.7,Medium,Pomegranate,0.5019,0
1120.7,31.1,Alluvial,60.1,5.9,Medium,Lemon,0.7707,1
3203.8,37.2,Black,91.8,10.8,Low,Banana,0.6046,0
2553.5,27.1,Alluvial,69.2,5.1,Medium,Banana,0.7599,0
541.3,16.3,Loamy,39.7,10.7,Medium,Sapota,0.686,1
3946.5,34.4,Sandy,39.9,3.2,Low,Pomegranate,0.5625,0
2670.5,22.8,Alluvial,29.8,7.0,Medium,Coconut,0.716,0
1139.6,22.6,Loamy,40.1,11.3,High,Mango,0.7112,1
3799.9,10.7,Clay,26.6,4.2,High,Lemon,0.3603,0
2834.1,38.7,Alluvial,46.8,10.6,Medium,Coconut,0.7315,1
1162.4,18.5,Sandy,65.4,6.2,High,Papaya,0.6564,1
2494.6,43.1,Clay,70.7,3.2,High,Lemon,0.3101,0
1585.1,22.6,Loamy,53.0,8.5,Medium,Sapota,0.8281,1
2312.3,25.3,Red,7.6,9.8,High,Banana,0.6885,0
1261.0,12.9,Black,69.9,10.5,High,Pomegranate,0.6349,0
2583.4,20.4,Loamy,70.5,9.6,High,Jackfruit,0.7336,1
3119.1,37.9,Clay,12.2,6.2,Medium,Mango,0.4806,0
3101.7,22.8,Red,93.2,8.3,Medium,Banana,0.6211,1
1118.0,16.4,Black,59.4,8.6,High,Amla,0.8783,1
2038.8,34.6,Red,39.3,5.6,Medium,Guava,0.8121,1
685.8,25.4,Loamy,72.1,9.2,Medium,Lemon,0.833,1
582.3,31.4,Loamy,55.2,9.3,Medium,Pomegranate,0.8126,1
1152.7,33.3,Clay,21.7,6.7,Low,Amla,0.7626,1
1400.5,22.8,Red,71.2,7.3,Medium,Banana,0.7478,1
644.9,15.2,Alluvial,8.4,8.7,Low,Amla,0.8133,1
340.9,33.3,Red,57.4,5.1,Low,Sapota,0.6901,0
721.0,34.2,Red,38.2,11.0,Medium,Guava,0.8629,1
1340.1,30.8,Loamy,42.0,9.7,Medium,Sapota,0.8533,0
1229.2,12.8,Loamy,20.0,9.8,High,Lemon,0.7336,1
1929.8,43.9,Sandy,58.3,7.6,Low,Papaya,0.5649,1
3483.1,27.0,Sandy,35.3,7.5,Medium,Jackfruit,0.4474,0
1390.0,22.1,Alluvial,56.5,4.8,Medium,Banana,0.8134,1
488.5,31.0,Alluvial,70.4,4.7,High,Coconut,0.5932,0
2402.9,30.3,Red,38.9,8.9,High,Banana,0.715,1
1704.6,29.3,Alluvial,39.9,10.3,High,Papaya,0.6412,0
465.0,35.1,Red,52.2,11.4,Medium,Lemon,0.6998,1
1484.7,21.4,Sandy,26.0,7.5,Low,Amla,0.814,1
1263.2,15.7,Clay,68.1,5.3,Medium,Guava,0.6635,0
2933.2,20.8,Red,56.3,11.1,High,Coconut,0.6884,1
1224.9,34.8,Red,33.4,10.8,Medium,Amla,0.93,1
2337.7,35.3,Loamy,77.5,9.0,High,Pomegranate,0.55,1
1570.2,27.4,Loamy,50.5,4.7,High,Banana,0.7398,0
1231.4,27.4,Clay,20.4,7.9,Medium,Amla,0.9284,1
3373.1,25.7,Alluvial,92.9,8.3,Medium,Pomegranate,0.5088,0
1448.9,20.4,Red,49.5,11.2,Medium,Banana,0.7587,0
470.4,16.4,Loamy,23.3,6.8,Medium,Pomegranate,0.6935,1
829.2,35.0,Loamy,69.7,7.7,Low,Coconut,0.7308,0
3718.2,18.9,Alluvial,91.9,10.7,Medium,Coconut,0.5693,0
1761.4,26.9,Red,61.5,8.0,High,Banana,0.8297,1
1093.7,39.2,Alluvial,28.4,6.5,High,Jackfruit,0.6995,1
791.1,25.5,Alluvial,26.9,5.6,Medium,Mango,0.7497,1
1687.4,36.5,Red,20.8,10.0,Medium,Papaya,0.7194,0
2090.6,36.7,Red,30.7,8.7,Medium,Coconut,0.8217,1
808.7,40.2,Alluvial,73.4,7.6,Medium,Mango,0.6774,1
923.4,17.8,Loamy,88.5,9.2,Medium,Sapota,0.7132,1
1865.9,24.0,Clay,48.0,9.0,High,Guava,0.8769,1
2485.1,44.8,Sandy,70.1,4.0,Medium,Amla,0.6053,0
1612.8,35.6,Alluvial,23.8,9.4,Medium,Lemon,0.7506,1
1149.7,30.3,Loamy,43.6,9.3,Medium,Amla,0.9499,1
405.6,10.1,Red,31.0,9.7,High,Amla,0.7731,1
348.8,26.3,Loamy,15.0,10.4,Medium,Pomegranate,0.7456,0
2595.4,33.1,Clay,73.7,8.4,High,Jackfruit,0.8411,1
2583.9,33.2,Red,61.6,11.1,High,Coconut,0.8058,1
2506.7,30.0,Loamy,78.1,6.8,Medium,Jackfruit,0.7998,1
3366.3,32.1,Red,23.6,5.9,Medium,Amla,0.6018,1
691.9,34.7,Loamy,43.1,11.0,Medium,Pomegranate,0.8449,1
2645.4,24.1,Red,74.5,4.5,High,Mango,0.6339,1
2983.5,33.6,Alluvial,54.7,9.7,Medium,Coconut,0.7696,1
1717.0,20.5,Loamy,32.7,10.2,Low,Guava,0.7506,1
734.8,13.5,Alluvial,80.9,10.2,High,Coconut,0.5655,1
1764.0,24.6,Red,84.7,9.9,Medium,Sapota,0.7885,1
1504.3,32.9,Red,54.8,11.3,Low,Papaya,0.6868,1
2855.9,37.8,Loamy,19.9,3.4,High,Lemon,0.4857,0
3142.3,20.6,Clay,81.4,7.1,Medium,Banana,0.7025,0
2200.3,19.1,Loamy,83.1,7.6,Low,Banana,0.6565,1
1146.1,19.1,Loamy,47.9,10.6,Medium,Sapota,0.807,1
1499.6,21.2,Alluvial,37.0,8.0,Medium,Mango,0.7591,1
1666.5,22.4,Red,29.4,4.8,Medium,Jackfruit,0.7499,1
1308.3,35.5,Alluvial,35.2,9.0,High,Sapota,0.8464,1
1677.0,26.6,Clay,86.8,10.7,Medium,Banana,0.7136,0
435.8,39.5,Black,73.2,7.8,Low,Pomegranate,0.7129,1
705.7,18.4,Sandy,45.7,8.8,Low,Sapota,0.7908,1
1267.9,23.4,Alluvial,48.5,9.7,Medium,Coconut,0.8067,1
800.1,30.6,Sandy,17.9,6.7,High,Amla,0.8775,1
1770.5,28.0,Alluvial,35.5,11.3,Medium,Lemon,0.7353,0
1913.0,40.4,Alluvial,60.3,10.3,High,Mango,0.76,0
3744.1,38.4,Loamy,64.3,4.8,Low,Lemon,0.437,1
1085.4,43.4,Sandy,31.4,10.7,Medium,Papaya,0.6508,1
1180.0,34.4,Black,27.0,8.5,High,Pomegranate,0.8402,1
921.2,17.4,Black,19.4,7.5,Low,Pomegranate,0.7123,1
1293.1,21.1,Clay,47.1,9.0,Medium,Lemon,0.751,0
1670.0,28.3,Alluvial,63.0,6.7,Low,Papaya,0.7574,0
1317.9,41.2,Loamy,82.0,7.3,Medium,Sapota,0.7529,1
878.3,17.7,Loamy,36.8,10.1,Low,Lemon,0.8164,1
1963.5,29.5,Clay,44.4,5.1,Low,Amla,0.7549,1
3127.1,18.0,Alluvial,45.8,5.8,Low,Amla,0.5763,1
598.6,30.9,Loamy,44.5,8.7,Medium,Papaya,0.6914,1
2965.8,23.7,Clay,95.0,6.1,High,Coconut,0.648,0
4144.1,16.9,Red,73.9,6.0,Low,Mango,0.4938,0
1011.2,26.3,Loamy,59.5,7.0,Low,Amla,0.8535,1
1406.9,26.8,Alluvial,43.5,5.7,Medium,Lemon,0.7314,1
1144.2,29.6,Loamy,60.1,7.9,Medium,Mango,0.7153,1
2790.5,29.8,Red,43.0,8.2,High,Coconut,0.7701,0
1979.0,37.4,Alluvial,42.7,6.1,Medium,Mango,0.7734,1
764.9,23.7,Alluvial,50.6,11.2,High,Pomegranate,0.8014,1
2325.9,37.4,Loamy,65.5,8.3,High,Coconut,0.8435,1
3768.9,41.4,Black,81.6,7.5,High,Jackfruit,0.3943,0
4129.1,19.6,Alluvial,14.6,6.6,High,Pomegranate,0.5689,1
553.9,37.1,Clay,81.6,12.0,High,Coconut,0.5692,0
3443.3,47.3,Sandy,88.4,11.1,Medium,Mango,0.4385,1
1700.9,38.1,Loamy,68.6,6.0,High,Papaya,0.741,1
635.6,40.5,Clay,27.9,8.4,High,Amla,0.8493,1
1328.5,24.3,Red,37.8,8.8,High,Lemon,0.7832,1
1785.1,29.1,Red,77.1,10.2,High,Jackfruit,0.7648,1
1423.8,40.8,Alluvial,23.9,9.6,Medium,Mango,0.7344,0
336.4,19.7,Alluvial,62.9,6.9,High,Lemon,0.6768,0
496.8,21.1,Alluvial,34.3,8.4,Low,Pomegranate,0.7913,1
3545.8,12.1,Black,74.8,8.5,Medium,Guava,0.4487,1
1945.6,24.6,Loamy,52.1,5.4,High,Guava,0.7901,1
961.3,44.9,Sandy,54.8,5.7,High,Mango,0.6018,1
1452.7,27.5,Red,87.4,10.4,Medium,Banana,0.7608,0
1308.6,30.2,Red,78.7,11.0,High,Coconut,0.7583,1
819.1,44.6,Black,23.6,10.5,Medium,Amla,0.7489,1
452.6,43.2,Red,12.8,8.9,Low,Jackfruit,0.4257,1
2112.1,26.0,Black,74.0,7.1,Medium,Mango,0.6638,0
2680.8,14.6,Clay,34.1,7.4,Medium,Pomegranate,0.3946,1
1881.8,36.1,Loamy,81.6,5.8,Medium,Lemon,0.7267,1
1855.8,27.5,Alluvial,47.3,9.3,Medium,Lemon,0.7,1
1600.5,30.9,Alluvial,26.5,10.5,Medium,Guava,0.7988,1
1065.8,40.5,Clay,41.0,4.7,Medium,Guava,0.7019,1
2116.7,31.8,Sandy,27.2,7.9,High,Papaya,0.6806,0
653.7,41.4,Black,38.6,8.0,Low,Mango,0.6858,1
2561.5,36.3,Alluvial,70.9,9.5,Low,Banana,0.7336,1
2220.7,26.1,Red,75.0,8.1,High,Sapota,0.751,1
736.3,19.8,Alluvial,81.1,8.0,Medium,Mango,0.7144,0
1443.3,25.0,Alluvial,78.6,10.0,Medium,Papaya,0.7603,1
1550.9,27.8,Clay,57.1,9.6,Medium,Banana,0.7336,1
1336.6,40.7,Alluvial,71.7,10.7,Medium,Papaya,0.6472,0
880.7,40.3,Sandy,64.6,10.3,Low,Pomegranate,0.7667,0
4075.0,34.7,Black,65.8,8.6,High,Guava,0.5366,1
1443.4,33.2,Black,78.4,6.1,Low,Sapota,0.7883,1
2130.3,37.9,Red,68.8,10.3,Low,Mango,0.7524,0
1564.2,28.6,Red,28.5,11.1,Medium,Papaya,0.7222,1
546.9,29.8,Loamy,28.4,8.4,Medium,Lemon,0.7618,1
1519.5,20.3,Red,55.6,7.9,Medium,Guava,0.7599,1
1844.0,30.4,Clay,85.5,8.1,Low,Jackfruit,0.7711,1
1753.6,25.7,Alluvial,80.4,8.4,Medium,Guava,0.8437,1
1181.9,29.3,Black,68.3,9.3,High,Pomegranate,0.7669,1
373.7,22.3,Loamy,67.4,9.8,Medium,Pomegranate,0.738,1
1116.6,29.7,Red,79.8,7.4,Medium,Banana,0.7971,0
1343.4,26.3,Loamy,53.4,8.5,Medium,Jackfruit,0.7557,1
2035.6,36.6,Loamy,35.2,5.8,Medium,Papaya,0.7283,1
2661.0,38.9,Clay,51.2,9.3,High,Mango,0.6452,1
1468.0,40.9,Clay,51.7,8.6,Medium,Pomegranate,0.6312,1
2208.8,27.4,Clay,59.2,4.9,High,Amla,0.6365,0
2086.8,31.1,Loamy,56.5,9.8,Low,Banana,0.7605,1
2091.2,26.0,Clay,55.4,11.1,Low,Amla,0.7447,0
1220.7,26.9,Alluvial,58.9,9.1,High,Papaya,0.8023,1
1237.0,19.3,Red,55.8,11.2,High,Lemon,0.8344,1
2594.7,14.2,Black,81.8,4.6,Low,Papaya,0.3461,1
1286.4,37.1,Loamy,74.6,6.9,High,Sapota,0.8311,1
1501.5,19.0,Red,81.4,6.4,High,Pomegranate,0.5686,1
1791.0,37.0,Loamy,71.2,10.3,Medium,Coconut,0.7791,1
1252.3,34.5,Loamy,65.0,11.4,High,Lemon,0.7936,1
596.7,40.8,Loamy,7.9,6.3,Medium,Amla,0.8528,1
2881.0,39.5,Loamy,87.3,7.3,Medium,Banana,0.7162,0
1154.4,30.3,Clay,68.2,6.9,Low,Jackfruit,0.8073,1
649.2,32.7,Loamy,68.4,10.1,Medium,Pomegranate,0.8095,1
2233.8,33.5,Clay,59.6,9.6,High,Banana,0.7703,1
2058.2,16.6,Red,68.1,7.1,Medium,Guava,0.6641,0
1278.9,17.2,Clay,20.3,10.8,High,Guava,0.7828,0
2575.5,12.6,Sandy,46.4,10.9,Low,Lemon,0.4681,1
202.6,23.9,Loamy,23.4,9.6,Low,Pomegranate,0.6805,1
1207.8,29.1,Alluvial,79.9,5.6,Medium,Jackfruit,0.7779,1
970.1,22.6,Red,81.0,10.2,High,Coconut,0.7272,1
2597.8,17.7,Sandy,50.0,3.7,Low,Jackfruit,0.6425,0
1779.3,27.5,Red,60.1,6.6,Medium,Lemon,0.7095,0
1549.9,16.8,Red,72.1,11.0,High,Lemon,0.7069,0
2711.7,47.8,Sandy,53.4,9.4,Low,Guava,0.5864,1
1635.6,33.3,Red,79.7,8.9,High,Amla,0.7878,1
645.9,39.1,Loamy,68.6,9.9,Medium,Guava,0.8314,1
1487.4,30.2,Alluvial,45.2,10.9,Low,Mango,0.835,0
1078.7,29.5,Sandy,64.2,6.1,Low,Sapota,0.7966,0
793.4,30.7,Clay,18.1,11.3,High,Guava,0.8531,1
1695.6,38.6,Clay,66.3,8.3,Medium,Jackfruit,0.7545,1
1282.0,37.3,Alluvial,89.2,5.8,High,Guava,0.7122,0
4000.5,43.9,Loamy,13.6,7.1,High,Pomegranate,0.5324,0
1063.1,20.5,Clay,61.8,9.4,Low,Guava,0.8763,1
2113.1,31.9,Black,35.2,7.0,Medium,Sapota,0.7815,0
2148.3,33.2,Alluvial,54.6,7.9,Medium,Mango,0.7953,0
552.0,40.0,Alluvial,33.1,9.9,High,Papaya,0.6257,1
1413.0,36.5,Alluvial,26.9,9.2,Medium,Lemon,0.7404,1
2632.0,18.1,Clay,53.4,8.0,High,Banana,0.6991,1
3494.9,26.1,Red,71.7,8.1,Medium,Amla,0.7119,1
606.5,31.6,Red,68.2,9.8,Low,Sapota,0.7935,1
483.8,33.9,Sandy,23.2,7.6,Medium,Guava,0.7757,0
1030.6,29.7,Alluvial,31.3,6.7,Medium,Lemon,0.8373,0
937.4,37.2,Black,89.0,7.5,Medium,Sapota,0.7765,1
1909.0,21.1,Sandy,31.5,6.3,Low,Papaya,0.7737,1
1668.7,22.7,Alluvial,72.1,8.4,Low,Banana,0.7148,1
790.3,33.5,Black,24.9,7.0,Medium,Amla,0.868,1
2863.1,44.3,Black,29.2,5.5,High,Pomegranate,0.4988,1
2208.6,40.3,Black,55.4,9.5,Medium,Mango,0.6041,1
1391.1,31.3,Red,58.0,5.2,Low,Banana,0.7377,1
2709.0,30.1,Clay,36.0,10.1,Medium,Coconut,0.7453,1
1215.0,35.0,Sandy,21.0,7.5,Low,Papaya,0.7601,1
1136.0,38.5,Alluvial,12.4,9.5,Medium,Pomegranate,0.7416,1
1296.5,17.7,Red,44.8,3.5,High,Mango,0.6814,1
2013.3,19.3,Loamy,88.4,7.4,Medium,Sapota,0.7441,1
267.9,35.4,Loamy,21.3,11.6,Medium,Sapota,0.584,0
3185.2,32.2,Clay,69.0,8.1,Low,Banana,0.7019,1
1347.4,20.9,Loamy,42.2,8.4,Medium,Pomegranate,0.7609,0
488.3,36.7,Red,77.8,9.4,Medium,Guava,0.8123,0
1664.9,41.5,Black,7.6,10.7,Medium,Papaya,0.6032,0
2049.4,34.1,Red,28.9,5.6,Low,Papaya,0.7116,0
2166.6,26.7,Alluvial,32.3,9.8,Medium,Sapota,0.823,1
766.3,19.9,Red,59.4,8.1,Medium,Amla,0.9262,0
2174.6,38.6,Alluvial,65.4,10.7,Low,Jackfruit,0.7919,1
584.1,38.3,Red,21.2,10.9,Low,Amla,0.8763,1
3421.3,47.6,Sandy,59.3,10.3,High,Mango,0.3667,1
399.5,37.7,Loamy,85.9,9.7,Low,Guava,0.7229,1
3684.5,42.5,Alluvial,22.9,7.4,Medium,Coconut,0.4869,0
1004.7,37.8,Alluvial,66.1,7.3,Medium,Coconut,0.7681,1
1492.0,32.2,Clay,88.4,10.9,High,Jackfruit,0.7142,1
544.3,35.3,Loamy,48.9,7.0,High,Mango,0.6243,0
1054.1,36.6,Loamy,62.4,5.2,Low,Jackfruit,0.7966,1
1418.8,14.1,Clay,22.2,6.8,Medium,Coconut,0.4881,1
327.2,33.6,Clay,59.7,7.2,Medium,Guava,0.6407,0
2306.8,33.7,Red,70.1,9.1,Low,Papaya,0.6282,1
1073.1,22.6,Clay,65.8,8.1,Low,Jackfruit,0.8021,1
457.5,26.8,Red,27.0,5.9,High,Lemon,0.78,1
1410.4,15.8,Sandy,29.6,7.1,Low,Lemon,0.7133,1
1687.3,16.2,Alluvial,50.9,5.6,Medium,Lemon,0.6787,1
2265.8,27.5,Red,44.1,9.2,Low,Banana,0.7465,1
3940.8,35.1,Alluvial,93.7,4.7,Medium,Lemon,0.5233,1
2196.5,35.8,Clay,81.3,11.1,Low,Guava,0.7529,0
384.3,21.9,Red,56.8,7.4,Low,Lemon,0.6551,0
1662.8,24.9,Sandy,31.2,8.5,High,Guava,0.788,1
2299.2,30.4,Sandy,38.3,7.7,High,Coconut,0.7976,1
1419.3,28.8,Loamy,82.7,6.3,Medium,Lemon,0.771,0
1279.1,23.8,Red,48.4,6.7,Low,Jackfruit,0.8049,1
1848.4,26.2,Alluvial,33.1,5.6,Medium,Lemon,0.6694,1
1546.1,34.4,Alluvial,35.9,5.5,Low,Papaya,0.7115,1
1666.9,29.4,Clay,89.5,7.8,Medium,Guava,0.8156,1
897.9,17.4,Sandy,71.1,7.1,Medium,Pomegranate,0.7744,1
828.3,25.1,Sandy,11.0,9.0,Medium,Lemon,0.8124,1
2857.0,36.3,Alluvial,72.5,8.3,Medium,Coconut,0.7204,1
1092.9,31.6,Sandy,75.1,7.9,Medium,Papaya,0.6659,1
2129.6,31.2,Sandy,81.5,7.8,High,Guava,0.7388,1
607.3,28.7,Sandy,63.0,8.0,Medium,Papaya,0.6991,0
1164.2,34.8,Loamy,69.7,11.1,Low,Mango,0.8168,1
2839.6,38.0,Sandy,29.7,9.3,Medium,Coconut,0.7017,1
1039.4,41.4,Alluvial,51.8,6.4,Low,Mango,0.6629,1
1481.8,23.3,Sandy,54.8,9.9,Medium,Lemon,0.7567,1
539.9,11.7,Black,10.3,10.7,Medium,Lemon,0.5634,0
2200.1,17.4,Black,47.8,5.8,Medium,Pomegranate,0.5319,1
1352.3,36.6,Sandy,22.2,6.6,Medium,Pomegranate,0.7522,1
2268.8,28.3,Alluvial,37.7,7.8,Low,Mango,0.7969,1
916.7,18.1,Red,67.8,10.6,Medium,Pomegranate,0.7386,1
791.5,16.5,Black,13.8,11.1,Medium,Pomegranate,0.7445,1
704.5,41.3,Alluvial,65.5,9.5,Low,Jackfruit,0.6203,0
557.1,41.0,Alluvial,15.5,7.7,Medium,Pomegranate,0.7481,1
1919.4,34.4,Alluvial,52.6,10.2,Medium,Mango,0.7397,1
946.1,35.9,Black,61.4,9.6,Low,Pomegranate,0.8898,0
359.9,38.4,Sandy,27.0,7.9,Medium,Amla,0.8532,1
1975.9,21.9,Alluvial,75.5,8.1,Low,Papaya,0.7656,1
794.7,38.4,Sandy,88.7,9.9,Medium,Sapota,0.7681,1
240.4,12.7,Black,66.6,4.6,Medium,Jackfruit,0.4314,0
2163.7,30.4,Alluvial,49.9,9.6,Medium,Coconut,0.8011,0
771.5,20.5,Loamy,28.0,6.1,Medium,Mango,0.7433,0
831.5,16.1,Red,84.0,8.5,Medium,Jackfruit,0.6583,1
1025.9,39.7,Red,47.5,11.0,Low,Pomegranate,0.7781,1
815.8,23.0,Red,24.2,10.2,Medium,Guava,0.8838,1
3309.2,18.8,Loamy,26.0,9.5,High,Coconut,0.5253,1
1732.8,21.5,Loamy,65.0,8.7,Medium,Jackfruit,0.6841,0
1364.1,28.7,Loamy,50.2,10.3,Medium,Coconut,0.7828,1
2082.2,19.5,Clay,67.3,10.6,Medium,Jackfruit,0.7495,1
1374.1,37.5,Clay,40.4,11.9,High,Amla,0.8462,1
1477.4,40.7,Loamy,9.7,8.8,Medium,Amla,0.8852,1
1288.3,40.0,Clay,87.0,6.5,Medium,Pomegranate,0.5307,1
3101.7,39.2,Alluvial,86.4,8.4,High,Banana,0.5989,0
883.3,18.2,Black,62.4,8.9,Low,Pomegranate,0.7884,1
2287.3,22.6,Red,60.0,11.0,High,Banana,0.7311,1
640.9,34.3,Alluvial,74.4,8.5,Low,Pomegranate,0.7922,1
2011.9,36.6,Black,64.1,8.8,Medium,Sapota,0.7883,1
690.5,39.8,Sandy,22.6,8.9,High,Pomegranate,0.777,1
1615.4,35.5,Loamy,41.6,8.5,Medium,Banana,0.6949,0
1669.7,35.7,Loamy,33.8,10.8,Medium,Lemon,0.7705,1
1256.2,38.2,Clay,76.1,7.1,Medium,Guava,0.7754,1
2137.3,30.1,Loamy,35.4,9.0,Medium,Sapota,0.8045,1
1348.1,28.9,Alluvial,25.4,7.7,Medium,Coconut,0.7558,1
778.1,33.2,Red,65.6,6.3,Medium,Sapota,0.8344,1
4026.4,13.7,Red,52.6,3.1,Medium,Pomegranate,0.4685,1
1036.3,22.7,Red,64.8,8.1,High,Banana,0.7554,1
1312.8,30.4,Alluvial,35.3,9.4,High,Amla,0.9658,1
1338.6,20.0,Clay,71.3,9.1,Medium,Jackfruit,0.8876,1
499.2,28.6,Red,57.9,6.8,Medium,Guava,0.7779,1
2086.4,39.2,Alluvial,48.0,8.0,Medium,Banana,0.7457,1
1133.0,29.0,Red,23.2,7.7,High,Amla,0.9182,1
2797.7,35.8,Sandy,26.5,11.2,Low,Coconut,0.7662,1
568.7,40.6,Black,24.9,8.1,High,Mango,0.5787,0
2069.9,21.2,Alluvial,37.3,7.2,Low,Coconut,0.7017,1
1304.4,39.1,Black,87.9,7.1,Medium,Amla,0.8048,0
2277.5,24.4,Red,70.8,6.2,Medium,Coconut,0.74,1
2691.1,23.5,Loamy,8.3,9.5,Medium,Papaya,0.5619,0
656.5,20.8,Sandy,66.9,7.1,High,Papaya,0.6777,0
671.0,19.1,Black,13.8,8.9,Medium,Pomegranate,0.7855,1
1218.0,38.0,Alluvial,70.6,7.7,High,Banana,0.7175,1
1061.6,24.1,Sandy,51.2,7.3,Medium,Pomegranate,0.8018,1
827.2,29.0,Loamy,55.4,6.8,Medium,Coconut,0.7433,1
2978.7,21.4,Alluvial,73.8,8.0,Medium,Coconut,0.6746,0
1182.2,25.2,Red,57.6,8.5,High,Mango,0.768,0
2646.3,35.9,Clay,66.3,10.9,High,Banana,0.7811,1
4014.6,30.7,Loamy,18.3,9.0,High,Jackfruit,0.5586,1
987.2,22.8,Clay,36.0,6.2,High,Jackfruit,0.7646,1
506.7,27.0,Alluvial,72.7,11.4,Medium,Mango,0.6674,0
2240.5,17.0,Alluvial,57.3,5.7,Medium,Jackfruit,0.8395,1
1838.2,15.8,Sandy,49.9,6.5,Low,Lemon,0.6433,0
913.0,33.7,Red,73.2,7.8,High,Papaya,0.7351,0
1295.7,20.3,Alluvial,75.6,10.6,Medium,Papaya,0.7279,1
767.0,35.5,Black,21.8,7.2,Medium,Sapota,0.7448,0
1524.4,33.1,Red,36.9,7.1,Medium,Guava,0.8536,1
561.2,24.3,Red,36.2,11.0,High,Pomegranate,0.8454,1
1821.9,18.4,Red,61.3,6.9,Low,Banana,0.6091,0
1238.3,39.2,Black,58.0,11.7,Medium,Amla,0.8125,1
3209.7,13.4,Black,31.0,4.0,Medium,Mango,0.4555,0
1265.1,29.4,Alluvial,58.7,7.9,Medium,Banana,0.7254,0
1945.6,33.1,Red,50.4,7.4,Low,Sapota,0.7659,1
562.2,32.3,Sandy,74.2,7.4,Low,Papaya,0.6014,1
1550.3,14.9,Sandy,55.0,10.8,Medium,Amla,0.7353,0
2711.4,46.6,Loamy,67.1,3.4,Medium,Lemon,0.4091,0
1013.9,22.8,Clay,79.6,8.2,Medium,Guava,0.8531,0
1708.0,28.6,Black,22.2,7.4,Medium,Mango,0.717,1
1959.0,37.2,Red,85.1,6.1,High,Jackfruit,0.7729,1
2364.7,29.1,Sandy,31.2,5.7,Medium,Banana,0.6602,0
1726.5,19.3,Alluvial,32.1,11.1,High,Lemon,0.8124,0
1689.9,27.4,Loamy,34.2,4.6,High,Guava,0.8035,1
1335.8,37.1,Clay,78.5,6.0,Low,Banana,0.7655,0
3768.3,16.2,Clay,70.3,7.0,Medium,Banana,0.579,1
3903.6,47.8,Clay,50.9,10.4,High,Lemon,0.4056,0
1271.5,24.5,Black,62.1,10.9,High,Sapota,0.8423,1
847.7,32.9,Red,28.5,9.5,Low,Lemon,0.8661,0
2430.5,41.4,Red,34.4,6.7,Medium,Mango,0.6333,0
1209.4,39.6,Alluvial,28.6,10.4,High,Pomegranate,0.7525,1
1000.2,30.9,Clay,58.6,7.0,Medium,Banana,0.6819,1
2257.7,18.8,Loamy,43.8,6.9,Medium,Mango,0.6755,1
2106.6,35.2,Red,31.6,11.9,High,Jackfruit,0.7634,1
1074.1,35.0,Loamy,36.7,8.7,Medium,Coconut,0.8686,1
2401.4,42.0,Red,58.3,3.9,Medium,Papaya,0.6468,1
2178.5,33.2,Alluvial,42.6,6.0,Medium,Guava,0.7415,0
599.2,31.9,Red,52.1,10.5,High,Pomegranate,0.7381,1
872.8,15.5,Loamy,50.3,8.7,High,Guava,0.6997,1
2504.6,40.9,Alluvial,42.9,5.8,High,Mango,0.6541,1
763.6,46.6,Alluvial,86.2,8.0,High,Coconut,0.513,0
1384.7,28.1,Sandy,48.0,7.2,Low,Pomegranate,0.7391,1
2025.8,29.0,Black,20.7,7.7,Medium,Sapota,0.7569,1
1081.5,40.6,Loamy,29.9,6.9,Medium,Pomegranate,0.7779,1
3767.1,13.5,Loamy,91.9,6.0,High,Coconut,0.4136,0
967.2,16.8,Red,79.6,4.8,Medium,Papaya,0.5023,0
1264.9,38.3,Red,81.6,8.1,Low,Lemon,0.7435,0
1619.6,33.3,Loamy,34.4,11.4,Medium,Mango,0.8054,1
554.0,19.1,Red,61.3,7.0,High,Sapota,0.7937,0
2048.0,22.3,Black,57.6,8.5,Low,Papaya,0.671,1
1105.5,29.6,Sandy,74.4,8.9,Medium,Sapota,0.7649,1
1933.0,25.6,Loamy,78.1,6.0,Low,Banana,0.6819,1
1634.6,16.7,Red,85.2,6.8,Medium,Sapota,0.6693,1
745.6,21.0,Alluvial,20.2,11.4,Medium,Pomegranate,0.8407,1
2538.0,17.3,Loamy,66.3,3.8,Medium,Banana,0.7269,0
2329.8,30.4,Red,83.3,9.1,Low,Mango,0.676,1
473.5,34.0,Loamy,28.2,7.4,Low,Guava,0.8299,1
2193.7,21.3,Red,51.7,9.0,High,Banana,0.7786,1
411.0,35.2,Alluvial,10.1,3.3,High,Banana,0.4437,1
1775.0,31.9,Sandy,85.6,10.6,Medium,Coconut,0.7615,0
1890.0,16.0,Sandy,28.3,7.0,Medium,Lemon,0.7349,1
453.7,47.9,Red,82.5,11.6,Low,Pomegranate,0.615,1
3112.3,42.4,Clay,7.6,11.6,High,Sapota,0.4578,1
992.8,43.2,Loamy,36.7,9.5,High,Mango,0.6667,1
1320.7,15.4,Red,79.1,4.7,Medium,Jackfruit,0.729,1
2564.4,29.3,Sandy,56.7,7.2,Medium,Coconut,0.8002,1
1663.0,35.1,Loamy,90.0,8.7,High,Coconut,0.8357,1
503.3,41.6,Loamy,57.7,10.1,Low,Amla,0.8481,1
822.2,19.6,Red,65.1,6.7,High,Sapota,0.845,1
1408.4,38.6,Loamy,46.5,7.2,Low,Coconut,0.6931,0
704.2,17.3,Sandy,40.4,6.1,Low,Jackfruit,0.6345,1
3422.5,24.3,Alluvial,76.0,6.2,Low,Guava,0.6516,0
884.1,30.9,Black,25.9,7.1,Low,Pomegranate,0.8451,1
2027.5,38.8,Black,65.1,11.4,Low,Jackfruit,0.7236,1
1901.0,38.8,Black,87.5,8.9,Medium,Papaya,0.5486,1
1695.3,18.2,Sandy,71.9,10.9,Low,Sapota,0.7288,1
2465.3,22.0,Sandy,64.2,9.4,High,Coconut,0.6761,0
1743.2,26.4,Alluvial,58.6,6.8,Medium,Papaya,0.703,1
1945.4,21.3,Alluvial,59.3,8.7,Low,Mango,0.7398,1
2598.3,24.9,Loamy,38.2,6.5,Low,Mango,0.6819,1
2395.7,37.6,Loamy,42.5,10.3,Low,Mango,0.7339,0
1174.6,16.6,Sandy,18.9,10.7,High,Amla,0.807,1
2489.7,43.9,Red,29.9,5.2,Medium,Banana,0.6245,1
3122.0,18.6,Clay,14.2,6.7,Medium,Guava,0.6326,0
2113.7,21.3,Black,34.6,5.6,High,Sapota,0.7612,1
581.4,27.1,Alluvial,35.4,10.8,Low,Mango,0.6765,1
2082.6,30.4,Alluvial,60.0,6.9,High,Sapota,0.7486,1
1019.2,33.8,Black,47.7,10.0,Medium,Amla,0.8992,1
495.4,26.3,Alluvial,40.3,9.3,Medium,Guava,0.7944,1
786.0,19.9,Loamy,94.6,4.4,Medium,Banana,0.6524,1
1643.7,25.9,Sandy,73.5,10.1,High,Coconut,0.7666,1
812.6,24.2,Alluvial,34.1,8.7,Medium,Amla,0.8891,1
1301.2,20.2,Loamy,52.4,11.5,Low,Sapota,0.8227,1
786.3,24.0,Black,55.7,9.8,High,Mango,0.7946,1
1345.5,23.5,Loamy,45.3,6.4,High,Amla,0.8646,1
2334.0,27.0,Sandy,22.6,9.0,Medium,Papaya,0.6419,0
1437.9,41.8,Alluvial,34.7,7.4,High,Mango,0.6795,0
3813.6,12.1,Sandy,46.0,9.7,Medium,Banana,0.3373,0
1341.7,36.7,Alluvial,21.7,8.0,High,Pomegranate,0.7369,1
1137.7,32.3,Alluvial,59.3,8.4,Medium,Mango,0.7295,1
1142.5,39.8,Alluvial,54.1,11.1,Medium,Coconut,0.6524,1
1552.8,37.1,Red,28.0,5.7,Low,Lemon,0.654,1
2039.3,21.5,Loamy,87.6,9.4,Low,Sapota,0.7527,1
1914.1,30.7,Alluvial,26.8,4.2,Low,Jackfruit,0.747,1
798.1,29.3,Sandy,59.7,10.8,Low,Papaya,0.712,1
372.8,27.8,Sandy,39.0,10.8,Medium,Amla,0.8493,1
1636.2,20.3,Sandy,61.7,6.2,Low,Lemon,0.7433,0
3213.4,38.5,Loamy,27.2,8.6,Medium,Pomegranate,0.7382,0
1127.4,36.8,Loamy,32.7,5.2,Medium,Mango,0.7954,1
831.9,38.2,Red,39.7,11.4,Low,Papaya,0.7733,1
1004.0,26.8,Red,48.2,6.3,Medium,Mango,0.6148,0
655.1,29.8,Sandy,66.4,5.8,Medium,Guava,0.8195,0
1381.7,31.5,Red,11.0,11.2,Medium,Papaya,0.6641,1
1213.7,22.3,Loamy,74.7,8.5,Medium,Sapota,0.8639,1
2984.1,31.7,Alluvial,13.7,8.5,Medium,Mango,0.5475,1
3873.0,33.6,Black,62.8,4.2,Low,Amla,0.6362,1
1688.1,21.7,Clay,74.6,10.9,High,Guava,0.8162,1
3066.8,47.6,Black,12.7,6.1,High,Sapota,0.5061,1
3080.0,38.4,Clay,71.9,11.3,High,Lemon,0.49,1
440.5,34.0,Loamy,76.7,7.8,Low,Jackfruit,0.6035,0
3774.2,40.0,Alluvial,67.3,8.9,High,Coconut,0.5427,0
2380.0,38.3,Alluvial,53.0,8.6,Low,Banana,0.702,1
1141.0,29.8,Red,54.5,5.8,Medium,Jackfruit,0.7588,1
566.9,34.8,Alluvial,79.6,7.6,High,Papaya,0.6771,1
2316.9,28.0,Red,82.3,9.3,Medium,Coconut,0.7489,1
436.1,28.4,Red,20.8,10.3,Low,Pomegranate,0.8177,1
1678.3,28.0,Clay,74.3,6.4,Medium,Jackfruit,0.7089,1
1091.2,14.3,Alluvial,39.3,4.7,High,Papaya,0.5678,0
398.6,25.9,Sandy,11.3,5.6,Medium,Papaya,0.5575,0
2392.3,20.5,Loamy,83.9,10.7,Medium,Mango,0.5931,1
1850.7,34.6,Clay,63.2,11.0,Low,Mango,0.7268,1
1086.6,20.2,Red,26.8,11.9,Medium,Mango,0.7134,1
2850.7,28.7,Alluvial,61.3,11.0,High,Jackfruit,0.7929,1
1154.6,40.5,Sandy,34.4,11.1,High,Amla,0.8759,1
2442.0,32.2,Loamy,48.3,5.5,Low,Banana,0.7764,1
1386.8,24.4,Clay,29.5,11.4,Low,Jackfruit,0.817,1
932.7,35.1,Alluvial,31.7,11.3,High,Pomegranate,0.7869,1
2124.9,30.4,Clay,58.0,6.3,Medium,Jackfruit,0.77,1
2328.2,38.3,Alluvial,69.5,9.0,High,Banana,0.729,1
803.6,34.7,Red,56.5,6.8,Medium,Sapota,0.8233,1
1640.6,24.6,Clay,71.4,9.0,High,Guava,0.7598,1
2021.3,41.6,Loamy,36.7,9.4,Low,Mango,0.649,0
1723.3,33.8,Sandy,51.5,9.7,High,Sapota,0.8101,1
2023.5,27.2,Loamy,81.4,8.4,Low,Mango,0.7836,1
1886.1,20.8,Sandy,58.1,7.1,High,Papaya,0.7119,1
675.7,18.3,Black,23.9,8.5,Medium,Pomegranate,0.7303,0
2840.1,38.3,Black,79.8,3.1,Low,Lemon,0.4338,0
218.0,35.2,Red,41.1,8.4,Medium,Pomegranate,0.7718,1
1336.1,40.1,Loamy,76.4,6.1,Medium,Pomegranate,0.6407,1
1275.3,22.7,Sandy,55.5,10.9,Medium,Coconut,0.8109,0
4056.5,24.3,Sandy,35.6,11.9,Medium,Jackfruit,0.5298,0
2046.1,32.1,Alluvial,16.0,6.3,Medium,Guava,0.7588,1
3747.0,11.4,Red,41.1,11.1,Medium,Coconut,0.4427,0
2138.2,17.4,Red,83.2,5.5,Low,Jackfruit,0.6795,1
2434.9,19.7,Loamy,7.8,6.0,Low,Banana,0.6276,1
2014.7,18.7,Red,72.3,4.7,Medium,Jackfruit,0.6884,0
906.1,42.7,Black,73.2,6.4,Medium,Amla,0.8771,1
2874.6,26.6,Red,79.7,9.6,High,Jackfruit,0.6457,1
1088.6,18.9,Loamy,63.1,10.4,High,Banana,0.7085,1
2070.3,26.9,Clay,28.8,8.5,Low,Jackfruit,0.7518,1
2305.9,28.1,Clay,56.9,10.8,Medium,Jackfruit,0.749,1
4162.4,19.6,Clay,77.8,10.3,Low,Sapota,0.5282,0
303.2,25.8,Alluvial,63.5,7.5,High,Amla,0.8312,1
695.4,20.2,Loamy,48.8,10.9,Medium,Papaya,0.6956,0
4134.0,35.1,Red,70.5,4.2,High,Pomegranate,0.5764,1
3564.5,15.3,Loamy,72.6,4.2,Medium,Lemon,0.54,1
558.9,22.0,Sandy,64.5,9.1,Medium,Lemon,0.7664,1
698.0,35.8,Sandy,23.3,11.8,High,Jackfruit,0.5937,1
766.7,39.0,Sandy,78.1,6.2,Medium,Amla,0.8404,1
2552.3,20.2,Red,66.1,8.5,Medium,Banana,0.7413,0
2200.6,22.3,Loamy,75.3,6.1,Medium,Papaya,0.6839,0
2230.2,18.2,Sandy,70.2,9.3,Medium,Sapota,0.7224,0
2041.6,23.2,Clay,47.6,11.3,Medium,Jackfruit,0.7899,0
1822.7,25.3,Alluvial,83.2,11.0,High,Banana,0.7654,0
1237.9,21.0,Loamy,66.0,4.9,Medium,Banana,0.7677,1
527.0,30.8,Loamy,71.2,5.8,Medium,Lemon,0.7625,1
502.9,39.0,Sandy,11.6,7.4,Medium,Pomegranate,0.7242,0
760.7,38.0,Clay,91.4,4.3,Medium,Coconut,0.6231,0
1526.7,21.2,Loamy,38.4,8.9,Low,Sapota,0.8772,1
786.6,30.2,Sandy,59.2,10.2,Medium,Coconut,0.7793,1
1701.7,13.3,Clay,28.6,9.1,High,Jackfruit,0.7389,1
2041.0,16.2,Loamy,91.2,7.6,High,Pomegranate,0.4115,1
920.0,11.9,Sandy,16.8,7.0,Medium,Amla,0.7329,1
2586.9,20.6,Sandy,45.7,10.5,Low,Coconut,0.7839,1
1658.1,39.4,Alluvial,82.3,6.9,Medium,Guava,0.6975,1
2126.6,32.1,Clay,76.4,6.8,High,Jackfruit,0.8176,1
3832.0,19.4,Sandy,48.7,7.7,Medium,Papaya,0.49,0
2071.3,41.3,Black,93.4,4.5,High,Jackfruit,0.5044,0
1885.8,22.6,Alluvial,61.3,7.4,High,Coconut,0.7249,0
588.1,21.9,Clay,73.0,5.4,Medium,Guava,0.8536,1
1529.8,41.3,Loamy,92.0,6.0,High,Pomegranate,0.465,0
581.7,38.5,Clay,9.2,6.4,Low,Amla,0.8331,1
1534.6,34.8,Sandy,43.1,9.1,Medium,Amla,0.8156,1
1196.1,17.3,Alluvial,60.9,11.4,High,Jackfruit,0.7194,1
1010.5,44.8,Clay,40.9,10.3,Medium,Amla,0.8978,1
453.3,36.6,Loamy,66.2,7.2,High,Sapota,0.7477,1
510.4,16.3,Black,55.6,10.9,High,Sapota,0.6537,1
4046.9,17.2,Clay,45.6,4.8,Low,Pomegranate,0.3966,0
459.7,40.2,Red,47.8,6.8,Low,Sapota,0.6485,1
1769.9,25.3,Clay,6.7,10.2,Low,Sapota,0.7172,0
624.5,40.8,Red,74.5,10.3,Medium,Mango,0.6471,1
1485.0,13.9,Alluvial,11.5,3.8,Medium,Guava,0.6377,0
1044.9,24.0,Red,51.2,6.6,Low,Pomegranate,0.7979,0
1724.2,36.4,Red,40.0,3.3,Low,Jackfruit,0.7762,1
889.0,19.7,Red,70.1,8.9,Medium,Jackfruit,0.7306,1
1325.2,44.8,Red,21.6,9.5,Low,Amla,0.8054,1
1823.0,18.4,Red,73.6,7.9,Medium,Mango,0.7492,1
2053.1,26.6,Red,25.8,7.9,High,Jackfruit,0.8204,1
2045.2,38.6,Loamy,76.7,11.1,Low,Sapota,0.7612,1
1573.5,36.8,Alluvial,30.1,7.9,Low,Mango,0.7974,1
1312.9,36.4,Loamy,19.8,11.6,Medium,Lemon,0.7961,1
870.3,27.0,Loamy,49.8,7.7,Medium,Papaya,0.782,1
339.5,11.5,Red,90.4,11.7,Medium,Banana,0.3975,0
1207.0,23.0,Sandy,27.5,7.9,Medium,Lemon,0.7796,1
2251.8,30.7,Alluvial,67.6,6.9,Low,Banana,0.7297,1
761.8,29.3,Loamy,50.9,10.5,Medium,Papaya,0.7408,0
3454.2,20.2,Clay,37.2,4.2,Low,Pomegranate,0.5621,1
517.8,23.3,Clay,59.9,8.0,High,Banana,0.6138,1
1416.1,22.5,Black,56.3,10.2,Low,Sapota,0.8093,1
746.8,26.3,Red,84.6,8.4,Medium,Guava,0.8581,1
373.5,20.4,Sandy,13.7,8.3,High,Pomegranate,0.8295,0
2051.6,26.3,Loamy,66.4,9.5,High,Papaya,0.7901,1
1935.7,19.3,Red,49.9,8.5,Medium,Papaya,0.6691,0
2017.4,38.4,Red,41.5,8.1,High,Banana,0.7266,1
2860.0,36.7,Black,76.3,11.2,Low,Sapota,0.6275,1
3386.3,25.7,Clay,18.6,10.1,Low,Guava,0.6091,1
1984.4,41.2,Red,40.4,9.2,Low,Papaya,0.6734,0
698.4,23.0,Red,54.7,11.0,Medium,Amla,0.8309,1
697.6,42.9,Black,94.2,11.9,Medium,Jackfruit,0.4868,0
710.0,20.5,Alluvial,50.0,6.7,Medium,Coconut,0.6048,1
789.6,16.7,Red,45.0,10.4,Low,Jackfruit,0.6388,0
1262.8,35.2,Loamy,18.7,9.2,High,Pomegranate,0.7504,1
448.3,19.8,Loamy,68.3,11.1,Medium,Lemon,0.7703,0
753.8,42.7,Loamy,19.8,11.2,Medium,Amla,0.8425,0
1190.2,35.8,Red,35.3,9.8,Low,Papaya,0.7365,0
728.5,18.8,Black,17.9,7.7,Low,Pomegranate,0.7157,1
1298.7,28.5,Black,18.0,6.4,Medium,Amla,0.843,1
1151.4,34.1,Loamy,61.5,8.8,Medium,Amla,0.8653,1
317.8,22.1,Sandy,82.0,8.4,High,Lemon,0.6068,0
1474.3,27.0,Loamy,73.7,7.0,Medium,Guava,0.8884,1
1845.2,14.5,Alluvial,26.3,9.1,Medium,Papaya,0.5797,1
413.8,22.6,Clay,46.0,10.4,Medium,Amla,0.8439,1
1088.2,20.1,Black,73.0,9.5,Low,Pomegranate,0.7922,1
972.6,35.4,Black,13.4,7.6,High,Mango,0.7557,0
2424.3,23.7,Loamy,32.0,9.8,Medium,Jackfruit,0.7741,0
2171.3,23.3,Loamy,73.1,10.5,High,Banana,0.7267,1
1412.0,24.2,Black,53.5,11.2,Low,Sapota,0.8187,1
1428.5,23.8,Sandy,47.3,5.9,High,Amla,0.8554,1
588.3,44.3,Black,45.1,3.7,High,Banana,0.3816,0
1608.1,35.9,Red,45.7,9.5,Low,Guava,0.7864,1
1147.8,42.3,Loamy,35.1,4.7,High,Coconut,0.6535,1
1564.8,24.2,Black,36.3,8.5,Medium,Sapota,0.7817,1
1888.7,27.8,Loamy,50.6,5.8,Low,Mango,0.7017,1
305.8,21.8,Black,29.3,7.9,Medium,Pomegranate,0.7685,1
2620.5,43.7,Alluvial,42.6,7.4,High,Coconut,0.7267,0
591.7,30.7,Loamy,71.3,9.6,Low,Amla,0.8341,1
1802.7,22.3,Red,13.2,9.4,High,Sapota,0.7879,1
1006.8,32.0,Sandy,12.5,5.0,Medium,Banana,0.5611,0
1871.9,47.4,Red,79.2,6.0,Low,Pomegranate,0.3858,0
542.6,35.3,Clay,57.4,10.9,Medium,Guava,0.8065,1
2019.2,34.4,Sandy,91.5,7.5,High,Coconut,0.7994,1
458.6,34.5,Loamy,18.6,9.7,Low,Guava,0.7877,0
2098.1,19.4,Sandy,42.3,6.3,Low,Sapota,0.7399,1
531.7,22.0,Sandy,33.7,8.9,Medium,Amla,0.8649,1
907.7,33.8,Loamy,57.2,6.1,Medium,Banana,0.6735,1
1919.8,22.9,Loamy,53.1,5.7,Medium,Banana,0.7292,1
3182.6,28.6,Clay,83.2,6.9,High,Amla,0.648,1
2252.0,23.1,Alluvial,42.7,8.1,Medium,Papaya,0.7228,1
1592.1,20.6,Red,32.5,6.0,Medium,Lemon,0.769,1
1207.3,37.4,Black,50.5,9.3,Low,Coconut,0.6822,1
1911.5,34.4,Red,40.4,6.1,High,Coconut,0.7455,1
2478.7,38.9,Red,38.8,10.2,Low,Mango,0.6892,0
1329.0,16.9,Sandy,76.2,10.1,Low,Sapota,0.7994,1
1985.2,16.1,Black,60.2,11.0,Low,Amla,0.6899,1
970.9,16.1,Red,52.0,7.3,Medium,Guava,0.7658,1
1793.9,40.7,Alluvial,57.7,8.7,Medium,Mango,0.734,1
474.3,42.5,Red,55.2,9.0,High,Coconut,0.5429,0
2704.5,18.1,Loamy,35.4,6.2,Medium,Coconut,0.6519,0
1682.5,20.6,Red,73.0,8.8,Low,Amla,0.7536,1
1365.8,19.4,Loamy,56.8,7.1,Medium,Guava,0.8369,1
1967.7,18.4,Loamy,34.3,9.9,Medium,Guava,0.7676,0
2488.2,34.7,Loamy,43.2,11.3,High,Banana,0.8363,1
2653.6,19.1,Loamy,37.5,5.7,High,Jackfruit,0.7568,1
1685.1,26.1,Alluvial,88.6,7.3,Low,Guava,0.7823,1
1249.5,25.6,Red,69.8,8.5,Medium,Papaya,0.7299,1
3235.4,10.8,Clay,46.6,10.6,Medium,Sapota,0.4111,1
3619.2,45.0,Red,79.1,4.1,Medium,Papaya,0.4448,0
1385.8,35.4,Sandy,74.2,8.6,High,Amla,0.8254,1
598.3,32.4,Alluvial,71.4,6.2,Low,Guava,0.8005,1
923.0,33.4,Black,38.6,6.1,Medium,Sapota,0.8304,1
2119.5,33.2,Black,13.3,4.8,High,Coconut,0.6769,1
932.8,45.3,Red,93.9,4.6,High,Lemon,0.5226,1
1028.7,17.7,Alluvial,74.4,9.8,Medium,Guava,0.7861,1
241.4,24.0,Loamy,81.7,11.2,Medium,Papaya,0.4451,1
1623.6,20.9,Alluvial,42.2,11.4,High,Papaya,0.6984,1
1861.4,45.6,Clay,79.2,9.7,Medium,Jackfruit,0.6805,1
1181.7,39.6,Sandy,63.4,7.6,Low,Pomegranate,0.7769,1
1476.0,20.1,Red,69.3,9.6,High,Jackfruit,0.7325,0
4181.9,28.9,Red,44.0,10.5,Low,Lemon,0.607,1
1066.0,30.7,Alluvial,41.0,6.9,Medium,Lemon,0.7587,0
791.3,30.7,Sandy,54.8,7.1,Low,Pomegranate,0.8031,1
1995.0,28.9,Loamy,40.2,4.8,Medium,Jackfruit,0.8516,1
723.3,26.6,Loamy,58.5,10.5,Medium,Mango,0.7454,1
3037.3,14.4,Alluvial,69.8,3.3,Medium,Amla,0.5514,0
3638.8,18.2,Alluvial,41.4,11.8,Low,Guava,0.6027,1
1836.6,25.4,Loamy,28.3,7.7,Medium,Lemon,0.7054,1
829.8,16.8,Red,60.7,10.4,Medium,Jackfruit,0.6793,0
2837.7,33.7,Red,30.4,6.4,Medium,Mango,0.6432,1
2157.0,17.3,Sandy,41.4,7.8,Low,Guava,0.7324,0
1337.9,21.7,Clay,65.9,8.2,High,Guava,0.8266,1
582.9,37.1,Loamy,53.8,7.0,Medium,Papaya,0.6868,0
916.0,23.4,Loamy,63.6,5.4,High,Guava,0.829,1
562.6,11.4,Sandy,67.6,5.3,Medium,Jackfruit,0.5039,1
1605.8,31.8,Black,61.9,5.6,Medium,Mango,0.6742,0
2223.9,28.5,Red,37.6,6.4,Low,Coconut,0.7572,1
217.6,13.8,Alluvial,43.6,10.7,High,Lemon,0.4894,1
2972.6,23.0,Black,34.5,11.7,High,Lemon,0.5632,1
1683.7,27.6,Red,78.6,10.8,High,Coconut,0.8557,1
2544.9,41.7,Alluvial,65.4,8.7,Medium,Mango,0.6135,1
310.4,34.6,Loamy,23.5,7.4,High,Amla,0.8764,1
431.2,32.8,Red,53.9,8.2,High,Guava,0.8163,1
1171.3,17.4,Clay,77.8,9.9,High,Amla,0.7997,1
1627.4,25.6,Black,42.6,3.5,Medium,Amla,0.7322,1
1353.8,18.1,Red,74.5,7.1,Low,Lemon,0.7792,0
497.2,24.2,Alluvial,44.6,11.4,High,Pomegranate,0.9101,1
1311.7,41.0,Sandy,63.0,9.2,Medium,Pomegranate,0.64,1
910.7,34.3,Sandy,87.0,6.8,High,Guava,0.8478,0
1521.6,36.7,Red,51.5,5.9,Low,Guava,0.8605,1
301.1,32.7,Loamy,75.8,6.0,Low,Lemon,0.6657,1
968.5,23.6,Clay,60.9,5.9,Low,Guava,0.859,1
264.3,33.7,Black,61.7,11.4,Medium,Pomegranate,0.7347,1
1455.9,23.4,Sandy,63.9,8.8,Medium,Coconut,0.801,1
1878.3,20.5,Loamy,51.6,7.5,Medium,Sapota,0.7697,1
1906.6,33.9,Red,24.1,10.0,Low,Sapota,0.7738,1
2384.3,20.1,Alluvial,73.1,8.3,Medium,Jackfruit,0.8024,1
1344.0,23.5,Sandy,64.5,6.6,Low,Coconut,0.8169,1
1241.6,30.5,Loamy,51.4,10.0,High,Amla,0.8736,0
1667.7,34.1,Loamy,85.2,7.7,Medium,Coconut,0.7863,1
1354.1,39.2,Alluvial,42.9,9.5,Medium,Pomegranate,0.6877,0
2415.9,20.6,Clay,81.9,10.4,Medium,Jackfruit,0.6835,1
220.1,15.6,Clay,75.8,8.7,High,Jackfruit,0.4671,0
1796.9,37.1,Alluvial,83.0,8.3,Medium,Mango,0.7625,0
1062.4,20.6,Loamy,48.9,11.1,High,Guava,0.8251,1
3231.6,22.2,Clay,8.7,7.9,High,Jackfruit,0.6786,1
1794.2,24.0,Loamy,77.4,9.0,Medium,Guava,0.8804,0
553.1,24.8,Black,32.9,6.1,Low,Amla,0.8541,1
3086.3,20.7,Clay,80.2,5.9,High,Mango,0.3651,0
1209.0,33.3,Black,68.8,9.6,High,Mango,0.8253,0
1034.3,32.1,Sandy,69.7,8.5,High,Coconut,0.7834,1
1182.2,23.3,Alluvial,91.8,6.6,Medium,Banana,0.7287,0
2695.3,46.6,Clay,8.8,4.6,Low,Pomegranate,0.298,0
1836.5,18.6,Red,47.9,7.2,Medium,Mango,0.6651,0
1540.1,36.5,Loamy,31.1,3.6,Medium,Banana,0.6264,1
759.5,17.9,Black,30.2,3.1,Medium,Coconut,0.4627,0
1875.7,33.9,Loamy,25.8,6.4,Medium,Sapota,0.8173,1
443.2,39.0,Sandy,47.6,9.1,Medium,Guava,0.6829,1
3877.2,39.6,Alluvial,78.1,8.2,Medium,Guava,0.6075,1
799.8,31.6,Alluvial,70.2,8.5,High,Mango,0.7767,0
838.0,18.6,Loamy,61.6,6.8,Medium,Pomegranate,0.8071,1
396.6,23.0,Red,18.8,10.4,Low,Guava,0.7802,1
1237.0,19.9,Alluvial,74.8,8.0,Low,Lemon,0.7712,1
2417.2,36.5,Clay,46.2,5.0,Medium,Sapota,0.6366,0
1454.8,37.2,Sandy,28.1,9.6,Low,Papaya,0.7517,0
1137.3,20.3,Clay,35.5,10.2,Medium,Amla,0.8119,1
459.2,38.3,Black,27.9,11.1,Low,Pomegranate,0.7424,0
1746.2,17.8,Loamy,10.8,3.7,Low,Guava,0.699,0
2707.5,23.9,Clay,14.1,7.1,Low,Papaya,0.5248,0
2455.6,30.9,Loamy,60.9,8.0,Medium,Jackfruit,0.7707,1
3987.3,26.4,Black,33.9,6.5,High,Sapota,0.6152,1
1425.6,30.2,Black,64.7,9.3,High,Mango,0.7732,0
4153.6,30.4,Red,74.9,8.2,High,Papaya,0.5013,0
1720.4,27.0,Alluvial,38.6,8.9,Medium,Jackfruit,0.8098,0
1395.5,27.8,Sandy,46.6,7.9,High,Coconut,0.7574,1
1844.9,34.9,Sandy,81.8,8.6,Medium,Guava,0.8695,1
1770.4,23.4,Black,54.1,11.4,High,Sapota,0.8641,0
2940.5,14.2,Sandy,31.0,5.8,Medium,Mango,0.3747,0
592.8,24.4,Red,51.8,8.0,High,Amla,0.9081,1
2629.1,28.5,Red,44.6,6.3,Medium,Banana,0.7787,1
2190.6,33.0,Red,45.8,10.7,Low,Jackfruit,0.8727,1
2060.4,22.7,Loamy,79.2,11.9,High,Pomegranate,0.5716,0
731.2,40.8,Loamy,49.8,9.0,Medium,Pomegranate,0.7486,1
1627.8,19.7,Red,53.6,8.4,Low,Lemon,0.7343,0
1108.3,27.2,Red,56.2,6.3,Medium,Papaya,0.6563,1
534.9,34.9,Red,32.8,6.6,Medium,Lemon,0.7787,1
2039.0,34.5,Loamy,73.0,10.8,High,Mango,0.7464,1
1259.6,23.1,Black,63.7,8.0,Medium,Pomegranate,0.8332,1
2814.7,26.8,Alluvial,35.7,11.8,Low,Sapota,0.6716,1
3259.3,35.5,Loamy,18.2,9.9,High,Pomegranate,0.6771,1
1054.6,42.2,Alluvial,17.8,3.2,Medium,Amla,0.8426,0
1732.2,26.8,Loamy,72.5,8.6,Medium,Mango,0.7274,1
813.9,22.5,Black,62.4,8.8,Medium,Papaya,0.6768,1
665.8,27.0,Loamy,16.6,6.0,Low,Guava,0.8136,1
4187.6,39.2,Sandy,39.4,8.0,Low,Banana,0.4735,0
1791.2,46.9,Loamy,34.2,5.3,High,Papaya,0.5769,1
1585.5,34.1,Red,73.3,10.4,Medium,Sapota,0.7642,1
547.4,23.7,Sandy,32.5,11.1,High,Papaya,0.6919,0
2613.3,37.6,Red,55.3,8.1,Medium,Coconut,0.7498,1
2379.5,30.6,Black,72.0,11.4,Medium,Mango,0.7175,1
2005.4,24.3,Black,21.1,6.5,High,Pomegranate,0.6431,1
1165.4,40.6,Loamy,42.3,11.4,Medium,Mango,0.7769,1
266.5,46.9,Clay,47.2,4.6,High,Sapota,0.3915,0
2005.1,26.1,Sandy,87.1,8.9,Medium,Coconut,0.7462,1
1761.2,46.8,Black,64.1,10.2,Medium,Pomegranate,0.5297,1
2457.8,37.4,Black,74.4,6.1,Medium,Mango,0.689,1
1141.5,24.2,Clay,82.1,4.9,Low,Jackfruit,0.7967,1
1782.6,33.7,Loamy,91.7,10.5,Low,Guava,0.7789,1
2174.3,26.3,Sandy,37.9,7.4,High,Guava,0.7646,1
1987.5,23.9,Red,34.6,5.8,Low,Jackfruit,0.807,1
572.5,24.7,Loamy,32.6,10.5,Low,Amla,0.8971,1
864.9,32.2,Black,17.8,10.6,Medium,Pomegranate,0.7778,0
2156.0,21.8,Black,19.6,8.5,Low,Guava,0.7421,1
4197.7,45.0,Sandy,13.1,4.5,Medium,Jackfruit,0.3268,1
2140.6,27.7,Red,20.2,10.6,Low,Mango,0.7214,1
2075.4,38.1,Alluvial,27.0,10.4,Low,Papaya,0.6907,1
1092.6,23.7,Loamy,69.4,6.5,Low,Papaya,0.7499,1
2904.9,29.1,Loamy,49.4,7.2,Medium,Banana,0.7653,1
2780.4,43.2,Red,58.9,9.2,Low,Guava,0.4899,0
1703.3,14.3,Alluvial,79.2,10.6,Low,Lemon,0.7087,1
1641.1,40.5,Alluvial,36.5,7.0,Low,Sapota,0.7673,0
1819.6,46.1,Clay,89.4,3.1,Medium,Guava,0.5527,0
722.1,34.3,Red,47.9,11.9,Low,Guava,0.8727,1
2178.1,26.0,Alluvial,52.7,10.5,Medium,Papaya,0.7188,1
599.4,21.7,Red,42.4,10.2,Medium,Guava,0.8886,1
2033.4,35.2,Sandy,38.4,7.5,Medium,Papaya,0.6782,0
2188.2,20.6,Clay,61.2,8.1,Medium,Jackfruit,0.7588,0
3164.5,24.7,Loamy,94.3,3.5,Low,Jackfruit,0.596,1
1307.1,28.3,Black,44.6,6.7,Low,Pomegranate,0.6731,1
3993.0,43.7,Clay,23.9,3.6,Medium,Jackfruit,0.4472,0
2865.6,20.8,Red,57.7,4.0,Low,Mango,0.4743,0
2545.6,29.6,Red,78.5,10.0,Medium,Banana,0.821,1
1608.1,30.2,Sandy,42.4,6.0,Low,Amla,0.8934,1
1402.5,23.4,Alluvial,43.6,8.8,Medium,Coconut,0.8378,1
577.0,37.8,Alluvial,37.3,8.0,Medium,Amla,0.8765,0
1699.0,20.2,Alluvial,66.6,7.9,Medium,Mango,0.741,1
1420.2,18.6,Loamy,24.7,6.9,Medium,Papaya,0.676,1
2097.0,46.9,Red,42.0,5.0,Medium,Coconut,0.5705,1
474.5,18.9,Red,76.9,11.5,High,Amla,0.8451,1
2037.5,37.9,Red,63.9,9.3,Medium,Coconut,0.7709,1
1542.4,30.9,Loamy,67.9,5.5,Medium,Guava,0.862,1
962.9,24.1,Red,66.4,11.3,Medium,Pomegranate,0.8238,1
2121.7,28.0,Red,70.4,11.3,Medium,Papaya,0.6364,1
2487.8,26.8,Alluvial,79.0,7.3,High,Mango,0.7284,1
1275.2,37.5,Alluvial,40.0,8.9,Medium,Jackfruit,0.6884,1
861.8,37.7,Red,54.9,11.4,High,Pomegranate,0.7962,1
1831.5,29.3,Red,78.6,7.8,High,Banana,0.8368,1
673.6,38.7,Black,13.8,7.0,Low,Guava,0.7587,0
1391.4,46.1,Loamy,18.7,3.7,Medium,Guava,0.6203,0
2394.0,23.9,Black,82.9,5.9,Medium,Coconut,0.7006,0
1509.9,38.6,Red,84.3,5.7,High,Jackfruit,0.7332,0
2107.7,22.8,Black,64.3,11.4,High,Sapota,0.7727,1
2298.7,36.2,Sandy,71.2,11.4,Low,Coconut,0.8127,0
488.7,30.1,Black,24.8,3.2,High,Amla,0.7606,1
1118.1,21.5,Black,25.8,11.0,Medium,Amla,0.8395,1
1480.3,31.3,Loamy,70.0,9.8,High,Jackfruit,0.7857,1
1330.5,33.5,Alluvial,90.0,7.4,High,Coconut,0.8347,1
1959.6,39.9,Red,39.6,6.7,Medium,Coconut,0.7179,1
2423.5,42.6,Black,25.9,10.3,High,Guava,0.6087,0
1408.5,39.6,Loamy,22.2,6.9,Low,Guava,0.6687,1
1925.1,22.7,Sandy,26.8,7.7,Medium,Papaya,0.6666,0
3046.8,29.7,Red,27.6,9.8,High,Coconut,0.7235,1
2222.3,43.5,Loamy,30.9,10.7,Low,Amla,0.686,1
3256.7,38.6,Red,76.5,8.0,High,Amla,0.6053,1
2176.2,27.6,Red,32.9,10.5,High,Papaya,0.6877,0
794.9,36.6,Alluvial,43.1,5.1,Medium,Guava,0.7982,1
503.6,25.4,Clay,59.2,6.8,Medium,Guava,0.84,1
456.6,20.6,Loamy,25.9,8.6,Medium,Sapota,0.708,1
2329.1,36.1,Sandy,36.2,5.7,Low,Papaya,0.6595,1
425.2,32.8,Loamy,72.4,10.1,Medium,Amla,0.8629,1
419.8,43.8,Sandy,27.7,8.9,Low,Sapota,0.6071,0
1597.4,27.7,Sandy,40.3,6.5,Low,Coconut,0.7834,0
3388.4,43.0,Red,47.8,10.0,High,Pomegranate,0.4275,1
3610.7,40.5,Alluvial,77.9,11.0,High,Lemon,0.4469,0
631.3,24.1,Sandy,10.7,6.9,Low,Jackfruit,0.6421,1
2535.7,38.5,Alluvial,82.4,5.9,Medium,Lemon,0.5152,1
1500.2,29.8,Loamy,46.6,8.9,High,Guava,0.8744,1
2140.0,21.6,Sandy,51.6,6.4,High,Mango,0.6722,1
1475.4,20.9,Loamy,76.0,6.8,High,Lemon,0.6865,1
3208.4,27.3,Sandy,86.2,9.5,High,Papaya,0.4931,1
1335.9,27.9,Clay,42.0,9.1,High,Jackfruit,0.7315,1
614.9,15.4,Red,79.4,8.4,Low,Lemon,0.7776,1
1953.1,23.3,Alluvial,54.8,9.4,Medium,Banana,0.7696,1
3030.9,12.4,Sandy,18.3,3.1,Low,Mango,0.3398,1
1761.7,23.0,Red,15.5,6.2,High,Lemon,0.6872,0
1553.8,28.2,Red,63.4,7.7,Low,Papaya,0.7473,0
1040.1,19.7,Red,63.7,7.5,Medium,Jackfruit,0.7504,1
3632.0,27.8,Sandy,51.5,3.4,High,Lemon,0.5742,1
2255.2,26.1,Loamy,68.0,5.6,Low,Jackfruit,0.7853,1
606.5,31.5,Loamy,40.7,8.9,Low,Amla,0.7696,1
2569.6,29.6,Loamy,75.1,5.6,Medium,Banana,0.7155,1
1947.3,20.4,Loamy,78.9,10.8,Low,Papaya,0.7028,0
2071.7,35.6,Loamy,74.3,6.9,Medium,Papaya,0.73,0
3623.3,41.8,Loamy,54.4,8.9,Low,Coconut,0.501,1
887.7,31.1,Loamy,71.0,7.2,Low,Amla,0.8684,1
2304.5,33.9,Sandy,41.3,8.3,Medium,Amla,0.6097,0
901.7,21.1,Sandy,28.7,10.0,Low,Pomegranate,0.8466,1
1035.7,30.4,Alluvial,51.6,7.6,Low,Jackfruit,0.7553,0
580.2,28.1,Sandy,60.7,8.9,Medium,Amla,0.8511,1
1138.7,19.8,Alluvial,49.5,9.7,Low,Papaya,0.7472,1
1751.7,19.1,Red,44.6,6.4,Medium,Jackfruit,0.79,0
1164.0,22.4,Loamy,59.8,6.2,High,Jackfruit,0.7999,1
1559.6,39.5,Clay,69.3,10.1,Low,Jackfruit,0.7212,1
2134.5,22.8,Sandy,83.1,7.7,Low,Guava,0.7036,0
1683.8,31.7,Black,70.9,7.7,High,Amla,0.8016,1
1729.3,27.1,Alluvial,45.9,6.6,Medium,Amla,0.8038,1
3162.4,42.4,Sandy,38.9,6.1,Medium,Coconut,0.5401,1
2220.5,22.4,Red,30.9,6.1,Medium,Papaya,0.6585,1
613.2,27.6,Sandy,69.1,11.0,Medium,Sapota,0.7576,1
1651.3,39.8,Alluvial,72.2,8.4,Low,Amla,0.8356,1
4167.0,23.2,Black,16.6,4.3,Medium,Banana,0.3717,1
1902.2,16.7,Loamy,32.3,10.9,High,Guava,0.7923,1
2029.1,35.5,Alluvial,59.4,10.6,Medium,Coconut,0.8382,1
2207.8,38.2,Alluvial,53.8,10.7,Medium,Mango,0.7831,1
2854.3,17.6,Alluvial,45.3,9.3,Low,Papaya,0.5082,1
2151.5,41.7,Sandy,42.1,5.8,Medium,Papaya,0.6231,0
756.1,41.8,Alluvial,37.2,7.8,Medium,Papaya,0.7074,0
1094.1,21.4,Black,41.1,5.1,Medium,Papaya,0.6856,1
1196.4,32.7,Alluvial,93.5,10.3,Medium,Papaya,0.6518,1
1736.3,25.2,Red,45.8,9.4,Medium,Guava,0.9137,1
3140.7,13.8,Sandy,48.6,8.1,Medium,Sapota,0.4615,0
1779.0,22.3,Loamy,91.1,9.6,Low,Coconut,0.7429,0
690.7,32.6,Black,56.9,10.3,Medium,Mango,0.7764,0
1095.9,25.0,Sandy,53.4,7.0,Low,Amla,0.8708,1
2862.8,11.8,Loamy,17.2,4.7,High,Guava,0.3315,0
1243.2,18.9,Alluvial,30.6,7.5,Medium,Sapota,0.8058,1
1043.3,39.3,Sandy,41.3,10.6,High,Guava,0.7978,1
2393.8,32.7,Alluvial,47.2,9.5,Medium,Coconut,0.7859,1
367.4,32.4,Red,58.7,11.1,Low,Pomegranate,0.7823,0
2125.4,27.4,Alluvial,34.0,7.3,High,Guava,0.7854,1
244.1,25.8,Clay,48.3,3.2,High,Mango,0.4726,1
1476.4,32.4,Black,57.8,7.9,Medium,Mango,0.7804,1
1603.1,20.9,Loamy,54.0,7.2,Medium,Banana,0.7872,0
1185.8,28.8,Clay,51.2,7.9,Medium,Banana,0.784,1
417.1,15.8,Clay,42.8,8.5,High,Banana,0.5333,1
1173.4,18.5,Red,11.8,6.6,Medium,Sapota,0.7425,1
1511.4,32.7,Alluvial,73.5,6.8,High,Papaya,0.7096,1
1656.1,27.6,Loamy,64.7,6.4,Medium,Coconut,0.825,1
1223.7,36.0,Red,58.4,8.9,Medium,Lemon,0.7713,1
229.3,13.4,Red,30.8,3.1,Low,Pomegranate,0.5686,0
529.3,34.6,Loamy,30.6,9.8,High,Sapota,0.7465,1
2058.2,30.3,Loamy,49.4,8.4,Medium,Banana,0.7757,0
298.9,43.1,Clay,52.4,10.6,Low,Lemon,0.4264,1
2588.9,42.4,Loamy,29.6,5.8,High,Sapota,0.5988,1
720.0,27.3,Sandy,42.0,9.4,Medium,Lemon,0.7852,1
1179.4,19.5,Black,51.6,6.2,Low,Mango,0.6937,1
2391.7,38.7,Loamy,50.2,10.0,Medium,Mango,0.7091,1
2888.3,25.8,Sandy,92.5,3.6,High,Jackfruit,0.5525,0
4165.2,47.0,Alluvial,85.3,8.1,Medium,Sapota,0.4362,0
373.9,33.4,Loamy,63.4,6.8,High,Guava,0.7733,1
3273.1,25.9,Alluvial,42.9,9.6,Low,Mango,0.5153,0
1104.6,27.5,Loamy,43.8,9.5,Medium,Coconut,0.7517,1
1909.5,40.0,Loamy,32.4,10.9,Low,Papaya,0.6915,1
4155.7,28.8,Black,52.7,3.5,Medium,Papaya,0.3927,1
3873.8,31.3,Black,48.4,3.4,Low,Guava,0.5091,0
377.0,35.6,Clay,48.1,7.8,Medium,Amla,0.7857,1
2111.8,38.2,Alluvial,56.6,11.4,High,Jackfruit,0.7566,1
2024.8,40.4,Alluvial,62.7,8.1,Low,Mango,0.7434,1
1330.8,33.2,Alluvial,50.5,7.9,Low,Banana,0.7388,0
1370.1,26.0,Alluvial,40.6,8.1,Medium,Coconut,0.7873,1
783.4,23.4,Loamy,32.2,7.9,High,Jackfruit,0.7081,1
3322.5,17.3,Loamy,45.4,3.6,Low,Sapota,0.5825,1
1141.3,27.9,Red,42.5,6.2,Medium,Banana,0.6522,0
2912.9,26.9,Alluvial,67.8,9.7,Medium,Banana,0.8306,1
1099.1,40.3,Red,8.0,8.9,High,Amla,0.9288,1
800.0,31.9,Sandy,85.9,7.9,Medium,Guava,0.7708,1
1092.4,19.3,Alluvial,19.6,4.6,Medium,Amla,0.8615,1
607.1,38.1,Red,53.9,7.7,Medium,Papaya,0.7055,0
1264.5,21.6,Loamy,44.8,7.4,High,Papaya,0.7272,1
287.3,35.2,Clay,91.7,8.0,Low,Mango,0.5195,1
396.6,28.3,Red,52.0,7.8,Medium,Pomegranate,0.6956,1
1203.4,38.4,Sandy,26.2,8.2,High,Coconut,0.7449,1
3485.1,10.1,Sandy,37.9,4.4,Low,Amla,0.488,1
1922.5,45.6,Loamy,82.9,8.9,Medium,Jackfruit,0.543,1
210.0,35.2,Red,10.5,9.2,Medium,Pomegranate,0.7046,1
1272.2,27.5,Alluvial,81.3,10.0,High,Banana,0.7256,1
1294.6,27.5,Alluvial,62.0,11.2,High,Papaya,0.7788,1
2170.1,31.6,Red,85.8,10.4,Medium,Coconut,0.7332,1
675.4,41.2,Red,37.0,10.3,Medium,Pomegranate,0.7485,0
467.6,34.6,Alluvial,29.1,10.3,Medium,Pomegranate,0.823,1
331.3,21.7,Alluvial,29.7,11.5,Medium,Pomegranate,0.8096,0
2694.6,37.6,Alluvial,76.3,7.0,Medium,Banana,0.7728,1
1177.6,39.8,Clay,94.2,3.3,Low,Lemon,0.5314,1
1444.1,24.2,Loamy,42.1,5.7,Medium,Papaya,0.6806,1
1636.9,45.4,Sandy,60.5,6.5,Low,Coconut,0.6095,0
3363.9,15.5,Red,71.5,9.0,Low,Banana,0.4571,0
1961.9,33.1,Loamy,77.5,9.3,Medium,Pomegranate,0.5056,1
3482.6,34.2,Sandy,63.9,3.8,Medium,Banana,0.5579,0
991.0,36.9,Red,64.1,6.7,Medium,Pomegranate,0.7593,1
756.1,17.0,Alluvial,33.9,7.1,Medium,Pomegranate,0.7865,1
1267.5,32.6,Alluvial,36.3,7.1,Medium,Pomegranate,0.8037,1
220.2,22.6,Black,22.2,7.2,High,Pomegranate,0.744,1
2650.0,14.4,Black,88.9,10.2,Medium,Lemon,0.4362,0
402.1,32.5,Alluvial,76.8,5.8,Low,Lemon,0.6663,0
3705.7,42.9,Black,90.0,4.1,Low,Coconut,0.3713,0
2134.1,23.5,Black,56.3,5.8,Medium,Sapota,0.6843,1
4172.2,44.1,Alluvial,31.8,11.6,Medium,Jackfruit,0.4518,1
494.0,25.5,Loamy,30.8,7.0,Medium,Pomegranate,0.8422,0
1901.2,33.7,Red,78.0,8.1,Low,Sapota,0.7206,1
2111.0,34.9,Loamy,48.0,10.6,Low,Sapota,0.7916,1
2122.0,29.8,Black,57.6,7.8,Medium,Sapota,0.7351,0
1012.6,30.1,Loamy,53.8,5.9,Medium,Sapota,0.7703,0
524.9,34.7,Loamy,30.9,6.4,Medium,Papaya,0.6551,0
221.3,31.5,Black,35.5,5.9,Medium,Mango,0.5127,1
2267.2,22.2,Sandy,27.2,6.7,High,Papaya,0.6879,0
1102.1,41.3,Black,59.8,10.7,High,Amla,0.9234,0
856.5,23.1,Alluvial,23.8,7.6,Low,Guava,0.8148,1
1713.3,34.8,Alluvial,64.2,7.9,Medium,Mango,0.7628,0
994.8,27.0,Loamy,59.2,9.9,High,Jackfruit,0.786,0
3603.7,38.5,Clay,52.8,4.9,Medium,Amla,0.6847,0
2323.9,28.4,Loamy,45.7,6.7,Medium,Jackfruit,0.8169,1
1858.7,15.4,Loamy,23.7,10.4,High,Lemon,0.6554,0
1534.4,33.8,Red,55.6,10.3,High,Lemon,0.8449,1
573.9,38.3,Alluvial,65.1,6.0,High,Lemon,0.7333,0
2061.1,31.1,Loamy,33.3,7.3,Low,Mango,0.7262,1
724.6,36.3,Loamy,51.9,10.3,Low,Guava,0.8243,0
2017.8,20.4,Alluvial,66.1,11.0,Low,Guava,0.71,1
1162.1,33.9,Alluvial,89.0,9.0,High,Sapota,0.7769,1
2420.9,11.0,Red,46.7,6.6,Medium,Lemon,0.5064,0
1083.7,35.3,Red,40.3,6.8,Low,Coconut,0.8061,1
2864.7,31.3,Loamy,78.5,6.1,Medium,Banana,0.7625,1
648.4,40.7,Red,13.2,6.0,High,Amla,0.8171,1
2243.1,33.7,Loamy,52.1,9.8,Low,Jackfruit,0.801,1
2819.7,29.1,Clay,94.1,11.2,Low,Banana,0.7284,1
1943.7,27.2,Sandy,48.6,10.7,Medium,Sapota,0.7772,1
1512.7,32.7,Clay,69.4,9.8,Medium,Lemon,0.7999,1
2850.9,30.0,Black,41.3,3.6,Medium,Amla,0.6579,1
1419.5,21.9,Loamy,65.9,11.5,High,Coconut,0.8132,0
1023.2,24.9,Alluvial,30.1,8.0,Medium,Jackfruit,0.7617,0
731.8,36.4,Black,80.6,11.2,Medium,Mango,0.7239,0
354.6,20.1,Alluvial,30.8,10.0,Low,Guava,0.8006,1
3782.1,23.7,Alluvial,53.8,9.6,Low,Lemon,0.6525,1
1921.8,20.1,Alluvial,29.0,5.5,Medium,Mango,0.6294,1
1370.9,15.7,Alluvial,70.6,7.2,Medium,Lemon,0.7333,1
2266.1,37.2,Red,59.6,6.4,Low,Banana,0.7029,1
2310.0,41.3,Red,82.1,11.3,High,Mango,0.6391,0
1628.5,23.1,Alluvial,59.8,9.0,High,Coconut,0.7999,1
1913.3,26.5,Clay,63.1,9.5,High,Pomegranate,0.6063,0
1021.0,35.1,Alluvial,92.1,9.3,Low,Banana,0.7337,1
940.7,44.6,Clay,82.2,11.1,Medium,Sapota,0.6121,0
856.0,28.4,Clay,60.5,10.0,Medium,Amla,0.8695,0
1344.7,19.1,Loamy,12.1,10.9,High,Pomegranate,0.7342,1
3325.2,14.3,Alluvial,88.8,11.8,Medium,Mango,0.4452,1
369.3,36.4,Black,23.5,7.7,Medium,Amla,0.8449,1
3358.2,11.6,Clay,64.6,5.8,Medium,Lemon,0.47,1
3655.2,22.3,Alluvial,54.5,11.0,High,Pomegranate,0.6326,0
763.2,34.9,Loamy,81.6,8.1,Medium,Jackfruit,0.7522,0
1108.9,30.0,Loamy,91.8,9.2,Medium,Coconut,0.7531,1
2674.4,39.7,Clay,13.1,3.2,Medium,Jackfruit,0.6876,0
2627.9,24.1,Sandy,94.0,11.0,Medium,Coconut,0.7401,1
2877.0,28.4,Loamy,38.6,5.3,Medium,Banana,0.7493,1
1064.3,35.0,Alluvial,31.6,6.5,Medium,Pomegranate,0.8184,1
1207.4,34.0,Sandy,56.0,5.5,Low,Papaya,0.7584,1
1357.0,30.6,Alluvial,10.5,8.1,Medium,Pomegranate,0.6703,1
623.9,17.0,Red,46.1,9.9,Low,Guava,0.7692,1
1412.2,39.3,Alluvial,36.7,11.3,Low,Lemon,0.6962,1
1575.2,28.4,Clay,49.1,6.2,Medium,Banana,0.7468,1
1441.2,34.8,Red,72.5,10.0,High,Lemon,0.8359,1
1707.8,27.2,Sandy,7.9,10.8,Medium,Amla,0.7576,1
2328.1,40.3,Red,45.1,9.0,High,Papaya,0.6363,0
1193.1,14.2,Black,76.1,9.0,Medium,Amla,0.7255,1
2028.9,39.8,Sandy,73.4,10.1,Medium,Coconut,0.7091,0
442.0,18.8,Clay,15.2,8.4,Medium,Amla,0.8696,1
2289.1,20.8,Red,55.9,10.3,Medium,Coconut,0.7856,1
301.6,27.4,Black,10.5,6.1,Low,Amla,0.7606,1
1879.5,46.8,Sandy,45.0,11.8,High,Papaya,0.5586,1
956.5,18.1,Black,53.2,7.5,Low,Pomegranate,0.8548,1
2113.6,24.6,Sandy,58.6,6.3,Medium,Coconut,0.7721,0
1206.7,23.3,Clay,53.6,7.8,Medium,Jackfruit,0.8545,1
350.1,35.8,Alluvial,28.3,5.4,Low,Guava,0.699,1
1414.2,18.7,Alluvial,50.0,6.8,High,Banana,0.6797,1
687.1,20.0,Red,37.6,5.8,Low,Amla,0.876,1
3126.4,44.5,Black,47.9,4.6,High,Sapota,0.507,0
2004.6,36.5,Black,66.5,9.0,Medium,Mango,0.8135,1
350.9,19.9,Black,40.3,8.4,High,Amla,0.8307,1
1317.2,27.8,Clay,17.0,8.8,Medium,Amla,0.8215,1
3455.1,14.1,Sandy,18.4,7.7,Medium,Mango,0.413,0
3763.3,27.1,Alluvial,46.3,3.7,High,Mango,0.5523,1
1725.9,33.6,Loamy,62.3,8.4,Medium,Amla,0.8991,1
1046.9,31.2,Black,72.6,8.7,Low,Pomegranate,0.7448,0
3171.6,44.2,Black,78.7,11.9,Medium,Mango,0.5336,1
3087.8,32.4,Red,90.5,9.0,Low,Jackfruit,0.7232,1
566.2,31.0,Alluvial,75.5,9.1,Medium,Lemon,0.7006,1
2178.9,28.4,Alluvial,77.7,5.5,Medium,Sapota,0.7049,1
1789.1,26.7,Loamy,79.8,9.6,Low,Guava,0.8769,0
2551.2,36.1,Black,63.2,11.6,High,Jackfruit,0.7192,1
865.2,32.4,Sandy,66.4,11.1,Low,Pomegranate,0.6939,1
1493.6,11.4,Black,25.7,5.1,Low,Coconut,0.5741,0
1180.3,17.8,Alluvial,45.1,9.3,Low,Sapota,0.8174,1
2029.0,40.9,Sandy,35.9,8.6,Medium,Amla,0.8208,1
1356.2,22.9,Loamy,31.1,7.3,Medium,Coconut,0.815,1
939.9,32.2,Red,14.8,6.6,Low,Papaya,0.7639,1
472.0,17.4,Red,41.5,7.5,High,Lemon,0.7347,0
2147.0,18.7,Black,82.8,8.7,Medium,Mango,0.6706,1
1540.7,30.7,Red,66.4,7.9,High,Banana,0.7512,1
826.8,36.9,Loamy,29.8,7.7,Medium,Jackfruit,0.7056,0
971.0,27.2,Loamy,35.1,4.8,Medium,Lemon,0.78,0
4081.4,16.7,Black,13.5,11.9,High,Lemon,0.5248,1
806.1,19.2,Black,68.1,9.6,High,Papaya,0.5995,0
1315.9,42.4,Red,63.2,10.3,Medium,Sapota,0.7975,1
866.1,23.9,Clay,63.6,11.8,High,Amla,0.8505,1
1555.1,36.8,Red,45.8,9.2,Medium,Mango,0.6784,0
1479.8,39.9,Sandy,69.7,8.8,Medium,Papaya,0.6617,1
2226.4,35.1,Sandy,68.3,8.7,Low,Papaya,0.6477,0
3555.6,19.7,Clay,47.6,6.9,Low,Lemon,0.6185,1
1091.8,33.2,Sandy,82.6,5.8,Medium,Guava,0.7862,1
1372.3,36.8,Alluvial,34.3,11.2,Low,Pomegranate,0.7554,1
255.0,19.4,Black,24.3,5.4,Low,Mango,0.5912,0
3063.4,11.9,Alluvial,17.5,3.7,High,Sapota,0.4194,0
2071.4,27.9,Loamy,33.8,8.9,Medium,Papaya,0.7345,1
2224.7,38.7,Black,92.8,4.5,Medium,Sapota,0.6935,1
1191.7,38.8,Loamy,47.1,4.0,High,Lemon,0.6831,1
1149.5,17.7,Loamy,33.2,11.4,Medium,Pomegranate,0.7472,1
735.2,30.5,Alluvial,68.7,8.1,Low,Sapota,0.8183,1
1530.2,32.2,Loamy,32.1,8.3,Low,Coconut,0.8101,1
784.0,44.0,Sandy,18.7,4.7,High,Banana,0.3894,1
630.7,42.2,Loamy,76.0,11.5,High,Jackfruit,0.6055,1
2381.9,36.8,Loamy,70.7,8.2,Low,Mango,0.7264,0
942.2,18.3,Black,55.4,7.7,Medium,Sapota,0.808,1
243.3,15.1,Alluvial,37.2,8.7,Medium,Papaya,0.4737,1
2865.1,29.7,Red,46.1,10.0,Medium,Jackfruit,0.7195,1
2944.5,30.7,Red,56.3,9.2,Medium,Coconut,0.7038,1
931.5,17.1,Sandy,38.3,10.5,Medium,Lemon,0.7899,1
1342.1,27.9,Alluvial,60.5,7.5,Medium,Papaya,0.7588,1
1201.0,15.1,Loamy,76.9,11.0,Low,Lemon,0.6858,1
2900.7,11.0,Red,16.4,10.9,High,Sapota,0.4225,0
2350.0,19.5,Red,43.7,8.3,High,Banana,0.691,1
3414.4,24.6,Loamy,78.3,9.9,High,Amla,0.6078,1
240.5,43.0,Alluvial,7.3,7.1,High,Banana,0.3667,0
3814.5,10.5,Sandy,64.0,8.4,Medium,Jackfruit,0.4044,0
398.3,21.6,Loamy,16.9,5.7,Medium,Lemon,0.6918,1
2231.8,39.2,Red,83.0,5.8,Medium,Jackfruit,0.6999,0
2581.0,26.1,Red,55.1,10.7,Medium,Banana,0.8345,1
2034.8,21.6,Sandy,16.1,9.0,Medium,Pomegranate,0.6467,0
1283.7,44.8,Alluvial,73.8,5.8,Medium,Coconut,0.6167,1
1382.7,27.1,Red,42.7,9.3,Medium,Pomegranate,0.7619,0
2328.1,28.2,Alluvial,34.4,6.2,High,Papaya,0.7125,0
772.3,33.4,Alluvial,29.4,9.4,High,Amla,0.9117,1
890.4,38.6,Sandy,76.2,4.3,Medium,Guava,0.8593,0
2782.5,22.9,Red,80.2,11.4,High,Lemon,0.6409,0
1504.2,29.1,Sandy,66.1,7.8,Low,Amla,0.7869,1
3870.8,22.0,Sandy,6.5,11.1,Medium,Coconut,0.5734,1
831.8,38.4,Loamy,75.6,10.8,Medium,Lemon,0.7236,1
832.2,25.9,Black,42.7,3.9,Medium,Banana,0.602,1
1552.8,34.1,Sandy,82.2,10.7,Medium,Coconut,0.786,0
2099.4,23.0,Red,78.5,8.6,Medium,Mango,0.7223,0
541.9,30.6,Black,49.1,8.3,Medium,Pomegranate,0.8484,1
1875.3,29.7,Black,23.8,7.5,Low,Sapota,0.8165,1
1373.7,21.0,Alluvial,52.8,7.7,Medium,Amla,0.8466,1
1247.6,33.4,Alluvial,57.6,4.2,Low,Banana,0.7413,1
1830.9,21.0,Loamy,61.4,9.5,Medium,Lemon,0.7738,1
2836.9,33.8,Sandy,88.6,6.9,Medium,Coconut,0.7956,0
2839.4,31.3,Alluvial,42.5,9.0,High,Banana,0.7509,1
669.1,26.2,Alluvial,44.3,11.9,Medium,Amla,0.8557,1
1476.4,41.5,Loamy,8.3,8.4,Medium,Mango,0.6974,1
1895.0,33.9,Clay,19.4,6.4,Medium,Guava,0.7957,1
2945.4,35.7,Loamy,37.1,10.3,High,Coconut,0.7092,0
1429.4,36.6,Red,58.1,8.8,Low,Coconut,0.8057,1
989.6,15.9,Clay,41.6,7.5,Medium,Amla,0.8409,0
1069.3,19.2,Sandy,64.5,6.7,Medium,Sapota,0.8472,1
2421.2,43.1,Loamy,48.3,8.2,Medium,Papaya,0.4776,0
2563.0,17.4,Clay,79.1,9.5,High,Jackfruit,0.7427,1
1818.7,38.5,Red,68.4,8.1,Low,Papaya,0.7228,1
1134.2,26.1,Loamy,50.9,9.8,Low,Papaya,0.6566,1
2135.5,25.0,Loamy,40.0,10.5,Medium,Coconut,0.7839,1
613.9,33.7,Alluvial,70.0,9.4,Medium,Pomegranate,0.7992,1
2595.0,36.1,Alluvial,66.0,10.2,Low,Mango,0.7293,1
1734.6,25.8,Loamy,84.6,8.6,High,Jackfruit,0.7571,1
489.1,38.4,Red,20.2,6.2,Medium,Banana,0.4575,0
2491.4,38.5,Alluvial,32.2,11.4,Low,Jackfruit,0.7416,1
1698.5,30.1,Black,29.4,9.2,Low,Mango,0.6873,0
1171.1,23.0,Alluvial,50.7,5.0,High,Banana,0.7091,1
1096.3,19.3,Loamy,75.1,6.6,Medium,Sapota,0.8117,1
413.2,30.7,Alluvial,70.8,10.2,Low,Pomegranate,0.7588,1
758.8,39.3,Alluvial,38.9,8.6,Medium,Jackfruit,0.6581,1
666.2,37.0,Loamy,25.7,6.7,Medium,Guava,0.9054,1
935.1,45.5,Black,61.5,7.5,Low,Jackfruit,0.5666,0
2722.7,31.6,Alluvial,36.1,4.7,Medium,Jackfruit,0.7116,1
1046.9,15.5,Black,33.5,11.8,Medium,Mango,0.664,1
2958.9,34.0,Sandy,71.5,5.9,High,Amla,0.6426,1
670.0,27.6,Alluvial,24.6,10.5,High,Papaya,0.7515,1
3166.8,33.6,Loamy,61.9,4.6,Medium,Banana,0.7333,1
1189.3,32.5,Red,68.9,7.3,High,Papaya,0.7155,0
1008.6,26.2,Red,20.2,11.1,Low,Lemon,0.7889,1
1971.5,20.8,Sandy,86.0,7.2,Medium,Guava,0.7094,1
2643.9,11.8,Alluvial,64.6,6.1,Medium,Pomegranate,0.4699,1
2491.5,13.5,Black,50.2,12.0,Low,Lemon,0.4265,1
1322.1,33.3,Clay,31.1,9.7,Medium,Guava,0.9088,1
521.4,40.5,Loamy,60.3,8.3,Medium,Pomegranate,0.7583,1
1237.3,23.1,Clay,39.5,11.2,Medium,Guava,0.8852,1
1765.8,19.7,Red,72.0,8.0,Medium,Amla,0.8348,1
3264.5,40.9,Red,48.1,6.3,High,Sapota,0.5764,1
737.5,18.0,Red,72.3,9.8,Low,Sapota,0.756,1
938.3,19.8,Red,68.6,9.3,Low,Sapota,0.7744,0
492.3,39.1,Loamy,82.8,7.5,Medium,Mango,0.6319,0
1796.5,20.5,Sandy,24.2,6.1,Medium,Lemon,0.7117,1
2838.8,17.7,Alluvial,69.8,8.4,Medium,Jackfruit,0.6358,1
853.9,28.3,Sandy,31.9,9.6,Medium,Pomegranate,0.7504,1
890.5,19.7,Sandy,54.8,10.2,Low,Papaya,0.7322,1
1018.5,30.7,Red,53.6,11.0,Medium,Mango,0.7991,1
1116.2,23.6,Sandy,39.3,8.3,Medium,Lemon,0.8709,1
3194.0,26.6,Clay,78.4,8.5,Low,Banana,0.6977,1
1987.6,29.8,Sandy,79.9,10.5,High,Sapota,0.718,0
2557.9,29.9,Loamy,84.5,8.1,Low,Banana,0.7154,1
1363.7,21.4,Black,53.4,9.0,Medium,Mango,0.7564,1
1015.0,31.2,Black,36.0,10.6,Medium,Pomegranate,0.7607,1
1697.0,34.4,Alluvial,63.9,10.6,High,Lemon,0.7804,1
569.4,31.6,Loamy,62.3,6.8,Medium,Mango,0.7283,1
658.1,21.1,Loamy,48.5,7.4,High,Pomegranate,0.8484,1
268.0,23.5,Clay,11.8,7.1,High,Amla,0.7915,1
607.4,16.7,Alluvial,69.9,6.6,Medium,Guava,0.7623,1
1208.8,32.8,Red,73.8,5.2,Low,Banana,0.7689,0
1896.1,19.6,Sandy,65.0,10.9,Medium,Guava,0.8309,1
1078.2,35.0,Alluvial,18.0,6.7,High,Pomegranate,0.777,1
2685.0,39.6,Clay,36.6,7.9,Medium,Pomegranate,0.5312,0
999.1,24.3,Red,24.5,11.3,Low,Mango,0.8069,1
1536.8,22.8,Red,76.2,6.1,Medium,Lemon,0.8067,1
1487.7,25.8,Sandy,61.6,9.9,Medium,Amla,0.8068,1
1699.8,37.3,Alluvial,60.2,9.9,Low,Sapota,0.8108,0
2910.9,19.6,Loamy,83.6,4.5,High,Mango,0.499,1
2590.5,40.8,Black,77.0,11.4,High,Mango,0.6053,1
1917.6,38.9,Loamy,35.4,11.4,Medium,Mango,0.6797,0
4033.4,20.8,Clay,5.0,7.7,High,Sapota,0.5501,0
392.6,29.2,Black,67.9,7.9,Low,Guava,0.6592,1
1337.7,23.9,Loamy,71.3,6.7,Low,Sapota,0.8041,1
995.7,44.9,Red,73.7,11.3,High,Amla,0.8288,1
2073.6,35.2,Alluvial,21.4,9.5,High,Sapota,0.712,1
1687.3,26.3,Sandy,79.7,8.4,Low,Amla,0.7678,1
2039.7,22.2,Alluvial,22.7,7.9,Low,Guava,0.842,1
835.3,16.4,Clay,23.6,6.6,Medium,Guava,0.7972,0
939.6,24.3,Sandy,47.6,8.6,Low,Lemon,0.7713,1
1844.5,29.0,Alluvial,59.3,8.6,High,Lemon,0.8047,1
937.7,34.5,Loamy,34.0,7.5,Medium,Papaya,0.7538,1
2190.9,38.9,Red,74.2,11.2,Low,Banana,0.672,0
1236.7,27.2,Alluvial,29.2,10.0,Medium,Papaya,0.7656,1
2369.3,36.9,Red,44.3,8.3,Medium,Papaya,0.6626,1
1343.2,17.7,Loamy,60.7,10.1,Medium,Pomegranate,0.6968,0
844.5,17.3,Alluvial,59.7,5.8,Medium,Jackfruit,0.7511,1
2408.9,34.1,Loamy,86.6,8.3,High,Coconut,0.7596,1
1521.0,36.4,Loamy,68.2,10.7,Low,Papaya,0.6934,1
1012.5,24.8,Clay,56.7,9.1,Medium,Amla,0.8794,1
752.2,34.8,Clay,39.8,10.7,High,Sapota,0.8162,1
1551.6,20.5,Loamy,45.0,8.4,Medium,Mango,0.8049,1
1305.3,34.9,Clay,44.4,10.0,Medium,Jackfruit,0.7936,0
1452.5,32.8,Alluvial,38.8,8.1,Medium,Jackfruit,0.7512,0
1074.0,27.5,Loamy,90.3,10.7,Medium,Sapota,0.8112,1
1209.8,19.4,Clay,41.5,9.9,Medium,Amla,0.8244,1
617.4,36.7,Alluvial,85.6,4.9,High,Amla,0.8158,1
723.6,38.3,Loamy,73.0,9.8,Medium,Coconut,0.6773,1
886.2,35.9,Alluvial,84.7,9.5,Low,Mango,0.6752,1
3038.8,20.3,Red,50.2,4.4,High,Banana,0.7743,0
834.9,37.1,Loamy,64.0,8.8,Medium,Mango,0.6961,0
2024.7,31.3,Loamy,31.0,4.4,High,Sapota,0.7668,1
1568.1,27.2,Loamy,68.3,7.5,Low,Lemon,0.7376,0
1699.1,33.7,Alluvial,82.1,8.3,High,Lemon,0.6801,1
2485.3,14.1,Alluvial,55.5,8.9,Medium,Guava,0.6469,1
2247.7,37.7,Red,74.8,8.4,Medium,Mango,0.779,0
1208.6,31.1,Red,35.9,9.2,Medium,Coconut,0.8393,1
920.1,27.9,Red,91.1,11.0,High,Coconut,0.7279,0
630.6,39.4,Loamy,74.7,6.9,Medium,Amla,0.8544,1
2988.4,23.2,Sandy,66.7,7.4,Low,Coconut,0.7323,1
529.7,30.8,Alluvial,65.8,7.5,Low,Mango,0.6914,0
1432.4,21.7,Red,62.5,6.1,Low,Coconut,0.7028,0
2964.3,37.3,Alluvial,15.8,5.2,Low,Sapota,0.5733,0
2044.3,32.4,Alluvial,23.7,10.2,Low,Mango,0.7934,1
1695.1,31.9,Clay,54.4,6.6,Medium,Amla,0.8063,1
2232.6,33.6,Loamy,48.0,7.3,Medium,Mango,0.7279,1
2215.4,37.1,Loamy,50.2,7.4,Low,Coconut,0.7744,1
2387.3,37.5,Alluvial,51.6,10.3,Low,Banana,0.7266,1
1696.1,19.8,Alluvial,78.0,5.5,Low,Papaya,0.7002,1
1199.9,20.5,Loamy,28.4,8.7,Low,Papaya,0.7534,0
1594.3,43.5,Alluvial,45.7,10.3,Low,Amla,0.817,1
225.0,35.2,Alluvial,13.6,8.1,High,Pomegranate,0.7027,0
1164.1,35.6,Red,52.6,7.9,Medium,Lemon,0.78,1
840.4,35.0,Sandy,44.9,6.7,Low,Sapota,0.8893,1
651.3,30.1,Loamy,23.6,6.8,Medium,Lemon,0.8165,1
1386.2,17.9,Loamy,57.7,8.0,Medium,Sapota,0.8294,1
1411.8,23.1,Black,64.8,10.8,Medium,Mango,0.7694,1
964.7,20.1,Red,85.7,4.9,Medium,Banana,0.6114,1
3414.7,41.7,Loamy,81.3,6.7,Medium,Banana,0.662,0
2553.7,37.4,Red,56.1,11.2,Medium,Mango,0.7415,1
1488.8,13.4,Loamy,73.3,6.4,Medium,Jackfruit,0.7146,1
1441.1,20.4,Loamy,43.1,6.1,Low,Amla,0.8467,1
2972.1,29.6,Red,85.0,10.6,High,Coconut,0.7557,1
1000.4,35.4,Black,58.5,6.1,Medium,Mango,0.7571,0
2005.9,25.6,Red,64.0,6.2,Low,Guava,0.7412,0
2223.1,16.2,Red,48.8,11.1,Low,Jackfruit,0.6816,0
1653.5,35.1,Alluvial,85.5,10.1,High,Jackfruit,0.6997,1
1081.0,40.4,Alluvial,45.8,6.0,High,Mango,0.6841,1
1500.2,38.3,Red,90.8,7.6,Low,Banana,0.7815,0
1889.3,32.9,Alluvial,36.9,7.5,High,Lemon,0.7486,1
2438.8,32.0,Loamy,35.1,4.9,Medium,Jackfruit,0.7953,1
3725.1,18.8,Red,84.1,8.3,Medium,Pomegranate,0.5249,0
1892.9,37.3,Black,81.5,7.9,Medium,Mango,0.7432,1
2083.9,26.3,Clay,93.2,10.2,Low,Banana,0.6887,1
1531.8,17.3,Alluvial,69.4,5.9,High,Guava,0.7991,1
245.0,19.6,Alluvial,6.7,9.1,High,Amla,0.7488,1
782.6,19.1,Red,64.8,10.6,High,Pomegranate,0.7286,1
2976.2,20.5,Clay,53.9,5.1,Medium,Banana,0.7172,1
2349.5,27.6,Alluvial,62.4,10.2,Medium,Banana,0.8755,1
2991.5,42.6,Alluvial,6.8,11.0,Low,Sapota,0.4753,0
1726.9,20.4,Loamy,71.6,9.9,Medium,Papaya,0.7633,0
412.8,19.6,Red,32.3,7.1,Medium,Lemon,0.7697,1
662.1,32.9,Loamy,29.3,8.6,High,Mango,0.6554,0
1198.6,37.3,Clay,7.7,4.2,Low,Coconut,0.6817,0
1574.6,26.6,Black,77.0,7.9,Medium,Mango,0.7617,1
2979.5,27.8,Clay,76.3,5.5,Low,Banana,0.6797,1
772.0,26.6,Loamy,66.6,10.1,Medium,Lemon,0.7811,1
1944.8,21.4,Black,61.6,5.8,High,Mango,0.7283,0
262.8,33.5,Sandy,47.1,7.6,Medium,Pomegranate,0.7487,1
2948.3,29.9,Sandy,75.6,5.6,Medium,Lemon,0.5496,1
3478.1,33.5,Clay,94.5,9.6,High,Guava,0.6178,1
412.7,20.7,Black,90.4,9.8,High,Jackfruit,0.5332,1
2532.6,41.5,Loamy,76.7,3.4,High,Pomegranate,0.4769,1
1691.2,29.5,Sandy,59.4,5.8,Low,Sapota,0.7848,0
3213.1,35.7,Sandy,9.2,8.9,High,Coconut,0.6549,1
4000.9,10.2,Loamy,33.5,10.5,Medium,Coconut,0.3905,0
1686.1,28.7,Sandy,63.9,6.2,Low,Coconut,0.7867,1
1131.5,28.2,Black,55.9,8.4,Medium,Banana,0.6863,0
1993.1,39.8,Black,72.1,11.1,Low,Sapota,0.7106,1
3502.2,30.0,Clay,28.1,8.9,Medium,Papaya,0.5201,0
1690.1,20.9,Loamy,22.4,5.8,Medium,Mango,0.6545,0
2825.4,30.4,Red,64.4,8.6,Low,Jackfruit,0.7861,1
1051.2,29.8,Loamy,34.0,8.5,Low,Jackfruit,0.7799,1
713.8,29.5,Sandy,46.7,6.9,Medium,Papaya,0.7538,1
2220.4,25.2,Alluvial,53.8,6.7,Medium,Jackfruit,0.7605,1
314.3,21.1,Alluvial,47.1,11.0,High,Lemon,0.6729,1
2943.3,23.5,Loamy,39.4,9.7,Medium,Coconut,0.6983,0
2169.1,22.5,Alluvial,57.3,5.9,Medium,Papaya,0.7052,1
1076.6,23.0,Red,35.5,11.0,Low,Mango,0.7236,0
880.5,44.1,Alluvial,74.9,3.7,Medium,Mango,0.6248,0
3016.2,41.4,Black,74.2,5.5,Medium,Coconut,0.5098,1
1785.5,22.7,Alluvial,25.8,7.2,Low,Guava,0.7822,1
3329.4,27.6,Red,90.9,11.9,High,Banana,0.6931,1
1488.5,24.2,Alluvial,39.4,4.2,Medium,Jackfruit,0.7634,1
750.3,18.7,Loamy,40.0,9.7,Medium,Mango,0.689,0
1942.3,43.4,Alluvial,69.4,4.7,Medium,Sapota,0.7026,0
1005.8,38.7,Sandy,30.7,6.4,Low,Coconut,0.7736,1
476.0,18.3,Alluvial,35.5,6.0,Medium,Sapota,0.711,1
1355.3,22.4,Sandy,46.4,7.1,Medium,Jackfruit,0.7386,0
254.6,45.6,Alluvial,45.1,7.7,Medium,Banana,0.4303,0
1040.4,34.1,Loamy,83.9,6.7,Medium,Sapota,0.7336,1
2331.9,29.2,Red,62.2,7.4,Low,Coconut,0.8111,0
1274.8,16.8,Alluvial,54.1,7.0,Low,Lemon,0.773,1
2194.7,34.7,Clay,36.8,6.8,High,Guava,0.7824,1
937.0,23.2,Sandy,88.1,8.0,Medium,Jackfruit,0.6998,0
1488.2,27.4,Black,79.1,5.7,High,Mango,0.6818,1
2752.9,38.6,Clay,39.1,6.4,Medium,Banana,0.7911,1
648.9,20.4,Red,32.9,11.5,Medium,Mango,0.6816,0
3035.7,39.6,Red,62.2,8.5,High,Banana,0.7369,1
2176.2,23.3,Alluvial,41.3,10.1,Medium,Coconut,0.7639,1
2391.1,34.0,Alluvial,24.4,10.3,High,Papaya,0.63,1
1709.7,37.3,Sandy,17.9,11.2,Medium,Banana,0.6584,1
2646.1,10.4,Black,59.3,4.2,Low,Amla,0.5083,1
785.2,21.9,Loamy,65.4,10.8,Medium,Coconut,0.7055,0
1593.4,35.6,Red,91.1,9.1,Medium,Coconut,0.7515,0
2323.2,33.9,Alluvial,42.2,9.6,Medium,Mango,0.6671,1
962.7,25.5,Loamy,63.2,10.7,Medium,Lemon,0.8125,1
1402.1,23.0,Alluvial,60.8,5.2,Medium,Banana,0.7751,1
1025.5,35.9,Sandy,60.2,11.4,Low,Pomegranate,0.8412,1
1853.7,17.6,Loamy,32.6,7.5,Medium,Lemon,0.6978,1
798.8,25.6,Alluvial,34.5,10.5,Medium,Lemon,0.7769,1
3314.3,25.0,Alluvial,81.1,3.4,High,Banana,0.6884,0
625.4,22.0,Alluvial,5.3,9.1,High,Mango,0.6918,1
2368.9,20.6,Red,75.8,11.0,Medium,Coconut,0.7674,1
512.8,42.5,Black,22.8,6.3,Medium,Papaya,0.4845,1
1612.6,37.6,Alluvial,70.6,9.2,Medium,Coconut,0.7645,1
624.8,37.9,Loamy,16.0,7.1,Low,Lemon,0.7659,0
723.5,33.0,Loamy,18.0,5.3,Low,Guava,0.7468,1
1419.3,34.8,Loamy,71.6,10.1,Medium,Guava,0.8188,0
2315.4,23.6,Red,59.5,7.9,Low,Mango,0.7525,1
2156.2,18.8,Loamy,70.8,6.9,Low,Mango,0.7081,1
871.2,33.4,Alluvial,38.9,8.4,Low,Papaya,0.7334,0
2140.7,24.0,Loamy,47.1,7.6,Medium,Mango,0.7664,1
4143.8,16.6,Loamy,36.1,4.5,Medium,Papaya,0.391,1
1546.3,37.1,Sandy,76.0,9.9,Medium,Coconut,0.8173,1
1858.3,33.8,Sandy,75.2,9.6,Medium,Lemon,0.7383,1
864.8,25.2,Loamy,47.5,10.8,Medium,Lemon,0.745,1
1816.6,13.7,Red,39.1,9.7,High,Sapota,0.6336,1
1392.6,39.7,Alluvial,13.1,7.7,Medium,Amla,0.8858,1
3924.9,33.9,Loamy,50.6,8.6,High,Papaya,0.577,1
1064.1,18.2,Loamy,30.8,9.4,Low,Jackfruit,0.7656,0
796.3,32.7,Black,79.2,4.6,Low,Papaya,0.6026,0
2436.9,38.9,Alluvial,66.8,7.7,Medium,Banana,0.7033,0
2738.0,21.5,Red,46.2,11.3,High,Banana,0.8433,1
3796.4,37.9,Black,75.4,6.2,High,Amla,0.6066,0
1770.0,24.1,Alluvial,57.5,7.7,Medium,Mango,0.7479,1
2316.7,19.9,Clay,59.6,11.0,Low,Amla,0.6804,0
2022.2,38.3,Red,34.1,10.5,Medium,Jackfruit,0.7431,1
2411.8,31.4,Loamy,52.2,4.1,High,Amla,0.6698,1
220.3,24.5,Sandy,48.9,7.2,Low,Pomegranate,0.7345,1
3303.7,22.8,Sandy,83.2,6.5,Low,Lemon,0.5769,1
909.7,23.4,Sandy,58.5,7.8,Low,Lemon,0.7703,1
2046.6,26.9,Clay,63.2,10.7,Medium,Jackfruit,0.748,0
2895.3,33.6,Alluvial,31.4,10.1,Low,Coconut,0.823,1
840.8,31.4,Red,43.1,6.9,Low,Lemon,0.8029,1
1367.1,33.2,Sandy,69.6,9.3,High,Guava,0.7737,1
1506.8,40.9,Loamy,33.2,10.8,Medium,Lemon,0.7182,1
770.6,40.9,Black,44.1,10.7,Low,Pomegranate,0.7547,1
599.9,33.2,Sandy,39.9,7.0,High,Papaya,0.7063,1
4021.7,25.7,Loamy,90.7,10.4,Medium,Guava,0.5702,1
2555.6,36.6,Alluvial,28.6,3.9,Medium,Pomegranate,0.5274,0
1144.4,30.2,Alluvial,61.2,6.0,Low,Papaya,0.6904,1
1821.1,35.6,Black,49.8,6.1,Low,Coconut,0.7116,1
820.9,23.3,Loamy,35.7,8.9,Medium,Papaya,0.7553,1
1754.4,23.4,Alluvial,9.0,7.4,Low,Amla,0.7158,1
1006.2,31.7,Black,74.3,7.7,High,Pomegranate,0.7443,1
1198.8,37.2,Sandy,40.0,8.9,High,Sapota,0.7892,0
2531.1,23.5,Red,84.4,6.4,Medium,Banana,0.7219,1
686.2,32.8,Alluvial,24.6,8.9,Medium,Sapota,0.8199,0
2070.1,13.0,Red,54.7,3.8,High,Coconut,0.5971,1
2935.1,39.6,Red,43.0,6.1,High,Coconut,0.7394,0
534.3,30.8,Alluvial,83.5,8.2,Low,Papaya,0.6823,0
1539.8,22.0,Alluvial,36.3,6.1,Medium,Banana,0.7566,0
955.8,33.1,Sandy,44.9,9.7,Low,Papaya,0.8225,1
2990.5,14.6,Loamy,48.7,10.3,Low,Coconut,0.5597,1
726.9,41.0,Loamy,85.1,5.3,Medium,Sapota,0.7658,1
1135.8,36.1,Alluvial,54.4,8.7,Medium,Banana,0.7817,1
1571.7,31.2,Alluvial,32.4,10.8,Medium,Guava,0.7614,0
2703.2,32.8,Red,35.3,5.9,Medium,Papaya,0.7169,1
2098.6,26.3,Clay,54.9,10.0,Medium,Jackfruit,0.7795,1
3149.6,30.4,Black,80.6,6.1,Low,Mango,0.5057,1
2576.5,40.4,Sandy,40.7,4.9,Low,Guava,0.5752,1
1958.8,20.0,Red,75.7,8.2,Low,Papaya,0.6934,1
3909.1,26.2,Black,91.6,4.8,High,Pomegranate,0.4743,0
1376.2,28.2,Black,41.5,9.5,High,Amla,0.8471,1
3045.7,19.6,Red,54.8,9.0,High,Banana,0.7072,1
247.6,30.5,Black,31.9,11.0,High,Amla,0.7997,0
2086.2,20.3,Loamy,74.8,10.5,High,Papaya,0.649,0
2084.9,29.7,Alluvial,50.5,8.2,Low,Sapota,0.7592,1
2686.7,43.1,Sandy,33.2,8.1,Medium,Sapota,0.5406,1
2068.4,22.0,Black,57.0,7.3,Medium,Sapota,0.8354,1
1226.6,32.5,Loamy,89.2,9.1,High,Mango,0.6681,0
1187.7,21.8,Loamy,36.8,8.2,High,Sapota,0.7942,1
1491.9,36.1,Red,60.3,7.3,Low,Mango,0.7355,1
1332.5,29.3,Clay,62.7,11.0,Low,Amla,0.7939,1
3350.0,42.2,Sandy,72.6,11.4,Low,Banana,0.4945,0
1657.3,22.0,Black,77.1,11.5,Low,Coconut,0.7122,1
560.2,15.6,Clay,64.7,7.9,Low,Lemon,0.5913,1
659.1,34.7,Alluvial,18.1,7.6,Low,Amla,0.8924,0
1651.5,34.0,Red,74.2,5.6,Medium,Banana,0.7544,1
1412.0,32.5,Red,16.9,8.1,High,Lemon,0.8946,1
1195.6,42.9,Red,27.5,3.8,Low,Banana,0.5255,0
1554.7,30.3,Alluvial,44.3,10.2,Low,Papaya,0.7884,1
1287.0,26.0,Loamy,78.2,8.2,Medium,Amla,0.7624,1
546.7,39.2,Alluvial,54.8,8.0,High,Amla,0.8913,1
906.4,16.9,Clay,5.5,9.3,Low,Amla,0.8715,0
2029.8,33.9,Sandy,92.7,8.1,Medium,Coconut,0.7533,1
1425.0,22.2,Sandy,76.1,6.7,High,Coconut,0.7678,1
356.4,21.1,Red,9.6,8.1,Low,Papaya,0.5492,0
4161.2,10.9,Loamy,17.8,6.0,Low,Lemon,0.4425,0
2847.4,21.1,Loamy,30.9,8.0,Medium,Jackfruit,0.7961,1
546.6,21.1,Black,9.1,10.0,Low,Banana,0.3307,1
785.1,25.7,Loamy,70.4,6.0,Medium,Papaya,0.692,1
2697.6,15.8,Loamy,9.2,7.8,Medium,Banana,0.5606,0
2735.5,22.3,Alluvial,38.7,5.6,High,Papaya,0.6553,1
1683.6,37.8,Sandy,42.0,5.5,Medium,Guava,0.7238,1
868.3,23.6,Red,50.5,7.3,Medium,Coconut,0.7811,1
3860.7,28.5,Clay,11.8,6.8,Medium,Pomegranate,0.445,0
762.0,24.8,Sandy,42.0,4.4,High,Guava,0.8389,1
2865.2,24.8,Loamy,79.2,8.3,Low,Jackfruit,0.7163,1
3333.3,44.8,Sandy,93.6,3.9,Medium,Pomegranate,0.3672,0
439.0,18.8,Sandy,42.8,8.1,Medium,Sapota,0.6701,0
3222.4,20.4,Sandy,5.5,10.2,Low,Coconut,0.528,1
818.9,33.3,Black,9.6,6.6,Low,Amla,0.8281,1
789.3,20.9,Alluvial,77.9,10.9,Medium,Papaya,0.7008,1
411.6,24.5,Loamy,60.5,11.0,Medium,Pomegranate,0.8429,1
1364.5,35.2,Alluvial,22.8,7.9,Low,Pomegranate,0.7482,1
1025.7,36.9,Black,57.3,9.5,High,Mango,0.7229,1
4158.1,31.9,Clay,48.2,9.3,Medium,Papaya,0.6061,0
1373.2,22.7,Red,67.8,9.8,Medium,Coconut,0.7905,1
2878.0,29.3,Red,92.4,11.0,High,Pomegranate,0.4859,0
1996.2,35.2,Loamy,62.9,9.1,Medium,Sapota,0.8744,1
2007.4,22.5,Red,78.0,8.1,High,Mango,0.7314,1
567.6,18.4,Alluvial,26.7,6.5,High,Mango,0.6758,0
1036.8,14.9,Loamy,79.8,5.7,Medium,Lemon,0.6245,0
1320.6,21.1,Red,17.6,9.3,Low,Banana,0.7742,1
487.6,34.1,Clay,66.6,7.8,High,Guava,0.8106,1
3295.2,29.9,Sandy,44.8,7.9,Medium,Banana,0.623,1
4050.6,22.3,Loamy,66.9,5.3,Medium,Banana,0.5312,1
902.1,20.9,Sandy,46.5,9.0,Medium,Lemon,0.7029,1
2227.5,19.1,Black,67.2,10.1,Medium,Mango,0.6353,1
3709.0,22.6,Clay,35.6,11.9,High,Mango,0.5893,1
385.5,36.3,Alluvial,40.6,7.8,High,Pomegranate,0.8129,1
655.3,43.3,Black,66.5,5.9,High,Coconut,0.4829,1
867.4,19.5,Loamy,17.1,10.2,High,Banana,0.5929,0
2440.2,20.3,Alluvial,64.3,7.6,Low,Banana,0.74,1
569.6,13.6,Sandy,47.8,8.3,High,Banana,0.4222,0
3370.2,43.2,Sandy,35.6,11.9,Low,Lemon,0.5026,1
1704.0,44.1,Clay,65.7,4.6,Low,Pomegranate,0.3442,0
1520.9,26.2,Loamy,77.2,6.9,Medium,Banana,0.8115,1
3214.2,16.8,Red,89.2,6.5,Medium,Banana,0.5903,0
1411.4,15.0,Loamy,36.1,11.0,High,Coconut,0.6435,1
2927.5,25.6,Clay,80.1,4.8,Medium,Jackfruit,0.692,1
528.3,41.6,Red,22.2,7.3,Low,Pomegranate,0.7306,1
634.2,34.1,Alluvial,36.7,7.4,High,Papaya,0.7462,0
1054.5,21.1,Red,53.5,4.8,Medium,Banana,0.7264,1
2761.2,35.8,Alluvial,86.6,10.8,Low,Jackfruit,0.7224,1
1068.3,21.4,Clay,16.3,8.7,Low,Guava,0.8138,1
1554.6,23.9,Sandy,60.3,9.7,Medium,Sapota,0.8517,1
1369.8,36.8,Loamy,37.7,7.0,Medium,Banana,0.6858,0
1140.1,38.0,Loamy,66.0,9.7,Medium,Amla,0.9004,1
1533.1,30.5,Red,25.0,10.9,High,Sapota,0.8049,1
290.9,16.9,Clay,19.6,6.0,Medium,Amla,0.793,1
2849.7,12.5,Loamy,62.1,10.8,High,Lemon,0.515,1
1021.0,24.8,Alluvial,46.0,9.1,Medium,Pomegranate,0.7877,0
1444.2,15.4,Alluvial,73.3,6.7,Medium,Lemon,0.7275,1
1739.8,29.0,Alluvial,94.9,8.1,High,Banana,0.7613,1
931.2,14.7,Red,9.0,11.5,High,Banana,0.5107,1
746.5,23.2,Black,91.9,7.4,Low,Guava,0.7354,1
1110.8,24.8,Black,74.1,10.8,Low,Pomegranate,0.7216,1
518.0,21.3,Red,30.2,7.0,Low,Papaya,0.7554,1
1285.8,30.8,Red,77.6,7.1,Low,Papaya,0.6735,0
854.6,42.5,Clay,76.5,7.0,Low,Amla,0.8005,1
1376.2,37.1,Red,36.9,8.4,Medium,Pomegranate,0.8068,1
808.0,40.9,Black,28.0,9.0,Medium,Sapota,0.7362,1
1790.9,19.2,Loamy,80.6,8.8,High,Lemon,0.7115,0
504.1,35.4,Alluvial,72.7,10.3,Medium,Mango,0.6919,0
2906.3,27.9,Clay,87.4,6.5,Low,Banana,0.6788,0
2123.5,39.5,Clay,37.5,7.6,Low,Banana,0.6604,1
4031.6,15.1,Black,74.0,4.7,Low,Lemon,0.4579,1
2513.1,26.9,Loamy,56.9,8.3,Medium,Jackfruit,0.8065,0
1914.4,22.4,Black,54.1,9.8,High,Mango,0.7271,0
1269.1,37.4,Alluvial,73.5,7.8,Medium,Mango,0.6365,1
1163.4,27.0,Loamy,19.3,6.9,Medium,Pomegranate,0.7937,1
1164.0,26.2,Alluvial,68.0,6.8,Medium,Mango,0.7641,0
1892.5,28.4,Red,43.3,11.0,High,Guava,0.8015,1
243.3,14.1,Loamy,57.5,10.6,High,Coconut,0.4378,1
1229.4,30.5,Alluvial,17.5,9.4,High,Lemon,0.7882,0
359.5,41.4,Black,27.6,10.3,High,Pomegranate,0.7376,1
1755.4,36.3,Black,24.6,7.6,Low,Sapota,0.7737,1
2070.2,38.5,Sandy,22.8,6.8,Low,Papaya,0.6763,1
896.3,33.0,Loamy,26.6,8.4,Medium,Papaya,0.7746,1
974.3,28.7,Sandy,53.7,8.4,High,Amla,0.8775,1
1704.1,39.2,Loamy,29.9,9.1,High,Mango,0.6981,1
950.3,17.3,Alluvial,24.3,5.8,Low,Sapota,0.7929,1
2503.3,34.7,Alluvial,42.6,7.4,Medium,Coconut,0.7781,1
1374.8,19.1,Loamy,35.7,6.9,High,Jackfruit,0.8156,1
1327.0,35.1,Alluvial,33.4,8.8,Low,Sapota,0.8498,1
1477.5,34.5,Black,18.2,6.1,Low,Banana,0.6205,0
2845.6,38.5,Alluvial,57.3,9.2,Medium,Coconut,0.6893,1
825.9,22.3,Black,87.6,6.8,High,Sapota,0.7195,1
772.4,42.4,Loamy,20.2,7.1,Low,Amla,0.827,0
932.1,10.8,Red,69.8,6.8,High,Mango,0.564,1
2885.7,40.8,Black,74.0,4.3,Low,Mango,0.4985,1
1773.2,27.7,Black,22.7,7.6,Medium,Mango,0.7167,0
1001.7,12.6,Red,53.0,11.3,High,Amla,0.7499,0
1685.1,18.9,Sandy,53.5,7.7,Medium,Papaya,0.7104,1
1596.0,35.4,Black,21.2,8.6,Medium,Amla,0.8826,1
1708.7,21.2,Loamy,77.6,8.6,Low,Jackfruit,0.7966,1
1356.1,29.2,Loamy,35.9,11.4,High,Papaya,0.7668,1
903.4,37.9,Loamy,26.6,9.2,Medium,Lemon,0.7622,1
2176.0,22.7,Alluvial,41.6,8.9,Medium,Papaya,0.7107,1
1399.6,24.7,Loamy,21.0,10.8,Medium,Guava,0.7616,1
634.0,31.1,Loamy,24.2,8.2,Medium,Guava,0.845,1
938.7,33.3,Clay,61.0,6.1,Medium,Jackfruit,0.7649,1
371.0,31.5,Loamy,63.8,9.3,Medium,Pomegranate,0.7666,0
2355.7,26.9,Alluvial,75.3,6.5,Low,Sapota,0.6768,1
3267.1,23.3,Clay,38.9,7.8,Low,Mango,0.4824,1
1072.9,26.5,Red,78.8,6.2,Medium,Amla,0.7798,1
1181.9,33.6,Alluvial,22.0,11.2,Medium,Guava,0.7948,1
1333.2,24.0,Loamy,10.9,7.8,Medium,Pomegranate,0.7733,1
709.4,29.1,Loamy,33.4,7.7,Medium,Mango,0.715,1
1309.4,37.2,Black,23.2,10.1,Medium,Pomegranate,0.7379,0
1498.4,37.5,Alluvial,73.4,7.2,Low,Lemon,0.7983,1
1159.0,23.2,Clay,57.9,6.0,Medium,Guava,0.8972,1
1808.8,20.3,Black,26.7,5.8,High,Mango,0.6934,1
1343.0,16.1,Alluvial,18.0,6.3,Low,Guava,0.7597,1
2748.9,25.1,Clay,62.5,9.5,Medium,Banana,0.7943,1
2945.2,29.1,Red,28.5,8.2,Medium,Coconut,0.7811,1
794.7,26.6,Loamy,60.8,9.2,Low,Jackfruit,0.7511,1
2296.0,36.0,Alluvial,86.6,11.1,High,Coconut,0.7004,0
1331.2,25.9,Red,31.6,9.5,Medium,Coconut,0.7238,0
1265.1,39.2,Red,50.4,7.2,Medium,Banana,0.7262,0
1845.4,35.4,Red,88.4,9.4,Low,Banana,0.7447,1
1056.9,25.2,Black,38.1,10.1,Low,Mango,0.7311,1
1733.5,30.0,Alluvial,85.2,10.6,Medium,Guava,0.8356,1
417.4,27.3,Red,35.0,11.2,Medium,Guava,0.6918,1
2672.0,39.8,Red,49.0,9.9,Low,Coconut,0.7477,0
788.1,28.5,Black,11.2,6.8,Medium,Amla,0.7922,1
440.0,24.3,Loamy,88.3,7.5,High,Mango,0.5467,0
1524.7,14.9,Loamy,70.9,6.0,Low,Papaya,0.6411,1
1005.5,37.0,Red,82.3,11.3,High,Sapota,0.7859,1
1475.5,33.4,Alluvial,22.5,9.2,Medium,Mango,0.7772,1
2401.8,45.1,Alluvial,35.8,9.3,High,Lemon,0.4836,0
874.9,17.7,Alluvial,72.5,10.2,Low,Lemon,0.8117,1
1139.9,31.8,Alluvial,88.8,7.9,High,Coconut,0.8182,1
3796.1,13.9,Clay,17.9,10.8,Low,Guava,0.4811,0
2533.2,35.1,Black,80.1,8.6,Medium,Mango,0.7167,0
1832.1,25.1,Black,54.6,7.4,Low,Sapota,0.8047,1
2734.9,39.4,Loamy,55.9,4.8,Medium,Banana,0.7669,1
2097.5,41.0,Loamy,35.7,10.1,Medium,Sapota,0.7317,1
2364.4,27.5,Loamy,49.4,6.8,High,Jackfruit,0.7254,1
1296.9,22.8,Loamy,77.0,7.5,Medium,Lemon,0.7053,1
3184.0,34.2,Red,75.1,10.2,Medium,Banana,0.7234,0
570.5,32.9,Loamy,32.2,7.8,Medium,Papaya,0.636,0
1887.2,19.1,Sandy,35.1,9.4,Low,Guava,0.8066,1
924.9,41.9,Black,46.3,9.0,Medium,Sapota,0.763,1
1274.4,30.8,Loamy,38.5,5.8,Low,Papaya,0.695,1
1763.1,24.3,Black,38.7,8.6,Medium,Mango,0.7782,1
1716.3,28.8,Red,65.8,7.2,Low,Lemon,0.7943,1
324.8,16.5,Red,48.7,9.8,Medium,Amla,0.8215,0
2006.3,35.1,Loamy,63.4,6.3,Medium,Jackfruit,0.817,1
1952.2,23.0,Black,54.2,3.8,High,Mango,0.7467,1
403.8,35.4,Alluvial,43.6,10.2,High,Pomegranate,0.8393,1
1805.9,38.9,Clay,52.3,11.4,Medium,Papaya,0.6357,1
1269.3,27.6,Alluvial,36.6,9.4,Medium,Papaya,0.8269,1
419.1,27.6,Alluvial,73.7,5.9,Low,Lemon,0.6649,0
1264.0,25.8,Loamy,93.6,9.4,Low,Coconut,0.7679,1
862.8,38.2,Loamy,67.1,10.9,High,Mango,0.7339,0
1273.5,32.1,Loamy,59.5,9.8,High,Lemon,0.7246,1
1581.2,45.1,Black,36.3,10.8,Low,Amla,0.7354,1
1644.3,30.9,Red,31.6,3.1,High,Pomegranate,0.6835,1
1347.9,43.2,Clay,43.2,11.7,Medium,Amla,0.8248,1
702.6,19.1,Sandy,24.0,9.5,Medium,Pomegranate,0.7618,1
243.3,37.7,Black,19.9,10.5,High,Pomegranate,0.7311,1
1078.4,20.0,Sandy,53.3,7.0,Medium,Lemon,0.7416,1
2263.3,22.9,Black,68.3,9.6,Medium,Mango,0.7321,1
737.6,16.1,Black,26.4,5.7,Low,Sapota,0.6913,1
1500.3,18.9,Sandy,64.2,6.6,Low,Lemon,0.7554,1
1705.9,22.7,Alluvial,27.6,10.1,Medium,Jackfruit,0.7211,1
2772.9,26.2,Loamy,44.0,7.3,Medium,Jackfruit,0.8078,1
1660.8,20.3,Clay,64.1,10.5,Low,Banana,0.6927,0
2953.4,46.9,Red,50.9,8.7,Medium,Guava,0.5316,0
2473.4,39.0,Red,26.7,7.9,High,Mango,0.6992,1
1177.8,29.2,Loamy,32.6,9.0,Low,Coconut,0.7814,1
1002.6,37.6,Alluvial,57.1,3.4,Low,Banana,0.6032,1
1890.9,16.1,Clay,19.1,11.1,Low,Papaya,0.5807,0
2388.6,23.7,Alluvial,61.1,6.0,Medium,Banana,0.8295,1
1247.0,33.6,Red,44.0,10.5,Low,Coconut,0.771,1
674.6,16.5,Sandy,47.9,9.6,Medium,Mango,0.5226,1
595.9,43.4,Sandy,53.3,3.3,High,Banana,0.4255,1
450.1,35.1,Loamy,43.2,7.0,Low,Mango,0.6359,0
1759.1,36.5,Alluvial,73.4,9.1,High,Guava,0.8042,1
2922.1,17.1,Black,6.4,6.7,Medium,Pomegranate,0.5159,0
3036.6,18.5,Loamy,90.3,8.6,Medium,Banana,0.6796,1
947.7,40.0,Loamy,67.4,10.2,Medium,Papaya,0.7156,0
438.5,40.9,Black,32.1,8.0,High,Mango,0.5768,0
312.5,30.8,Alluvial,16.1,9.9,Medium,Pomegranate,0.7435,0
2963.1,25.8,Alluvial,51.2,9.4,Medium,Papaya,0.5984,1
3306.7,47.9,Alluvial,36.2,10.8,High,Sapota,0.4816,0
1292.5,20.1,Alluvial,67.1,10.0,Medium,Pomegranate,0.7465,0
830.3,15.8,Red,77.8,5.6,High,Lemon,0.7278,1
1282.7,34.3,Alluvial,84.0,7.0,Medium,Jackfruit,0.7441,0
1740.3,37.4,Red,65.7,9.1,Medium,Papaya,0.7989,0
3353.8,13.8,Red,84.8,4.1,Low,Sapota,0.4158,0
2041.6,23.2,Sandy,62.0,10.3,Medium,Guava,0.7516,1
1325.4,24.5,Sandy,60.9,8.5,Medium,Pomegranate,0.7825,1
2192.6,28.3,Clay,47.4,7.4,Low,Jackfruit,0.7886,1
704.0,36.4,Sandy,65.3,7.2,Medium,Papaya,0.7136,1
1877.3,14.9,Loamy,79.0,7.5,High,Amla,0.7553,1
2406.3,19.7,Loamy,38.5,7.9,Low,Banana,0.6862,0
3079.8,38.6,Red,24.7,7.0,Low,Mango,0.558,0
2003.2,30.1,Sandy,85.1,7.2,Low,Guava,0.7143,1
1021.9,17.1,Clay,40.1,7.5,Medium,Guava,0.7256,1
1000.9,21.1,Sandy,44.5,11.1,Low,Coconut,0.7683,1
2801.0,23.4,Alluvial,47.1,11.2,Medium,Banana,0.763,1
1167.4,33.1,Alluvial,17.1,7.9,Low,Pomegranate,0.7718,1
1888.4,37.7,Alluvial,85.7,11.2,Low,Coconut,0.7317,1
2966.3,47.1,Alluvial,55.5,11.6,Low,Amla,0.5643,1
558.2,23.7,Red,70.1,6.9,Medium,Lemon,0.7871,1
2358.4,36.2,Black,53.1,3.1,High,Pomegranate,0.6877,1
737.8,20.5,Sandy,56.8,6.1,High,Sapota,0.8285,1
1821.4,21.1,Loamy,28.5,5.9,Low,Lemon,0.7539,1
1687.7,27.2,Clay,40.8,3.8,High,Mango,0.621,1
514.5,37.8,Clay,29.9,9.8,Medium,Guava,0.7319,1
447.3,36.7,Clay,61.9,3.4,High,Amla,0.7758,1
642.5,18.9,Black,72.1,7.2,Medium,Papaya,0.5403,1
2488.6,31.6,Alluvial,84.9,10.4,Medium,Banana,0.8093,0
1713.0,21.3,Clay,82.7,5.1,Low,Banana,0.7449,1
1524.2,35.7,Clay,6.5,11.4,High,Amla,0.8674,1
1996.3,40.0,Clay,28.6,5.8,High,Guava,0.6759,0
2552.6,34.5,Alluvial,80.1,8.1,Medium,Coconut,0.7807,0
2546.2,13.2,Alluvial,82.0,8.9,Low,Amla,0.5602,0
1912.3,25.6,Loamy,77.2,6.0,Medium,Guava,0.8252,1
976.1,35.5,Red,39.2,7.2,Low,Papaya,0.798,1
950.2,21.2,Clay,57.8,8.5,Low,Jackfruit,0.703,0
2031.7,28.0,Alluvial,42.1,6.1,Medium,Guava,0.8385,1
996.3,24.7,Clay,51.9,10.6,Low,Banana,0.7498,1
1140.2,10.9,Clay,29.7,9.1,High,Pomegranate,0.5611,0
1586.7,30.9,Black,28.1,10.4,Medium,Amla,0.7544,0
1452.8,23.8,Sandy,27.9,6.8,Medium,Papaya,0.731,0
632.6,32.3,Red,51.8,5.7,Medium,Guava,0.847,1
1299.3,22.1,Loamy,57.9,11.2,Low,Papaya,0.6535,1
369.4,12.8,Red,55.8,7.7,Low,Papaya,0.4332,1
2455.2,29.6,Alluvial,92.2,6.3,Low,Amla,0.5826,1
1708.3,36.1,Alluvial,61.1,7.4,Low,Lemon,0.6801,1
845.5,21.1,Alluvial,85.6,7.2,Medium,Coconut,0.5909,0
1263.2,30.4,Black,46.9,6.7,Low,Mango,0.7808,1
1370.9,21.4,Alluvial,75.3,11.3,High,Papaya,0.653,0
729.0,36.0,Loamy,26.4,10.5,Medium,Mango,0.7488,1
1553.6,26.4,Sandy,84.5,10.0,High,Lemon,0.7428,1
1647.9,28.1,Loamy,82.2,7.2,High,Coconut,0.8144,1
2836.2,18.0,Loamy,82.7,11.0,High,Mango,0.4924,1
1033.1,39.4,Clay,43.5,6.4,High,Jackfruit,0.6947,0
1583.2,23.2,Alluvial,51.4,6.2,Low,Lemon,0.776,1
525.6,28.0,Loamy,51.6,10.7,Medium,Sapota,0.7649,0
2323.8,16.6,Red,27.3,4.1,Medium,Pomegranate,0.5194,1
866.1,14.1,Loamy,28.0,5.8,Medium,Lemon,0.7272,0
541.1,34.0,Red,52.3,7.5,Medium,Pomegranate,0.8474,1
858.4,29.1,Alluvial,38.6,7.0,Medium,Mango,0.7622,1
1275.9,28.1,Red,62.1,12.0,Medium,Mango,0.76,1
1608.0,31.3,Loamy,86.3,10.4,Medium,Sapota,0.8261,1
1060.5,21.0,Sandy,55.8,9.5,High,Sapota,0.8633,1
1528.1,37.1,Sandy,64.3,9.6,Medium,Coconut,0.795,1
1910.4,19.1,Sandy,23.3,6.8,High,Papaya,0.6709,1
4159.8,20.6,Loamy,87.4,4.1,Low,Coconut,0.5477,1
1066.6,33.6,Loamy,24.6,9.5,Low,Amla,0.8965,1
224.8,26.2,Black,13.0,5.3,High,Amla,0.7346,1
1698.4,25.4,Sandy,77.0,8.1,High,Amla,0.746,1
2999.3,40.0,Loamy,81.4,7.9,Medium,Banana,0.7037,0
1467.7,33.7,Alluvial,37.3,7.4,Low,Papaya,0.7069,1
2944.9,36.0,Clay,69.5,7.8,Low,Banana,0.7883,1
3190.6,27.2,Sandy,45.9,12.0,High,Papaya,0.6081,0
1036.3,35.1,Sandy,51.1,11.1,High,Coconut,0.7377,0
2838.4,44.1,Alluvial,91.4,10.8,High,Amla,0.5616,1
3743.7,44.2,Black,75.4,5.2,Medium,Amla,0.5684,1
1529.4,25.8,Black,10.5,9.5,High,Pomegranate,0.7092,0
432.9,42.8,Clay,47.6,9.3,Medium,Amla,0.7742,0
3335.7,29.7,Black,82.2,6.5,Low,Mango,0.5151,1
2056.8,18.5,Clay,44.1,6.5,High,Guava,0.7986,1
1071.6,24.8,Clay,72.0,9.3,Medium,Coconut,0.6469,1
2138.7,36.5,Alluvial,12.3,10.5,Low,Sapota,0.7361,0
759.2,31.8,Sandy,56.9,6.4,High,Amla,0.8467,1
1209.0,31.3,Clay,88.9,5.7,Low,Jackfruit,0.7701,1
1347.3,46.4,Clay,56.1,8.7,Medium,Amla,0.7588,1
1897.5,31.7,Red,63.2,10.3,Medium,Sapota,0.733,1
524.0,33.2,Black,75.8,7.6,Medium,Mango,0.6693,0
610.7,32.7,Alluvial,13.6,11.0,Low,Amla,0.8831,0
957.8,25.2,Clay,90.3,6.6,Low,Mango,0.638,0
1515.2,42.6,Alluvial,36.6,4.8,Medium,Amla,0.8486,1
2986.7,27.1,Loamy,68.9,10.9,Medium,Coconut,0.7391,1
345.2,28.6,Loamy,64.5,10.5,Medium,Coconut,0.5779,1
3080.4,42.4,Sandy,88.0,8.2,High,Papaya,0.4186,1
2287.1,18.1,Alluvial,80.9,6.1,Low,Mango,0.5127,0
2388.9,24.1,Loamy,83.0,9.2,Low,Banana,0.7964,1
2220.2,26.1,Red,68.5,8.0,Low,Banana,0.8245,1
289.6,35.8,Loamy,52.9,8.5,Medium,Pomegranate,0.7168,1
3876.8,12.6,Red,57.5,7.2,Medium,Coconut,0.487,0
805.3,17.6,Sandy,22.4,8.3,High,Sapota,0.8069,1
4058.6,13.3,Red,26.5,10.4,High,Sapota,0.5454,0
1069.6,26.0,Sandy,32.9,11.2,Medium,Papaya,0.7667,1
1067.1,29.0,Clay,42.5,10.4,Low,Banana,0.7056,1
1083.1,29.4,Red,94.9,8.0,High,Coconut,0.7917,1
613.9,43.2,Sandy,22.1,8.1,High,Sapota,0.6679,1
2382.1,21.9,Alluvial,72.3,10.3,Medium,Mango,0.7536,0
532.9,26.9,Sandy,76.6,7.9,High,Sapota,0.8068,1
3245.0,12.9,Clay,22.3,3.2,Low,Jackfruit,0.4701,0
1431.9,22.0,Loamy,18.7,6.3,High,Pomegranate,0.7268,0
2867.5,40.1,Red,18.4,8.1,Medium,Sapota,0.6162,1
2118.4,27.7,Loamy,59.1,9.3,High,Mango,0.773,1
1845.0,16.2,Alluvial,25.3,9.8,Medium,Lemon,0.713,1
963.8,21.7,Clay,38.6,9.4,High,Banana,0.7295,1
1847.8,41.0,Loamy,18.0,7.2,Medium,Lemon,0.6668,1
254.7,23.5,Red,30.3,5.4,High,Guava,0.6462,1
346.6,27.4,Sandy,28.8,8.6,Low,Amla,0.8512,1
1937.5,40.0,Loamy,62.0,3.3,High,Pomegranate,0.5325,0
589.8,25.5,Loamy,52.2,10.4,Medium,Lemon,0.7855,0
1118.3,34.7,Red,38.9,9.4,Medium,Coconut,0.7647,1
1679.0,22.4,Loamy,23.9,9.1,Medium,Mango,0.783,0
372.7,36.9,Red,71.4,6.5,Low,Guava,0.7748,1
658.6,41.1,Sandy,61.5,10.3,High,Pomegranate,0.7755,1
1058.1,15.4,Clay,80.8,9.5,Medium,Papaya,0.47,0
2548.1,26.1,Red,31.8,10.2,Low,Mango,0.6764,1
301.7,41.6,Alluvial,51.8,10.0,Medium,Pomegranate,0.7104,1
3551.9,31.8,Clay,48.0,3.7,Medium,Jackfruit,0.58,1
290.1,29.5,Red,22.0,9.4,Low,Pomegranate,0.7808,0
1275.1,36.9,Alluvial,66.2,5.2,Medium,Sapota,0.796,1
2386.0,46.2,Red,21.5,8.5,Medium,Guava,0.58,0
1907.7,32.7,Sandy,76.1,3.4,Low,Banana,0.6468,1
1655.6,28.2,Red,50.0,9.4,Medium,Sapota,0.8117,1
1880.9,31.4,Sandy,60.3,8.6,High,Pomegranate,0.6532,0
231.4,39.7,Sandy,46.3,8.1,Medium,Pomegranate,0.7321,1
2907.5,14.9,Alluvial,37.2,9.9,Low,Amla,0.5954,1
1219.6,24.0,Loamy,45.1,5.4,Medium,Banana,0.7479,1
1707.4,23.7,Red,34.7,7.1,Medium,Coconut,0.8437,1
1389.5,37.7,Alluvial,37.5,8.9,Medium,Sapota,0.8757,1
556.6,41.6,Alluvial,32.1,10.4,Low,Amla,0.8257,1
2145.6,20.7,Black,45.0,3.1,Medium,Papaya,0.5254,0
1940.9,12.7,Black,28.7,11.0,High,Papaya,0.5185,0
1561.5,36.2,Loamy,58.0,8.4,Low,Lemon,0.7806,0
1030.2,19.3,Loamy,41.8,10.8,Medium,Guava,0.8278,1
1653.7,26.5,Loamy,62.5,7.8,Medium,Papaya,0.6851,1
1868.8,25.3,Alluvial,32.2,10.4,Medium,Coconut,0.8638,1
1828.5,39.0,Sandy,48.0,9.4,High,Coconut,0.7356,1
571.7,27.0,Loamy,81.4,9.4,Medium,Mango,0.6003,1
3720.9,39.1,Red,26.9,10.9,Low,Lemon,0.5646,1
2063.0,30.9,Alluvial,31.2,9.5,Low,Coconut,0.7583,0
2637.1,31.5,Clay,33.3,8.3,Low,Jackfruit,0.7504,0
2470.5,38.3,Sandy,87.5,11.7,High,Pomegranate,0.5312,1
2939.5,20.7,Loamy,77.2,6.3,Medium,Jackfruit,0.7461,1
2532.4,12.1,Alluvial,12.6,4.8,High,Guava,0.5129,1
2392.4,31.0,Red,64.2,8.0,High,Coconut,0.8331,1
1161.2,32.7,Loamy,33.8,9.1,High,Lemon,0.7774,1
3761.7,20.1,Sandy,25.1,10.1,Medium,Lemon,0.5394,1
1325.8,38.2,Red,34.7,7.0,High,Lemon,0.7779,1
524.9,37.1,Clay,19.9,9.7,High,Papaya,0.591,0
927.8,18.1,Alluvial,71.2,10.4,Medium,Pomegranate,0.6922,1
1202.1,38.8,Red,55.3,8.3,High,Jackfruit,0.7494,1
1541.3,35.1,Loamy,76.1,6.7,Low,Amla,0.8345,1
2796.6,21.7,Loamy,70.3,8.3,Low,Coconut,0.7324,1
2009.7,36.9,Black,73.2,8.6,Low,Sapota,0.8397,1
1181.9,16.6,Red,83.2,8.4,High,Guava,0.7435,0
1866.7,32.7,Sandy,87.1,6.9,High,Coconut,0.7652,1
1019.2,32.6,Alluvial,32.4,10.0,Medium,Guava,0.8449,1
423.6,36.3,Black,29.7,6.3,High,Sapota,0.7058,1
1299.2,34.9,Red,40.6,8.2,Medium,Coconut,0.8321,1
2425.3,26.7,Red,67.2,10.9,Medium,Mango,0.7567,0
474.2,20.1,Alluvial,43.2,7.1,Low,Amla,0.8508,1
2376.4,39.0,Alluvial,38.5,8.8,Medium,Papaya,0.6587,1
1412.8,30.5,Loamy,57.1,8.0,Low,Sapota,0.7991,1
1379.6,36.0,Red,56.9,11.2,Medium,Lemon,0.7401,0
2351.7,19.7,Loamy,54.6,6.8,Medium,Lemon,0.694,1
1579.0,32.4,Alluvial,47.3,8.1,Medium,Coconut,0.8034,1
1134.2,34.5,Loamy,69.3,8.7,Low,Sapota,0.8527,1
1974.7,44.3,Loamy,94.4,4.5,High,Lemon,0.3772,0
753.6,41.0,Clay,55.0,3.0,Medium,Guava,0.7114,1
890.3,36.6,Alluvial,44.4,7.3,High,Papaya,0.7813,1
1297.8,40.0,Sandy,20.6,5.8,Low,Papaya,0.7069,1
2259.5,37.5,Red,69.2,6.2,Medium,Jackfruit,0.7709,1
1752.5,35.5,Sandy,75.9,7.0,Medium,Papaya,0.7171,1
1574.8,17.0,Sandy,7.0,5.3,High,Banana,0.5001,1
1942.4,32.1,Loamy,87.6,8.2,High,Banana,0.8929,1
1058.5,27.6,Sandy,30.9,11.0,High,Pomegranate,0.7885,1
785.4,36.3,Loamy,83.3,10.5,Low,Sapota,0.8116,0
2526.8,28.5,Black,94.5,9.8,High,Amla,0.5672,1
1636.7,26.0,Black,74.1,11.1,Medium,Sapota,0.7774,1
917.9,38.2,Clay,46.3,11.3,High,Guava,0.8118,1
379.3,31.5,Alluvial,71.2,10.7,Medium,Lemon,0.7077,1
2361.4,21.9,Black,31.2,7.1,Medium,Mango,0.6656,1
1061.2,32.0,Red,75.7,9.1,High,Guava,0.8149,1
3178.7,23.9,Alluvial,80.7,4.9,High,Banana,0.742,0
1649.5,27.0,Red,54.1,8.6,Medium,Banana,0.8022,0
1584.2,22.9,Clay,41.7,6.9,Low,Amla,0.8273,0
1409.8,27.1,Loamy,55.7,4.6,Medium,Banana,0.7681,0
650.5,25.4,Alluvial,19.9,5.7,High,Jackfruit,0.6718,0
3042.6,20.4,Loamy,38.0,10.7,Medium,Banana,0.725,1
257.8,22.1,Red,58.2,9.8,Low,Pomegranate,0.7482,1
429.8,47.0,Red,93.6,9.9,Low,Jackfruit,0.4519,1
3245.8,13.1,Alluvial,64.4,5.4,Medium,Guava,0.4687,1
720.7,35.8,Clay,65.3,4.8,High,Jackfruit,0.7025,0
1056.7,38.8,Black,36.8,6.8,Low,Sapota,0.8172,1
2836.5,27.0,Clay,33.5,7.7,Low,Jackfruit,0.7395,1
1856.0,18.4,Alluvial,85.8,6.3,Low,Jackfruit,0.6577,1
1412.3,37.9,Alluvial,39.7,8.3,Medium,Mango,0.7872,1
2955.3,30.9,Alluvial,87.8,9.2,Medium,Coconut,0.7684,1
2121.2,30.4,Red,79.3,6.3,Low,Papaya,0.7149,1
2560.6,26.1,Black,47.0,9.6,High,Sapota,0.6713,1
738.6,43.9,Clay,41.8,8.5,Low,Banana,0.4773,0
2627.3,38.3,Sandy,86.2,8.0,Low,Coconut,0.8209,1
2384.0,21.8,Red,46.3,11.3,Medium,Papaya,0.7315,1
2998.2,39.4,Red,51.5,10.8,Medium,Jackfruit,0.669,0
2155.1,32.8,Alluvial,69.4,9.3,Medium,Sapota,0.7141,1
390.4,38.5,Alluvial,46.1,7.1,High,Lemon,0.6396,0
2209.9,10.5,Clay,77.3,11.8,Low,Mango,0.5213,1
1240.6,24.4,Alluvial,35.9,11.3,Medium,Mango,0.7544,1
936.2,30.6,Red,42.7,6.9,Medium,Lemon,0.8329,1
2937.1,29.1,Sandy,35.6,6.0,Medium,Coconut,0.7555,1
1265.0,39.4,Red,49.4,11.1,Medium,Coconut,0.7181,1
902.5,24.2,Sandy,23.0,6.1,Medium,Lemon,0.7503,1
704.4,40.9,Sandy,45.3,9.4,Medium,Papaya,0.6416,0
2101.8,21.4,Clay,90.0,8.2,Medium,Guava,0.7081,1
898.8,27.8,Loamy,26.4,10.2,High,Lemon,0.8,1
4147.2,36.5,Sandy,72.6,11.8,Medium,Banana,0.5014,0
4070.6,33.3,Loamy,45.3,11.4,High,Amla,0.6621,1
2448.8,37.2,Loamy,11.2,6.8,High,Mango,0.6602,1
826.6,30.1,Red,47.3,9.2,Low,Jackfruit,0.7627,0
971.9,36.5,Clay,77.9,9.1,High,Amla,0.7846,0
558.4,14.3,Red,93.9,6.7,Medium,Pomegranate,0.5671,0
1919.8,31.0,Sandy,63.0,11.2,Medium,Guava,0.827,1
2336.1,19.4,Clay,73.7,11.4,Medium,Banana,0.7425,0
3141.5,27.7,Loamy,63.4,7.1,Medium,Lemon,0.579,0
3714.2,11.8,Black,90.0,3.9,Medium,Pomegranate,0.416,1
1751.3,24.8,Loamy,51.8,7.8,Low,Banana,0.7721,1
1250.4,34.6,Sandy,32.6,8.4,Medium,Papaya,0.8019,1
795.7,34.9,Alluvial,21.9,9.9,Medium,Sapota,0.7947,1
2263.4,35.1,Alluvial,71.9,8.7,Medium,Banana,0.8182,1
1124.5,32.4,Sandy,58.9,8.7,Low,Pomegranate,0.721,0
3583.4,25.2,Sandy,73.7,10.4,Medium,Mango,0.5338,1
2277.8,23.0,Red,28.9,8.7,Medium,Papaya,0.67,0
579.6,38.7,Sandy,65.6,9.5,High,Papaya,0.6804,1
1661.8,19.6,Red,52.0,9.5,Medium,Banana,0.6589,1
1113.9,25.0,Alluvial,71.9,10.2,Medium,Mango,0.7373,0
2902.7,47.7,Sandy,57.6,9.9,Medium,Lemon,0.4002,1
282.2,33.6,Black,52.8,6.7,Medium,Pomegranate,0.7757,1
3059.4,14.9,Alluvial,24.8,9.7,High,Coconut,0.5351,1
1955.4,32.9,Red,71.1,6.3,Medium,Sapota,0.7685,1
2562.9,24.0,Black,24.8,9.5,Medium,Mango,0.5852,0
1578.9,28.5,Sandy,38.8,9.4,Low,Lemon,0.8051,1
1565.3,23.1,Alluvial,83.5,8.8,High,Coconut,0.6961,1
2455.0,31.8,Black,28.2,9.0,High,Mango,0.6439,1
4069.6,36.4,Alluvial,26.3,4.5,Medium,Sapota,0.5733,1
585.5,16.3,Alluvial,49.6,11.4,Medium,Lemon,0.7357,0
921.4,21.1,Sandy,19.2,6.9,Low,Pomegranate,0.7951,0
780.7,24.9,Loamy,45.8,6.2,High,Amla,0.8382,1
369.4,33.2,Sandy,18.6,6.8,Medium,Lemon,0.6518,0
2190.8,40.8,Alluvial,21.4,11.4,Low,Mango,0.7005,1
1599.6,38.9,Sandy,57.9,11.2,Low,Papaya,0.6955,1
3942.1,27.6,Clay,73.8,3.9,High,Pomegranate,0.4766,1
993.8,30.8,Loamy,79.3,6.8,Medium,Papaya,0.7332,1
4114.3,11.1,Clay,62.2,5.2,Medium,Pomegranate,0.3875,0
1682.4,45.6,Black,6.4,7.1,Low,Jackfruit,0.4576,1
2543.3,21.2,Red,38.7,5.4,Medium,Banana,0.6827,1
932.1,16.8,Loamy,38.9,10.8,Low,Pomegranate,0.7638,1
2676.5,37.8,Sandy,65.9,9.0,Low,Guava,0.6688,1
904.4,38.6,Alluvial,90.6,9.2,High,Banana,0.6364,1
1417.4,38.9,Alluvial,24.3,9.4,Medium,Papaya,0.6916,1
2845.6,22.3,Red,51.5,7.0,High,Guava,0.6622,0
1142.3,14.7,Alluvial,36.0,10.3,High,Lemon,0.7136,0
525.0,19.8,Red,45.5,7.9,High,Pomegranate,0.8035,1
1393.7,40.9,Red,59.5,6.8,Medium,Mango,0.7205,1
1298.6,28.2,Red,83.9,10.8,Medium,Lemon,0.7802,0
227.7,32.4,Black,74.4,9.8,Low,Pomegranate,0.6985,0
1273.2,22.9,Clay,87.5,9.8,High,Banana,0.7548,1
2990.0,27.4,Loamy,88.6,8.3,Medium,Jackfruit,0.6497,1
1628.4,16.5,Sandy,79.2,9.5,Medium,Guava,0.7884,1
1900.5,31.2,Loamy,73.6,11.5,Low,Coconut,0.8124,1
470.4,19.3,Black,25.8,5.7,Medium,Mango,0.551,0
1448.3,18.5,Red,29.6,6.0,Medium,Jackfruit,0.7238,1
1234.7,27.6,Clay,74.3,9.4,Low,Banana,0.8043,1
1204.3,21.9,Sandy,63.5,8.0,Medium,Papaya,0.7161,1
2428.1,22.6,Sandy,82.9,8.6,Medium,Pomegranate,0.5235,1
2020.4,18.1,Red,74.0,7.5,High,Banana,0.6324,1
1530.6,32.5,Clay,49.5,11.5,Low,Guava,0.8392,1
1048.6,38.1,Alluvial,63.5,8.0,Medium,Lemon,0.7612,1
1675.7,28.0,Loamy,57.8,9.6,Medium,Guava,0.8687,1
1887.2,18.3,Red,69.1,5.4,Medium,Banana,0.6326,0
2689.3,21.1,Sandy,43.9,6.6,High,Coconut,0.6877,1
2580.6,22.2,Alluvial,54.1,8.4,Medium,Coconut,0.7056,0
436.6,16.3,Alluvial,77.5,9.1,Low,Sapota,0.6705,1
2229.3,32.0,Red,62.6,11.1,Medium,Jackfruit,0.7373,1
2005.8,41.4,Loamy,65.7,8.5,Medium,Papaya,0.6677,0
1592.4,27.2,Black,70.5,6.8,High,Amla,0.8262,0
2221.2,33.1,Red,41.4,7.2,High,Coconut,0.8104,1
2389.6,34.1,Loamy,54.6,8.1,Low,Lemon,0.7288,1
883.9,17.8,Black,75.9,8.0,Low,Amla,0.8241,1
1060.3,30.3,Sandy,92.9,6.9,High,Coconut,0.7816,1
2362.9,35.1,Clay,44.6,7.6,Medium,Banana,0.7193,1
1450.3,32.9,Alluvial,66.0,6.9,Medium,Guava,0.812,1
1578.3,16.6,Alluvial,50.1,10.0,Medium,Coconut,0.5968,1
579.8,40.2,Sandy,71.8,6.7,Medium,Papaya,0.6422,1
304.4,32.6,Alluvial,56.9,7.1,Medium,Amla,0.84,1
427.1,42.9,Red,70.1,7.0,High,Papaya,0.4023,0
287.3,16.6,Red,44.3,9.6,High,Pomegranate,0.6253,0
3054.8,35.2,Sandy,5.6,4.3,High,Banana,0.5251,0
1114.9,39.9,Red,31.8,9.4,Low,Pomegranate,0.7717,1
2549.8,39.6,Alluvial,44.2,11.0,Medium,Banana,0.7492,1
1394.5,27.2,Loamy,73.3,7.4,High,Amla,0.8763,1
868.8,28.1,Alluvial,60.8,8.4,High,Guava,0.8514,1
300.1,39.4,Red,44.7,10.9,Medium,Amla,0.7583,1
1120.6,30.6,Loamy,26.5,10.6,Medium,Papaya,0.7756,1
1720.8,24.5,Red,80.4,6.1,High,Banana,0.7481,1
1403.3,20.3,Loamy,25.1,6.8,High,Jackfruit,0.7778,0
4122.4,40.6,Red,82.4,6.2,Low,Guava,0.4631,0
584.2,22.5,Sandy,71.0,6.7,Low,Pomegranate,0.7887,1
3213.5,24.3,Alluvial,12.5,10.0,High,Mango,0.5345,1
1730.9,26.9,Loamy,54.3,7.8,Medium,Coconut,0.7883,1
1409.3,36.6,Sandy,28.5,11.3,High,Papaya,0.7779,1
3518.7,37.3,Loamy,85.1,11.6,Medium,Lemon,0.5516,1
1837.7,39.3,Alluvial,45.8,8.9,Medium,Banana,0.6937,1
2254.5,21.9,Red,50.2,7.6,High,Coconut,0.743,1
389.9,40.7,Clay,69.7,6.6,High,Lemon,0.535,0
1704.1,18.5,Sandy,55.8,8.5,High,Sapota,0.7345,1
1011.5,10.5,Clay,75.0,11.4,Medium,Pomegranate,0.5065,1
1949.5,18.5,Loamy,15.1,7.9,High,Guava,0.864,0
1686.0,27.0,Sandy,61.2,7.4,Low,Sapota,0.8782,1
554.1,14.1,Sandy,39.2,11.4,High,Amla,0.8404,1
660.0,30.0,Loamy,23.0,10.7,Medium,Papaya,0.6941,1
308.2,27.4,Red,49.8,11.1,Low,Lemon,0.6884,1
690.3,40.3,Black,45.5,6.3,Medium,Sapota,0.7634,1
2856.5,47.8,Red,33.1,10.6,Low,Jackfruit,0.6374,1
2997.8,22.9,Clay,92.5,9.2,High,Amla,0.567,1
1278.3,24.1,Alluvial,77.9,7.9,Low,Papaya,0.6652,1
2598.0,22.3,Red,62.8,11.0,Medium,Jackfruit,0.8081,1
2394.4,37.6,Red,69.2,5.8,Medium,Mango,0.74,0
719.8,21.4,Sandy,77.7,8.5,Medium,Coconut,0.6294,1
359.4,18.4,Black,67.1,9.1,Medium,Amla,0.8641,1
3332.2,47.8,Red,94.9,3.9,Medium,Amla,0.5042,1
1999.0,39.5,Loamy,10.9,7.4,Low,Mango,0.5985,1
1589.1,17.1,Loamy,84.6,9.6,Low,Lemon,0.727,1
2538.5,31.8,Loamy,55.5,8.2,Medium,Banana,0.845,1
3254.8,44.9,Red,67.9,6.1,High,Papaya,0.4286,1
1161.1,24.2,Black,44.0,6.3,Medium,Sapota,0.8462,0
1154.2,35.1,Alluvial,36.6,10.7,Medium,Pomegranate,0.7984,1
558.5,33.5,Sandy,70.8,10.1,Low,Sapota,0.7719,1
3375.8,46.2,Sandy,25.8,8.6,Low,Banana,0.4447,0
1167.6,20.8,Loamy,75.3,6.7,Medium,Lemon,0.7533,0
496.4,23.8,Red,66.9,6.2,High,Sapota,0.7958,1
1474.8,12.6,Black,86.1,8.7,Low,Coconut,0.5934,0
930.6,35.8,Loamy,62.5,10.9,Medium,Pomegranate,0.8148,0
590.9,18.0,Sandy,58.4,8.2,High,Papaya,0.6346,1
4010.7,24.7,Clay,75.8,8.6,High,Mango,0.4893,1
638.2,29.6,Sandy,84.2,10.5,High,Lemon,0.7574,0
305.2,24.8,Alluvial,25.4,9.5,Low,Guava,0.7239,0
1037.7,27.0,Sandy,89.2,9.9,Low,Guava,0.8051,1
1322.2,36.0,Sandy,65.8,7.5,Medium,Lemon,0.803,1
577.0,23.2,Black,50.5,11.4,High,Amla,0.8562,1
963.1,17.1,Sandy,17.2,9.8,Medium,Pomegranate,0.7625,1
2469.0,19.2,Red,56.7,5.8,Medium,Banana,0.7167,1
580.3,39.0,Alluvial,43.2,11.3,Medium,Pomegranate,0.7943,1
1666.6,19.7,Loamy,48.4,9.1,High,Jackfruit,0.7604,0
3826.8,40.1,Sandy,35.3,4.0,Medium,Jackfruit,0.5343,1
392.3,17.2,Clay,73.8,8.1,Low,Amla,0.7768,0
1566.4,35.0,Red,53.6,10.1,Low,Papaya,0.7372,1
1641.4,35.4,Loamy,60.8,5.7,Low,Guava,0.8242,1
1436.8,24.2,Sandy,47.2,6.8,Medium,Guava,0.8831,1
202.8,17.0,Loamy,42.2,9.9,High,Pomegranate,0.6514,1
2189.4,31.7,Alluvial,60.5,7.7,Low,Guava,0.7215,0
1514.4,23.6,Alluvial,75.7,5.5,Medium,Sapota,0.8178,1
943.2,22.1,Black,85.9,6.0,Low,Coconut,0.6421,0
1573.8,44.1,Loamy,43.0,7.8,High,Amla,0.7742,1
2969.3,21.3,Clay,62.0,7.8,Medium,Banana,0.7388,1
2475.3,31.3,Red,43.8,6.7,Low,Jackfruit,0.7628,1
383.9,20.0,Sandy,55.6,9.4,Medium,Amla,0.8412,1
2492.9,43.6,Red,45.4,9.3,Low,Pomegranate,0.5616,1
365.4,33.0,Sandy,34.3,7.6,Low,Lemon,0.7149,1
1635.6,24.9,Red,55.8,6.8,Low,Jackfruit,0.7715,0
1309.7,29.7,Clay,71.2,9.2,Low,Jackfruit,0.7557,1
1260.2,28.3,Red,72.1,7.1,High,Papaya,0.6838,0
733.5,26.3,Loamy,57.2,8.2,High,Papaya,0.6804,1
3350.1,16.9,Red,9.3,5.6,Medium,Amla,0.5702,1
774.0,36.3,Sandy,41.7,7.4,Medium,Pomegranate,0.8538,0
1775.5,33.0,Alluvial,18.7,9.3,Medium,Lemon,0.6924,0
2977.4,21.4,Black,69.3,3.8,Medium,Amla,0.6134,0
1383.6,30.8,Loamy,20.8,9.3,High,Sapota,0.8098,0
1820.9,38.2,Alluvial,56.6,10.5,Medium,Banana,0.7582,1
1854.9,34.0,Loamy,25.0,9.2,Medium,Pomegranate,0.6308,1
2337.5,29.1,Loamy,53.2,7.3,Low,Jackfruit,0.7478,1
2013.0,36.0,Loamy,37.4,9.0,High,Mango,0.7093,0
1276.9,33.1,Sandy,63.8,5.8,High,Lemon,0.805,1
1331.1,16.6,Loamy,86.3,6.1,High,Sapota,0.7587,1
2525.1,39.7,Alluvial,38.4,11.1,Low,Lemon,0.598,1
346.4,42.4,Red,45.8,8.1,High,Amla,0.8259,1
2308.7,41.4,Alluvial,36.7,8.4,High,Papaya,0.6217,1
2504.0,25.5,Alluvial,38.9,8.0,Medium,Banana,0.7584,1
1740.3,29.6,Alluvial,31.5,7.5,Low,Sapota,0.8064,1
1001.3,33.7,Clay,46.5,10.4,Medium,Banana,0.7269,0
1348.6,34.2,Alluvial,58.2,8.6,Low,Coconut,0.8113,1
1085.1,31.5,Sandy,61.7,10.0,Low,Lemon,0.7843,1
845.3,22.2,Loamy,59.0,10.4,High,Pomegranate,0.8644,1
703.4,32.1,Loamy,70.0,5.7,Medium,Lemon,0.7996,1
1011.7,31.7,Red,27.3,5.4,Low,Guava,0.7783,1
1466.0,36.8,Sandy,28.4,10.7,Low,Coconut,0.725,1
916.9,38.0,Alluvial,48.8,8.0,Medium,Pomegranate,0.9285,0
2257.0,19.1,Alluvial,83.9,6.4,Low,Banana,0.6494,1
750.6,29.6,Sandy,43.0,6.5,Medium,Amla,0.7533,1
859.9,47.2,Red,37.7,11.6,Medium,Sapota,0.6725,1
1183.0,35.0,Loamy,88.9,8.7,Low,Sapota,0.7682,1
2511.2,33.0,Clay,75.6,8.0,Medium,Banana,0.7821,1
1436.5,21.9,Alluvial,64.2,4.6,Low,Jackfruit,0.6936,0
684.0,18.4,Red,37.0,6.6,Medium,Amla,0.9012,1
289.1,27.2,Loamy,45.1,9.4,High,Pomegranate,0.7665,1
2764.3,16.8,Loamy,27.5,7.7,Low,Jackfruit,0.6942,1
1588.9,25.6,Alluvial,74.4,10.8,High,Coconut,0.809,1
775.3,21.6,Loamy,81.2,5.1,Medium,Sapota,0.7702,1
1867.8,39.9,Loamy,25.9,10.1,High,Mango,0.7239,1
752.7,20.2,Loamy,47.5,6.0,High,Papaya,0.6429,1
520.8,19.5,Sandy,72.5,7.6,Medium,Papaya,0.5252,1
523.7,25.8,Sandy,64.6,8.6,Medium,Lemon,0.8066,1
1996.7,36.1,Red,53.5,7.5,Low,Guava,0.7869,1
389.0,36.2,Red,29.4,11.3,Medium,Amla,0.8918,1
2010.3,32.8,Loamy,68.1,6.8,Low,Mango,0.7864,1
647.3,33.4,Red,47.1,9.5,Low,Lemon,0.7646,1
1517.3,18.2,Clay,45.4,7.7,High,Papaya,0.5464,0
1620.5,31.5,Red,40.7,8.4,Medium,Jackfruit,0.86,1
2692.5,29.7,Alluvial,75.7,9.9,Low,Coconut,0.8812,1
1258.7,31.4,Red,34.5,8.1,Medium,Papaya,0.8215,0
2764.2,29.2,Red,25.6,9.5,High,Coconut,0.797,1
772.0,23.6,Clay,29.8,10.1,High,Jackfruit,0.7119,0
2655.6,35.0,Sandy,94.4,9.5,Medium,Coconut,0.7274,1
1760.3,21.6,Sandy,40.1,6.9,High,Lemon,0.7452,1
1223.3,29.8,Loamy,58.2,9.6,Low,Banana,0.8347,1
975.6,27.2,Loamy,26.7,9.1,Medium,Lemon,0.8084,0
3037.8,11.2,Alluvial,5.1,9.8,Medium,Jackfruit,0.5214,0
1905.5,21.4,Red,66.7,8.6,Medium,Papaya,0.6999,1
2001.9,30.6,Black,71.6,6.4,Medium,Papaya,0.7121,0
3482.5,42.2,Loamy,67.0,9.7,High,Jackfruit,0.5525,1
2462.0,34.4,Black,75.4,8.1,Medium,Papaya,0.5303,0
1122.2,37.7,Loamy,75.6,9.0,High,Banana,0.6876,1
1813.7,37.6,Sandy,82.0,11.3,High,Coconut,0.7389,1
3723.0,38.8,Alluvial,55.7,4.1,Medium,Guava,0.5929,0
1463.3,18.3,Alluvial,74.6,7.2,Medium,Amla,0.8357,1
650.4,44.7,Sandy,22.5,8.5,Low,Guava,0.6878,1
2305.8,37.0,Red,77.0,10.1,Low,Sapota,0.7652,1
1304.4,19.6,Black,23.9,7.3,Medium,Pomegranate,0.7599,1
1383.6,17.0,Red,44.7,6.0,High,Jackfruit,0.7501,0
1682.2,20.5,Alluvial,79.6,9.6,High,Lemon,0.7122,1
2547.6,10.6,Loamy,91.9,9.0,Low,Jackfruit,0.587,1
1344.6,37.5,Loamy,37.5,6.2,Low,Guava,0.8129,1
830.8,29.6,Clay,76.4,6.9,Low,Guava,0.8466,0
2098.1,23.7,Red,66.2,8.8,High,Papaya,0.7118,1
1303.2,32.4,Sandy,73.2,9.6,Medium,Sapota,0.8602,1
778.3,20.3,Sandy,73.1,7.1,High,Guava,0.8569,1
1426.4,35.5,Clay,26.4,5.6,Medium,Jackfruit,0.8024,0
2130.7,19.8,Loamy,18.9,8.8,Medium,Guava,0.7704,1
2365.1,22.3,Alluvial,25.8,9.5,Medium,Papaya,0.699,1
3783.6,42.8,Clay,18.9,7.4,High,Banana,0.3682,0
823.0,30.8,Red,55.8,7.7,Medium,Sapota,0.8693,1
2103.5,32.5,Loamy,71.5,8.9,Medium,Papaya,0.6868,0
2155.7,19.7,Black,73.3,11.3,Medium,Papaya,0.694,0
943.3,33.8,Sandy,29.1,5.6,Medium,Sapota,0.8111,1
2271.7,40.6,Red,68.4,5.2,Medium,Coconut,0.6364,1
451.9,20.2,Black,16.4,9.4,High,Pomegranate,0.7751,1
997.4,23.1,Loamy,75.3,10.1,Medium,Coconut,0.783,1
1185.1,32.0,Alluvial,63.2,8.5,High,Sapota,0.8462,0
951.7,33.0,Alluvial,68.6,6.8,Medium,Mango,0.7268,1
2101.2,37.3,Alluvial,35.3,8.6,Low,Guava,0.7113,0
795.2,33.2,Alluvial,34.0,10.6,Low,Sapota,0.8603,0
1070.9,20.3,Loamy,40.6,7.5,Medium,Lemon,0.8325,1
339.4,34.6,Red,10.4,6.8,Low,Papaya,0.5302,1
501.1,24.6,Alluvial,60.0,7.1,Medium,Lemon,0.6999,1
3207.0,40.5,Clay,51.6,4.3,Low,Mango,0.4202,0
1741.9,36.0,Loamy,22.2,11.9,Medium,Banana,0.6508,0
2031.4,19.7,Sandy,58.3,9.3,High,Papaya,0.737,1
500.1,39.2,Sandy,85.6,6.3,Low,Guava,0.6852,1
204.9,37.2,Loamy,32.8,11.0,Medium,Amla,0.783,1
647.2,44.4,Black,77.2,10.6,Medium,Amla,0.7966,0
1479.0,46.2,Clay,63.1,7.1,High,Banana,0.6319,1
726.1,33.3,Loamy,80.1,7.8,Low,Sapota,0.7786,0
318.1,35.9,Loamy,47.5,6.6,Low,Pomegranate,0.7658,1
1092.7,15.3,Sandy,42.6,7.6,Medium,Lemon,0.7836,1
1402.7,24.3,Alluvial,49.6,6.8,High,Lemon,0.797,1
1518.6,39.2,Sandy,67.1,10.7,Medium,Amla,0.8887,0
1333.4,31.7,Alluvial,75.8,10.6,Low,Lemon,0.7843,0
1158.5,20.6,Alluvial,82.1,11.3,High,Guava,0.7823,1
515.1,30.6,Alluvial,65.9,8.9,Low,Lemon,0.7883,1
884.4,38.2,Red,43.8,8.4,Low,Pomegranate,0.8805,1
3175.1,32.5,Black,53.5,6.8,Medium,Guava,0.6282,0
2839.4,39.4,Red,26.7,3.0,Medium,Jackfruit,0.6745,0
586.9,22.1,Black,33.5,8.3,Medium,Pomegranate,0.8187,0
1335.9,37.4,Clay,65.0,6.4,Medium,Amla,0.8044,1
784.9,32.0,Sandy,19.3,8.7,High,Pomegranate,0.8084,1
1984.9,28.5,Red,39.2,5.8,High,Mango,0.754,1
1179.0,14.0,Alluvial,47.0,9.2,Low,Papaya,0.6037,1
909.2,32.0,Alluvial,24.6,9.1,Medium,Jackfruit,0.7176,1
718.7,15.4,Alluvial,29.1,9.4,Low,Lemon,0.7785,0
1637.9,32.0,Red,32.3,6.7,Low,Jackfruit,0.7487,1
1777.0,34.1,Loamy,82.5,11.2,Low,Banana,0.7569,1
1928.8,18.9,Red,78.1,9.3,Low,Jackfruit,0.7609,1
2462.4,34.3,Sandy,55.7,10.9,Low,Jackfruit,0.6752,1
612.6,29.3,Loamy,42.9,6.4,Medium,Sapota,0.7801,1
583.4,21.0,Red,45.2,7.5,High,Papaya,0.6974,1
1322.0,26.2,Alluvial,49.5,7.7,Low,Jackfruit,0.814,1
2488.0,28.7,Alluvial,94.9,9.8,Low,Coconut,0.8088,0
1545.0,39.6,Sandy,79.0,10.3,High,Coconut,0.6684,0
1054.0,23.1,Loamy,74.8,6.3,Low,Amla,0.7978,1
912.1,41.3,Loamy,29.9,11.4,Low,Mango,0.717,1
1523.6,29.3,Loamy,20.7,6.2,Medium,Lemon,0.8034,1
2241.6,27.8,Clay,65.5,5.4,Low,Guava,0.6796,0
1196.5,31.8,Sandy,91.7,6.4,Medium,Coconut,0.7918,1
1621.4,37.3,Alluvial,78.8,7.3,Medium,Jackfruit,0.7538,1
4143.9,37.6,Clay,44.8,7.2,High,Jackfruit,0.5638,0
1073.8,16.6,Alluvial,57.4,5.6,Medium,Guava,0.6674,0
774.3,38.3,Alluvial,22.0,7.3,Medium,Pomegranate,0.8714,1
463.2,43.0,Loamy,61.9,4.7,Low,Jackfruit,0.5698,0
2251.7,47.8,Sandy,66.7,3.6,High,Coconut,0.6132,1
502.3,25.8,Red,36.9,4.6,High,Sapota,0.6601,1
807.5,35.7,Loamy,25.4,9.1,Low,Mango,0.7415,0
3963.6,45.6,Red,93.2,6.7,High,Sapota,0.4929,1
760.5,40.5,Black,16.9,10.4,Medium,Amla,0.9198,1
2915.1,29.6,Alluvial,40.4,7.7,High,Banana,0.7176,1
1143.2,21.2,Loamy,46.4,9.0,High,Pomegranate,0.7502,1
1028.3,24.3,Clay,5.7,9.8,High,Guava,0.776,1
907.4,43.8,Clay,63.3,7.7,Low,Amla,0.8209,1
801.7,43.6,Sandy,53.3,6.5,Low,Amla,0.8065,1
2538.7,23.4,Loamy,26.3,10.3,Low,Amla,0.6936,1
454.9,41.6,Loamy,57.2,8.3,Medium,Sapota,0.7127,0
3278.4,19.2,Loamy,93.6,11.1,Medium,Guava,0.5804,1
737.5,40.0,Alluvial,43.4,4.8,Medium,Jackfruit,0.5944,0
1640.9,36.3,Red,44.7,11.1,High,Jackfruit,0.7261,1
3550.5,39.2,Loamy,6.0,11.4,High,Sapota,0.614,0
1984.9,27.6,Red,64.1,10.0,High,Sapota,0.7869,0
1752.3,34.6,Loamy,44.9,10.7,Low,Mango,0.7495,1
449.5,27.7,Alluvial,30.7,6.3,High,Guava,0.7394,1
1701.8,19.6,Clay,52.9,6.4,Medium,Guava,0.8268,1
1252.0,21.9,Red,82.2,9.2,Medium,Lemon,0.7512,1
310.1,41.9,Red,72.7,5.1,Low,Mango,0.503,0
901.8,34.0,Loamy,25.2,10.8,Low,Guava,0.8013,1
3164.3,30.8,Clay,86.0,11.2,Medium,Banana,0.7342,1
281.6,23.8,Black,8.5,4.7,Low,Coconut,0.4333,1
2396.5,39.2,Alluvial,72.2,11.3,Low,Jackfruit,0.7183,0
2253.3,37.8,Alluvial,63.2,10.8,High,Jackfruit,0.8353,1
712.1,39.0,Alluvial,40.5,9.9,Low,Sapota,0.7629,1
3914.2,37.9,Red,78.9,6.2,High,Amla,0.567,0
2744.7,29.8,Clay,39.6,8.9,Medium,Amla,0.7041,1
2081.1,31.6,Black,88.5,7.8,Low,Mango,0.672,1
1347.3,25.9,Alluvial,70.4,11.4,Medium,Sapota,0.7702,1
1139.3,23.6,Loamy,65.6,11.4,Medium,Banana,0.8261,1
584.2,25.6,Clay,41.6,11.0,Medium,Banana,0.608,1
1372.4,23.5,Sandy,78.7,9.2,Medium,Coconut,0.724,0
1945.5,37.2,Loamy,57.9,10.7,Low,Coconut,0.8357,1
2885.7,26.9,Sandy,29.5,10.7,Low,Banana,0.6836,1
1844.8,39.4,Alluvial,43.9,7.0,Medium,Papaya,0.7525,1
1373.3,29.3,Black,30.2,5.7,High,Mango,0.7967,1
838.9,35.6,Alluvial,36.4,8.4,High,Mango,0.8297,1
447.7,29.4,Sandy,36.4,7.1,Medium,Pomegranate,0.7706,1
874.6,29.6,Sandy,24.4,9.9,Medium,Guava,0.854,1
1763.6,27.9,Black,74.6,10.9,Medium,Mango,0.7123,0
1120.9,21.6,Loamy,67.0,4.3,Medium,Lemon,0.7385,1
644.7,36.6,Alluvial,68.1,11.1,Medium,Sapota,0.7601,1
2021.9,41.5,Alluvial,92.8,10.9,High,Mango,0.5483,0
253.7,36.4,Alluvial,30.3,9.0,Low,Amla,0.7871,1
1369.5,34.0,Loamy,43.6,5.6,High,Lemon,0.8006,1
1169.7,32.6,Sandy,84.5,11.2,Low,Guava,0.7547,0
2295.4,33.0,Loamy,30.9,9.0,High,Sapota,0.6996,0
2232.4,28.1,Red,89.4,9.5,Low,Pomegranate,0.5588,1
1874.1,36.8,Black,29.0,6.0,Medium,Sapota,0.869,1
3901.3,43.2,Alluvial,35.8,5.9,Medium,Guava,0.4463,1
1721.0,19.2,Alluvial,91.9,8.5,Medium,Banana,0.7845,1
3097.3,40.1,Loamy,41.4,8.9,Medium,Mango,0.6077,0
1347.7,28.3,Alluvial,62.9,8.0,Medium,Sapota,0.8235,1
2731.6,42.7,Sandy,58.5,6.3,Medium,Coconut,0.6269,1
232.9,14.1,Loamy,93.5,3.3,Medium,Papaya,0.2825,1
1295.6,31.1,Loamy,30.4,9.6,Low,Mango,0.8102,1
3336.8,11.3,Red,7.7,10.6,High,Banana,0.524,0
483.1,25.0,Alluvial,80.4,7.9,Medium,Amla,0.8026,1
489.5,39.0,Loamy,14.6,10.3,High,Amla,0.9151,1
1986.9,20.8,Loamy,36.4,6.8,High,Jackfruit,0.7906,1
3002.3,13.7,Black,31.7,8.2,Low,Amla,0.621,0
3297.4,10.0,Black,50.5,5.1,Medium,Banana,0.5083,0
1071.5,25.7,Sandy,33.2,10.6,Medium,Lemon,0.8032,1
2352.4,18.2,Clay,32.9,11.7,High,Guava,0.7327,1
287.4,16.3,Clay,49.4,7.3,Medium,Amla,0.8072,0
3744.1,33.0,Alluvial,6.4,11.5,High,Jackfruit,0.5144,1
486.1,34.3,Alluvial,88.6,9.0,High,Sapota,0.6743,1
1237.5,40.6,Sandy,43.0,10.1,Medium,Sapota,0.7941,1
2260.5,36.5,Loamy,24.3,5.8,Medium,Mango,0.7668,1
1213.3,21.3,Clay,53.0,7.0,Medium,Papaya,0.6252,1
1963.8,22.4,Red,64.4,9.9,Medium,Coconut,0.805,1
3941.1,13.5,Red,77.3,8.8,Medium,Papaya,0.392,0
1804.3,28.7,Clay,56.0,11.1,Medium,Banana,0.7328,0
2388.4,41.8,Sandy,76.1,10.5,High,Papaya,0.5294,1
2711.0,19.0,Loamy,41.4,10.2,High,Banana,0.747,1
3324.9,36.8,Black,45.5,8.3,Medium,Jackfruit,0.5315,1
3503.8,14.0,Black,83.1,10.0,Low,Jackfruit,0.4628,0
1405.5,25.3,Black,66.6,7.7,Medium,Mango,0.7798,0
2633.2,24.8,Loamy,50.3,9.9,Low,Guava,0.7144,1
1734.3,28.7,Black,85.7,10.3,High,Mango,0.7293,1
2681.5,26.1,Red,61.1,6.6,Medium,Banana,0.7811,1
1487.3,21.7,Clay,58.7,9.3,Medium,Jackfruit,0.7749,0
620.6,32.1,Sandy,9.2,4.4,High,Pomegranate,0.8066,0
1292.9,29.1,Alluvial,50.8,8.8,Medium,Amla,0.8222,1
2796.2,37.6,Alluvial,56.0,9.3,Medium,Banana,0.7578,1
1300.8,22.3,Loamy,30.7,8.3,High,Pomegranate,0.7436,0
2466.7,47.6,Loamy,66.1,3.7,Low,Amla,0.5529,0
347.3,17.5,Alluvial,35.0,7.4,Low,Lemon,0.7025,0
1785.4,30.3,Loamy,51.5,8.6,Medium,Lemon,0.7715,1
1301.7,19.4,Sandy,62.5,7.0,Low,Sapota,0.827,1
980.7,25.4,Loamy,56.1,9.0,Low,Mango,0.7715,0
1620.3,23.6,Loamy,61.5,10.4,Medium,Mango,0.733,1
1945.9,18.9,Loamy,61.8,8.3,Low,Sapota,0.6767,1
3159.4,39.9,Red,65.2,4.1,Medium,Pomegranate,0.6008,0
448.2,36.8,Loamy,37.9,6.5,Medium,Lemon,0.6266,1
1430.4,37.6,Alluvial,47.3,10.7,Medium,Banana,0.7451,1
1775.2,38.4,Alluvial,74.1,5.5,Low,Sapota,0.7953,1
1522.7,30.8,Sandy,41.5,7.2,High,Pomegranate,0.752,1
742.0,21.1,Alluvial,36.3,5.6,Medium,Lemon,0.737,1
1959.7,30.3,Red,76.7,7.2,High,Mango,0.804,1
658.8,34.8,Red,60.8,6.6,Low,Sapota,0.8635,1
1146.1,34.8,Loamy,90.1,6.0,Low,Banana,0.7821,1
1886.9,19.3,Black,75.5,5.1,Medium,Sapota,0.7563,1
1029.0,41.0,Loamy,14.8,11.0,Low,Pomegranate,0.7901,1
1883.9,21.7,Loamy,49.9,8.4,Medium,Jackfruit,0.882,1
1973.0,32.9,Clay,89.9,6.7,High,Jackfruit,0.7011,1
3341.1,32.8,Black,94.1,5.9,High,Mango,0.4884,0
1558.3,22.9,Loamy,54.4,9.4,Low,Papaya,0.6643,1
1462.0,40.8,Loamy,75.1,10.0,Medium,Papaya,0.6929,1
354.8,25.5,Sandy,84.8,9.1,Medium,Guava,0.7965,1
478.3,31.5,Clay,19.7,6.8,Low,Amla,0.8,1
1603.8,22.3,Sandy,73.1,7.5,Low,Lemon,0.7472,1
1103.9,34.6,Alluvial,25.1,9.6,Medium,Coconut,0.7602,1
602.6,43.8,Black,5.6,10.8,Low,Amla,0.8435,1
2967.7,17.8,Sandy,45.5,8.1,Medium,Banana,0.6049,0
1858.8,27.2,Sandy,37.2,8.2,Low,Lemon,0.8198,1
1533.4,38.5,Alluvial,43.9,7.0,Medium,Coconut,0.7438,1
929.2,28.9,Loamy,20.7,9.5,Medium,Papaya,0.642,1
1904.4,37.3,Alluvial,37.5,10.5,Medium,Mango,0.7782,1
503.8,32.6,Red,23.6,8.2,Low,Amla,0.9082,0
3482.1,27.8,Red,43.9,11.5,Low,Lemon,0.5539,0
3901.6,12.6,Clay,55.0,9.4,Low,Sapota,0.4469,0
1725.9,25.6,Alluvial,35.9,9.3,Medium,Sapota,0.8394,1
2347.2,32.8,Loamy,40.2,7.9,High,Papaya,0.6474,1
1538.0,14.2,Alluvial,50.3,8.6,Medium,Lemon,0.7515,1
1781.5,33.5,Red,50.8,7.0,Medium,Coconut,0.7364,1
2001.6,41.4,Red,87.5,8.5,Medium,Papaya,0.6834,0
1361.8,39.5,Alluvial,49.3,8.3,Medium,Coconut,0.6925,0
809.5,32.5,Black,13.0,7.8,Medium,Amla,0.8899,1
937.7,18.3,Red,47.3,8.2,High,Jackfruit,0.7011,1
436.0,17.6,Alluvial,72.8,5.6,Low,Sapota,0.6329,1
1425.3,17.3,Alluvial,25.3,9.0,Low,Pomegranate,0.5897,0
1738.1,17.1,Sandy,86.9,5.5,Low,Guava,0.6485,1
2436.9,43.4,Red,43.3,9.5,High,Coconut,0.6479,1
1297.9,38.3,Sandy,50.1,8.4,Low,Papaya,0.6832,1
307.2,22.2,Sandy,46.6,8.4,High,Amla,0.8388,1
876.3,34.5,Alluvial,6.6,6.6,High,Amla,0.8583,1
612.8,38.6,Black,31.9,11.4,High,Pomegranate,0.8546,1
1526.5,23.1,Alluvial,62.8,6.9,Medium,Amla,0.9089,1
472.9,23.4,Loamy,36.2,10.9,Low,Pomegranate,0.7603,1
2281.5,28.0,Alluvial,30.5,9.9,Low,Lemon,0.6211,0
2308.6,21.3,Alluvial,60.0,6.8,Medium,Banana,0.824,0
1394.9,17.6,Clay,33.7,8.7,High,Guava,0.7141,1
1577.0,32.7,Red,58.5,8.2,Low,Jackfruit,0.8123,1
1759.4,36.5,Alluvial,49.0,8.3,Medium,Mango,0.795,1
1692.6,44.0,Clay,75.1,7.3,Medium,Amla,0.8005,1
3333.1,15.0,Alluvial,64.6,7.1,Low,Guava,0.5378,1
3032.3,33.6,Red,91.2,9.1,Medium,Banana,0.72,0
1656.1,26.3,Alluvial,56.8,11.7,Medium,Lemon,0.6766,1
856.4,36.8,Alluvial,66.5,9.1,Low,Mango,0.793,1
1086.1,26.0,Sandy,12.5,5.7,High,Amla,0.7656,0
2801.3,16.2,Black,27.8,9.8,Medium,Coconut,0.562,1
3392.9,11.2,Alluvial,18.5,10.1,Medium,Sapota,0.4865,1
229.0,19.5,Black,31.1,11.1,High,Pomegranate,0.7334,1
1888.2,38.7,Black,35.0,8.5,Low,Mango,0.7832,1
811.1,21.5,Loamy,56.9,11.2,Medium,Pomegranate,0.772,1
2435.1,27.4,Clay,42.7,10.9,High,Jackfruit,0.8023,1
512.2,44.4,Loamy,89.4,8.3,Low,Coconut,0.4837,1
530.6,30.6,Alluvial,45.2,8.9,Low,Amla,0.8249,1
2557.3,35.5,Red,57.3,10.0,Low,Banana,0.7664,1
2409.8,16.1,Sandy,74.3,5.9,Low,Papaya,0.4269,0
2978.0,27.7,Loamy,69.5,10.2,High,Jackfruit,0.727,1
1530.7,30.0,Loamy,59.5,8.9,Medium,Sapota,0.8463,1
527.6,21.8,Clay,35.9,6.3,High,Banana,0.6057,1
555.9,32.7,Black,55.3,8.2,Medium,Pomegranate,0.8168,1
1579.0,30.0,Sandy,76.1,11.3,Low,Lemon,0.7861,1
1090.1,26.1,Red,50.4,7.3,High,Lemon,0.737,1
2881.1,27.6,Black,60.2,5.5,Low,Guava,0.5859,1
735.3,35.3,Red,13.7,7.0,High,Amla,0.9715,1
2295.2,32.4,Loamy,49.6,10.2,Medium,Jackfruit,0.8258,1
1297.1,42.2,Red,49.7,7.3,High,Amla,0.8993,1
455.0,26.7,Loamy,41.4,11.6,High,Papaya,0.6132,0
720.7,16.9,Loamy,57.8,9.8,Medium,Pomegranate,0.7959,0
2907.0,25.9,Loamy,59.6,4.4,Medium,Papaya,0.5528,0
1068.4,30.6,Clay,92.1,4.3,High,Mango,0.6353,1
298.1,36.3,Alluvial,51.9,10.8,Medium,Amla,0.7729,1
2337.0,25.5,Red,68.7,7.8,Low,Coconut,0.6725,1
1748.7,29.9,Loamy,72.4,9.1,Low,Papaya,0.7137,1
3610.0,22.5,Loamy,11.2,11.9,High,Banana,0.56,1
2483.5,27.8,Sandy,10.5,3.1,High,Jackfruit,0.6397,1
2583.2,18.9,Clay,79.5,10.7,Medium,Banana,0.7254,0
3821.7,17.2,Black,62.3,5.7,Medium,Papaya,0.3857,0
720.9,13.9,Red,42.1,11.7,Medium,Guava,0.6969,1
671.5,29.7,Clay,82.1,7.3,Medium,Papaya,0.6259,0
1730.1,36.4,Alluvial,46.1,9.6,High,Lemon,0.7504,0
470.7,35.9,Alluvial,19.5,6.1,Low,Guava,0.7993,1
3582.5,43.9,Alluvial,5.5,9.7,Medium,Banana,0.469,0
3098.7,32.5,Sandy,17.8,7.7,Medium,Banana,0.5867,0
3668.1,41.2,Red,45.3,5.8,Medium,Coconut,0.4966,1
1502.7,25.0,Loamy,59.3,10.2,Medium,Mango,0.7873,1
1889.6,19.2,Sandy,76.1,9.9,Low,Lemon,0.6658,1
870.7,41.4,Loamy,30.0,7.1,Low,Mango,0.7019,1
1275.4,35.4,Red,56.5,10.5,Medium,Guava,0.8563,1
2084.1,18.5,Black,51.5,11.9,Medium,Papaya,0.612,0
1048.3,14.0,Loamy,69.0,6.4,High,Lemon,0.6381,0
1136.9,36.9,Red,18.8,6.8,High,Amla,0.8879,1
1010.5,30.4,Loamy,66.9,6.5,Medium,Mango,0.7275,1
2133.8,32.1,Red,52.8,10.5,High,Coconut,0.8656,1
4140.9,19.2,Red,67.0,3.7,Medium,Amla,0.56,1
2440.4,44.2,Loamy,7.8,5.4,High,Guava,0.5492,0
516.4,31.0,Alluvial,76.9,9.7,Medium,Lemon,0.7002,0
1870.5,21.7,Loamy,59.7,7.9,High,Papaya,0.7776,1
1639.3,32.3,Loamy,60.9,6.0,Low,Guava,0.848,1
2046.3,47.3,Black,91.0,3.2,Low,Jackfruit,0.4774,0
1498.5,22.2,Alluvial,50.3,10.4,Medium,Coconut,0.8228,1
1494.1,16.9,Clay,66.2,10.7,Medium,Jackfruit,0.7169,1
857.8,37.2,Alluvial,48.2,8.8,Medium,Pomegranate,0.8252,1
1314.1,26.9,Clay,88.2,5.3,Low,Guava,0.8483,1
2613.0,23.7,Alluvial,44.9,10.4,High,Banana,0.8383,1
3448.0,45.4,Sandy,28.9,4.1,Medium,Pomegranate,0.4196,1
1921.5,30.1,Alluvial,69.7,8.4,High,Mango,0.8053,1
3280.8,23.4,Alluvial,60.3,6.0,High,Coconut,0.7103,0
1640.2,23.7,Alluvial,92.7,9.2,Medium,Coconut,0.8173,1
1548.5,34.4,Loamy,27.5,9.3,High,Jackfruit,0.737,0
706.6,44.2,Loamy,76.8,5.5,High,Jackfruit,0.6597,1
764.6,19.3,Red,78.7,9.0,Medium,Guava,0.8453,1
2875.3,23.0,Loamy,77.0,6.0,Low,Coconut,0.7091,1
1552.8,12.2,Black,69.6,4.2,High,Amla,0.7104,0
1057.3,31.2,Loamy,92.8,4.8,Low,Banana,0.6621,1
2812.0,35.7,Alluvial,67.8,3.6,Medium,Amla,0.6451,0
1592.9,34.0,Red,49.9,9.7,Medium,Papaya,0.7985,1
829.0,32.9,Sandy,46.0,8.4,High,Amla,0.9037,1
2976.6,12.9,Red,13.3,11.7,Medium,Papaya,0.4345,1
1950.7,18.2,Alluvial,69.4,8.3,Medium,Papaya,0.6335,1
532.6,38.7,Clay,64.6,8.4,Medium,Sapota,0.6285,0
1656.7,23.0,Red,26.7,7.4,High,Lemon,0.7731,1
1097.9,20.9,Loamy,46.8,9.3,Medium,Guava,0.8976,1
2373.9,26.5,Sandy,72.2,9.1,High,Coconut,0.7968,1
2600.1,21.9,Red,83.3,10.4,High,Banana,0.8431,1
2313.5,45.1,Red,48.4,3.4,High,Papaya,0.5276,0
1310.1,24.9,Red,50.1,6.1,Medium,Lemon,0.7983,0
550.6,28.7,Loamy,25.1,8.2,Medium,Sapota,0.7362,0
1023.2,28.2,Sandy,62.1,5.7,High,Lemon,0.7657,1
1388.3,39.7,Alluvial,20.5,7.6,Low,Guava,0.7228,0
2026.0,31.0,Alluvial,44.2,9.8,Medium,Coconut,0.8187,1
1434.5,27.7,Red,71.7,11.2,High,Coconut,0.7972,1
621.8,16.2,Sandy,43.0,11.0,High,Pomegranate,0.7246,1
1021.4,35.8,Alluvial,30.0,6.9,Medium,Amla,0.9031,1
1051.8,24.6,Sandy,71.1,7.4,Low,Pomegranate,0.8485,1
878.5,21.1,Sandy,34.6,9.6,Medium,Pomegranate,0.8239,0
1883.7,31.2,Clay,47.5,5.1,Low,Jackfruit,0.8382,1
1608.2,23.4,Alluvial,40.1,10.4,Medium,Papaya,0.8177,1
2320.9,20.8,Alluvial,36.5,5.4,Low,Guava,0.7518,1
1128.9,37.4,Red,56.7,7.6,Medium,Pomegranate,0.8068,1
2307.5,46.0,Black,36.8,5.3,Low,Pomegranate,0.3276,0
843.8,40.2,Black,71.7,11.1,Low,Coconut,0.5129,0
1858.0,25.1,Alluvial,63.8,10.8,Low,Papaya,0.7449,0
888.7,24.5,Alluvial,19.4,6.2,Low,Lemon,0.8524,1
757.6,38.6,Red,40.1,9.5,Medium,Mango,0.7467,1
2980.4,36.1,Alluvial,30.8,11.0,Low,Coconut,0.7545,1
1787.7,23.4,Alluvial,62.0,11.5,Medium,Papaya,0.7081,1
1528.9,21.7,Red,36.2,7.7,Medium,Jackfruit,0.7522,0
217.6,29.9,Red,35.8,10.6,High,Amla,0.8201,1
1923.4,30.1,Alluvial,35.8,7.6,Low,Guava,0.7232,1
1664.8,25.8,Loamy,53.5,11.4,Low,Banana,0.7431,0
482.2,17.8,Sandy,33.4,6.2,Medium,Sapota,0.684,1
2461.1,29.2,Red,49.0,5.6,High,Mango,0.785,1
775.1,27.8,Alluvial,7.5,6.9,Low,Pomegranate,0.7715,1
1064.5,24.3,Loamy,89.7,5.0,Medium,Jackfruit,0.6578,0
2559.7,35.1,Red,6.8,9.0,High,Pomegranate,0.5819,0
1557.8,25.7,Alluvial,36.2,4.8,Low,Banana,0.7276,1
1760.6,34.2,Sandy,65.3,7.9,Low,Guava,0.9193,1
801.6,20.8,Sandy,91.0,10.5,High,Coconut,0.6516,1
1874.1,24.6,Loamy,67.5,8.5,Medium,Jackfruit,0.7265,1
3136.4,24.6,Loamy,50.0,7.9,Medium,Banana,0.7295,0
1387.1,30.6,Black,36.1,6.7,High,Mango,0.7687,1
2369.1,29.0,Alluvial,64.0,8.5,High,Mango,0.7492,1
672.4,34.9,Alluvial,55.1,10.2,High,Lemon,0.8656,1
2991.6,12.1,Sandy,49.8,6.6,High,Pomegranate,0.4291,1
648.7,15.4,Alluvial,21.5,8.9,High,Lemon,0.7889,1
792.9,31.8,Red,58.3,6.6,Medium,Pomegranate,0.7186,1
1871.9,46.3,Black,29.2,6.4,Low,Banana,0.4539,0
1041.9,26.5,Loamy,59.6,6.7,Medium,Banana,0.7374,1
500.7,34.8,Alluvial,48.2,7.9,Medium,Lemon,0.7494,1
1315.1,23.2,Clay,36.4,7.5,Medium,Guava,0.8807,1
2097.7,16.9,Black,60.3,10.3,Medium,Sapota,0.5963,1
2056.4,23.0,Sandy,75.1,8.8,Medium,Sapota,0.7762,1
1552.3,29.6,Loamy,61.3,6.0,High,Mango,0.7514,1
582.4,17.0,Red,19.7,11.1,Medium,Guava,0.8031,1
1431.5,19.2,Alluvial,65.6,5.5,Low,Lemon,0.7408,1
853.8,20.2,Sandy,31.4,7.2,Medium,Pomegranate,0.8725,0
601.5,24.7,Red,41.1,11.2,High,Mango,0.7153,1
1989.5,29.4,Red,70.5,9.9,Medium,Banana,0.7125,1
1123.8,23.5,Clay,37.6,9.8,Low,Amla,0.7886,1
1277.9,40.0,Sandy,18.2,11.5,High,Pomegranate,0.7586,1
885.8,25.9,Alluvial,27.7,9.3,Low,Amla,0.8316,1
870.7,27.3,Alluvial,23.0,10.0,High,Sapota,0.7946,1
2135.8,37.3,Black,47.9,6.3,Medium,Papaya,0.6436,1
4121.7,30.7,Alluvial,90.5,4.6,Medium,Mango,0.4717,1
312.1,33.1,Loamy,51.4,11.2,Low,Guava,0.7305,0
2178.4,27.6,Alluvial,32.1,5.1,High,Jackfruit,0.7539,0
259.5,27.1,Red,24.8,8.6,Medium,Amla,0.9085,1
624.6,21.9,Red,55.4,11.3,High,Sapota,0.8622,1
3037.1,24.0,Clay,66.9,5.0,Low,Banana,0.6741,1
2349.0,17.6,Clay,48.2,5.3,Low,Jackfruit,0.7668,1
2104.5,28.3,Loamy,27.8,4.5,Medium,Lemon,0.639,1
1316.2,40.4,Loamy,20.8,9.0,Low,Mango,0.6731,1
1481.3,30.8,Sandy,59.6,7.3,High,Banana,0.7404,1
2588.2,41.4,Alluvial,87.1,8.1,Medium,Pomegranate,0.4099,0
1091.1,29.3,Loamy,49.7,10.6,High,Pomegranate,0.7598,1
1374.7,23.0,Alluvial,23.8,9.2,Medium,Guava,0.8389,1
3727.5,18.0,Clay,19.5,10.9,Medium,Coconut,0.3737,1
2984.2,34.3,Alluvial,37.1,6.4,High,Coconut,0.7237,1
2805.1,12.1,Black,78.0,11.4,Medium,Banana,0.5316,0
2047.4,24.9,Red,88.0,6.0,High,Sapota,0.7027,1
1334.9,24.4,Alluvial,86.2,11.4,Medium,Coconut,0.8261,1
1915.7,28.7,Loamy,65.6,6.9,Medium,Papaya,0.7129,1
400.2,31.5,Loamy,34.3,7.4,Medium,Lemon,0.6951,1
677.9,21.6,Red,48.4,7.4,Low,Sapota,0.7918,0
818.1,16.1,Alluvial,69.0,10.4,Low,Guava,0.7631,1
1501.7,16.1,Alluvial,80.8,11.2,Medium,Sapota,0.7602,1
1136.2,33.9,Black,64.9,9.2,Medium,Pomegranate,0.7748,0
1976.3,30.9,Loamy,50.2,10.2,Low,Coconut,0.7801,0
1058.3,31.4,Red,20.9,9.6,Low,Amla,0.8915,1
2801.6,21.6,Clay,35.1,11.2,Medium,Banana,0.6781,1
1086.0,33.8,Loamy,37.3,10.9,Low,Pomegranate,0.7916,1
1454.3,25.6,Clay,62.3,8.7,Medium,Amla,0.8532,1
2243.2,31.2,Sandy,42.0,7.1,Low,Guava,0.7407,1
1364.0,29.8,Loamy,40.2,11.6,Medium,Guava,0.8798,1
3344.2,27.5,Black,6.8,4.5,Low,Guava,0.5484,1
1780.1,24.2,Red,28.4,8.8,Medium,Guava,0.863,0
2301.2,47.4,Sandy,76.8,7.2,Low,Pomegranate,0.3721,0
1756.7,29.5,Loamy,43.5,6.4,Low,Lemon,0.7574,1
1334.6,29.3,Black,22.7,9.7,Low,Sapota,0.784,0
769.9,37.8,Sandy,55.0,10.1,Medium,Coconut,0.706,1
1331.7,31.9,Black,57.1,10.9,Low,Amla,0.9191,0
1517.0,31.1,Loamy,30.9,10.1,Low,Mango,0.7995,1
2834.4,41.7,Black,8.7,10.5,Low,Amla,0.6979,1
2703.4,43.7,Black,87.4,10.4,Medium,Jackfruit,0.5066,0
998.1,28.3,Sandy,82.3,9.2,Medium,Coconut,0.781,1
1061.7,16.9,Loamy,39.2,5.1,Medium,Sapota,0.7961,1
1307.0,30.0,Clay,92.5,8.9,High,Banana,0.7545,1
492.8,24.8,Black,24.3,8.4,Medium,Amla,0.8951,1
1357.2,40.2,Alluvial,43.6,6.8,Medium,Papaya,0.7304,0
2409.8,32.0,Clay,33.8,11.6,Low,Banana,0.6656,0
3000.3,27.1,Alluvial,25.8,7.3,Medium,Lemon,0.5782,0
772.2,21.1,Black,89.4,5.4,Medium,Sapota,0.7748,1
2381.9,25.8,Red,52.6,11.4,Low,Coconut,0.8296,0
1958.8,28.2,Loamy,79.2,11.1,Medium,Coconut,0.7457,1
989.1,38.5,Clay,57.4,5.8,High,Guava,0.7389,1
2719.5,20.4,Loamy,65.7,7.3,Low,Coconut,0.7739,1
1114.0,29.6,Loamy,27.7,11.3,Medium,Mango,0.8289,1
3315.0,21.8,Red,44.4,7.9,Low,Jackfruit,0.6404,1
3271.5,41.2,Black,7.4,3.5,Low,Coconut,0.4233,0
2275.2,14.5,Red,63.3,8.5,Low,Amla,0.6364,1
1019.5,40.2,Red,48.5,9.5,High,Sapota,0.8038,1
841.1,20.9,Alluvial,27.2,6.2,Medium,Sapota,0.7435,1
992.9,28.6,Red,75.1,6.7,Low,Mango,0.725,1
1108.3,28.2,Loamy,50.6,7.8,High,Banana,0.7748,1
3076.9,25.5,Clay,53.0,9.3,High,Banana,0.6963,1
611.5,30.0,Alluvial,37.4,8.9,Low,Papaya,0.6185,0
1711.9,31.8,Clay,81.2,9.0,Medium,Banana,0.8284,1
533.5,25.3,Black,54.9,7.5,High,Mango,0.7113,1
2472.0,40.9,Alluvial,79.5,7.7,High,Mango,0.6419,1
1958.9,39.5,Clay,33.5,11.2,Medium,Guava,0.7408,0
959.5,38.1,Red,33.4,6.7,Low,Sapota,0.8204,0
537.4,26.0,Alluvial,44.1,10.1,Medium,Pomegranate,0.8294,1
1499.2,25.8,Alluvial,35.0,6.5,Low,Papaya,0.7582,1
1542.9,35.0,Black,71.4,6.6,High,Pomegranate,0.6496,0
1181.5,21.9,Loamy,53.4,7.5,Medium,Guava,0.8799,1
1424.7,34.9,Alluvial,15.7,9.9,Medium,Lemon,0.7674,0
3106.0,37.3,Red,73.5,8.6,High,Pomegranate,0.5762,1
2570.7,25.6,Black,27.5,6.1,Low,Mango,0.6402,1
1605.8,34.1,Red,62.1,4.7,High,Coconut,0.7135,1
2073.8,31.9,Alluvial,77.2,6.9,Medium,Banana,0.8456,1
1738.7,43.6,Alluvial,71.1,9.5,Medium,Amla,0.7552,1
1704.6,28.0,Red,79.1,3.9,Low,Banana,0.7818,1
759.8,41.2,Red,71.3,10.3,Low,Pomegranate,0.7589,1
3577.8,27.1,Sandy,94.2,4.4,Medium,Sapota,0.5208,0
3822.7,24.9,Clay,8.6,3.0,High,Papaya,0.4109,0
1545.6,33.5,Sandy,28.7,11.2,Low,Lemon,0.807,1
1867.8,44.8,Loamy,13.9,8.9,Low,Coconut,0.5822,1
1066.4,36.8,Loamy,44.3,8.5,High,Pomegranate,0.8153,1
3176.2,32.1,Clay,37.2,9.3,Medium,Amla,0.6776,1
1631.4,29.2,Alluvial,86.6,5.6,Low,Jackfruit,0.8119,0
3589.1,47.5,Clay,63.3,3.8,Low,Coconut,0.463,1
1582.1,24.1,Sandy,59.9,5.5,Medium,Guava,0.8567,0
1278.4,23.4,Alluvial,31.7,6.9,High,Lemon,0.856,1
1816.0,18.8,Loamy,20.7,7.5,High,Lemon,0.8117,1
1924.7,41.8,Loamy,68.6,9.9,Medium,Mango,0.6532,1
727.3,25.2,Loamy,64.1,6.7,Medium,Sapota,0.7685,1
1875.4,24.8,Clay,46.5,9.6,Medium,Jackfruit,0.738,1
3310.0,25.5,Clay,13.8,5.6,Low,Amla,0.6996,1
1194.5,35.9,Red,54.5,8.6,High,Papaya,0.7014,0
2878.6,20.1,Sandy,87.4,10.1,Medium,Coconut,0.6489,1
1085.2,26.6,Sandy,39.8,10.1,Medium,Papaya,0.736,1
1548.1,22.7,Loamy,17.2,7.7,Medium,Guava,0.7848,1
2101.6,24.2,Alluvial,56.5,6.1,Low,Jackfruit,0.791,1
2571.4,22.7,Alluvial,63.1,9.1,Medium,Banana,0.8577,0
1330.2,41.0,Alluvial,29.8,3.7,Low,Pomegranate,0.6475,1
1366.6,20.4,Loamy,54.7,10.0,High,Pomegranate,0.765,1
2136.3,24.9,Clay,17.4,7.9,Low,Guava,0.787,1
637.1,13.9,Clay,31.4,4.1,Low,Lemon,0.6533,1
1183.8,41.6,Clay,51.1,9.8,Medium,Amla,0.8691,1
490.8,36.4,Loamy,64.8,10.1,Low,Pomegranate,0.7758,1
403.1,11.7,Black,89.3,4.8,Low,Jackfruit,0.3678,0
1675.0,22.5,Alluvial,69.5,10.6,High,Jackfruit,0.7505,1
1065.1,16.9,Alluvial,84.0,9.0,Medium,Sapota,0.7887,1
1545.6,12.7,Sandy,34.3,4.7,High,Papaya,0.5505,1
698.7,27.4,Alluvial,71.5,9.3,Medium,Pomegranate,0.7735,1
930.1,34.6,Alluvial,68.6,7.9,Medium,Pomegranate,0.7232,1
1373.2,27.3,Alluvial,18.6,10.7,Medium,Guava,0.8571,1
816.8,23.0,Loamy,50.4,8.8,Medium,Lemon,0.794,1
3156.3,20.5,Sandy,30.3,11.7,High,Mango,0.4849,0
1016.8,29.5,Loamy,77.8,9.1,Medium,Sapota,0.8587,1
1290.5,22.7,Clay,30.8,5.6,High,Guava,0.8387,1
1570.7,22.1,Alluvial,39.9,7.4,High,Mango,0.7946,1
1748.5,19.8,Red,72.3,5.5,Medium,Guava,0.8674,1
676.3,22.0,Black,83.2,6.9,Medium,Mango,0.7006,0
1886.7,32.9,Loamy,50.1,7.8,High,Mango,0.736,0
1301.5,22.2,Sandy,44.2,11.5,High,Coconut,0.7705,1
1446.7,17.6,Alluvial,28.9,5.2,Medium,Papaya,0.6226,0
692.0,25.4,Alluvial,57.4,7.9,Medium,Pomegranate,0.8089,1
1826.7,39.5,Black,67.0,7.7,High,Papaya,0.6456,0
1964.0,28.3,Red,93.7,6.0,Low,Lemon,0.6201,0
1507.2,32.3,Clay,40.0,9.4,High,Banana,0.7882,1
1580.1,29.7,Loamy,89.0,10.4,High,Guava,0.8939,1
1107.4,18.9,Alluvial,14.0,7.0,Low,Pomegranate,0.7563,1
3756.1,14.8,Black,53.0,11.6,High,Lemon,0.4574,0
3781.6,38.9,Black,9.3,6.3,High,Guava,0.4858,0
1498.4,25.9,Clay,66.4,6.2,Low,Guava,0.8334,1
3450.5,14.9,Red,6.7,9.2,Low,Mango,0.3731,0
4025.8,31.2,Red,90.0,5.3,High,Amla,0.5603,1
2882.2,26.6,Sandy,83.6,9.1,Medium,Lemon,0.4974,1
1472.0,26.7,Alluvial,61.7,10.9,Low,Mango,0.7109,1
2502.5,27.1,Loamy,86.9,6.7,Medium,Banana,0.7851,0
548.2,23.2,Red,75.3,9.6,Medium,Amla,0.8587,1
2344.5,33.7,Sandy,80.3,7.3,Low,Lemon,0.6441,0
854.6,43.1,Clay,29.5,3.7,High,Guava,0.6933,0
2826.4,26.9,Red,62.1,5.4,Low,Sapota,0.5796,1
2226.3,41.0,Clay,80.3,6.2,Medium,Guava,0.6038,1
1259.8,28.9,Alluvial,73.9,11.4,High,Jackfruit,0.7401,1
845.0,34.8,Alluvial,40.8,9.9,Medium,Sapota,0.7922,1
3299.4,41.7,Alluvial,74.6,7.4,Medium,Pomegranate,0.507,1
949.6,23.5,Loamy,81.8,7.4,High,Coconut,0.8378,1
2406.9,31.7,Clay,31.7,8.4,Low,Jackfruit,0.758,0
2117.0,40.9,Sandy,31.7,8.4,Low,Sapota,0.7018,0
4177.4,15.5,Sandy,31.7,9.7,High,Jackfruit,0.5201,1
2589.5,20.9,Loamy,80.0,7.1,Medium,Jackfruit,0.7793,1
970.8,33.3,Loamy,45.4,9.5,Medium,Sapota,0.8196,1
1272.2,29.8,Sandy,27.1,11.7,Low,Coconut,0.8345,1
904.1,21.5,Alluvial,26.8,9.7,Medium,Coconut,0.7312,1
3905.0,39.0,Red,22.3,3.8,Medium,Papaya,0.4754,1
2549.6,27.5,Clay,36.2,9.0,Medium,Banana,0.8234,1
3657.7,17.6,Black,36.5,9.4,Medium,Pomegranate,0.5907,0
1971.6,32.0,Loamy,61.6,10.8,Medium,Jackfruit,0.8044,1
1727.4,27.8,Sandy,19.8,5.9,Low,Lemon,0.7678,0
2057.7,15.2,Alluvial,35.7,4.5,Medium,Mango,0.6635,0
1860.7,21.3,Alluvial,82.5,8.8,Medium,Jackfruit,0.7266,1
1072.8,38.6,Loamy,52.9,8.5,High,Coconut,0.7551,1
1258.6,37.0,Red,48.6,11.0,Medium,Jackfruit,0.7833,1
920.5,31.0,Clay,67.0,8.3,High,Jackfruit,0.7944,1
3347.2,43.1,Black,26.9,4.4,Medium,Papaya,0.3263,0
2037.9,38.3,Alluvial,66.3,5.1,Low,Guava,0.8033,0
3849.8,40.9,Alluvial,86.4,11.9,Low,Jackfruit,0.4285,1
2798.3,20.4,Alluvial,32.6,8.4,Low,Sapota,0.6643,0
2767.0,33.5,Red,62.6,6.9,Low,Coconut,0.7699,0
1998.0,21.4,Loamy,76.1,9.8,Medium,Coconut,0.8142,1
2427.6,18.8,Clay,57.1,10.4,Medium,Sapota,0.6729,1
563.9,19.8,Sandy,22.0,10.0,High,Sapota,0.8049,1
2926.0,24.5,Loamy,40.0,6.3,Medium,Coconut,0.7332,1
1934.4,32.0,Sandy,57.1,6.4,Medium,Papaya,0.7637,1
1330.8,39.3,Loamy,68.1,8.1,Low,Pomegranate,0.7238,1
1673.8,24.4,Loamy,55.7,10.0,Medium,Banana,0.7401,1
2044.4,31.1,Alluvial,77.5,8.8,High,Mango,0.685,1
1335.4,21.6,Loamy,19.9,6.9,Medium,Pomegranate,0.7946,1
2534.3,35.7,Red,82.6,3.2,Low,Pomegranate,0.5043,1
881.5,21.2,Alluvial,39.5,9.1,High,Guava,0.8447,1
2592.5,21.2,Loamy,63.9,7.9,Low,Mango,0.5856,0
1600.3,33.0,Sandy,20.3,7.8,Medium,Papaya,0.68,1
2099.8,38.3,Red,42.5,8.5,High,Coconut,0.7127,1
1283.0,16.7,Red,72.3,10.4,Medium,Guava,0.7949,1
1502.5,16.1,Sandy,72.6,3.4,High,Papaya,0.5485,0
436.2,29.5,Loamy,21.9,11.4,High,Pomegranate,0.7388,1
967.6,24.4,Alluvial,46.2,10.8,Medium,Papaya,0.8357,1
1310.0,32.5,Loamy,81.4,5.6,Low,Lemon,0.7662,1
572.8,34.1,Alluvial,54.5,9.5,Medium,Mango,0.7256,1
869.1,16.7,Loamy,53.8,7.2,High,Lemon,0.7278,0
398.2,31.2,Sandy,38.5,8.4,Low,Lemon,0.809,1
2363.6,27.3,Alluvial,59.7,10.0,Low,Coconut,0.7642,1
1680.2,23.9,Red,78.7,11.3,Medium,Sapota,0.7247,1
1124.3,17.4,Red,31.0,9.3,Medium,Coconut,0.663,1
2730.4,36.5,Alluvial,29.2,9.0,Medium,Coconut,0.7773,1
2305.2,18.0,Alluvial,66.0,11.0,High,Jackfruit,0.7682,1
2887.4,28.7,Red,75.4,7.4,Low,Guava,0.6995,0
1835.2,17.0,Clay,32.4,5.9,Medium,Jackfruit,0.7904,0
1319.1,31.5,Loamy,12.9,6.7,Medium,Mango,0.6934,1
459.0,34.1,Red,61.7,8.0,Medium,Mango,0.6246,0
1790.0,24.0,Sandy,85.2,11.4,Low,Sapota,0.817,1
1201.7,32.3,Red,37.8,5.7,Medium,Mango,0.7198,0
581.2,43.6,Black,79.0,8.1,Low,Lemon,0.51,0
1965.1,26.7,Clay,36.4,10.8,Low,Guava,0.7506,1
1927.4,22.9,Black,29.3,7.2,Medium,Sapota,0.7459,1
3700.1,33.3,Red,21.9,5.6,Low,Guava,0.6109,1
909.8,19.6,Alluvial,39.7,6.8,Medium,Jackfruit,0.7146,0
1113.5,33.4,Loamy,65.1,10.6,Medium,Amla,0.8573,0
203.0,32.6,Red,69.7,8.6,Medium,Mango,0.5928,1
622.9,22.1,Loamy,72.3,11.4,Medium,Papaya,0.6619,1
1071.7,30.3,Loamy,63.4,11.4,High,Pomegranate,0.7705,0
790.1,31.3,Sandy,10.2,9.7,Medium,Pomegranate,0.803,1
3873.7,37.3,Sandy,9.3,10.9,Low,Banana,0.4349,1
795.0,32.2,Alluvial,71.1,8.7,Medium,Coconut,0.7272,1
969.7,27.5,Sandy,79.2,7.6,High,Papaya,0.6932,0
931.8,27.0,Alluvial,45.8,11.1,Medium,Amla,0.9147,1
399.7,23.0,Red,84.1,6.1,High,Guava,0.7616,0
2440.6,32.0,Loamy,46.6,6.7,Medium,Coconut,0.8025,1
1268.5,24.8,Clay,17.7,5.6,High,Amla,0.8059,1
525.4,18.9,Red,21.7,9.9,Low,Mango,0.6487,0
2386.0,20.9,Sandy,79.5,11.4,High,Coconut,0.7472,0
1282.8,36.1,Loamy,69.7,7.4,Medium,Guava,0.8804,1
2257.5,31.8,Clay,55.6,7.5,Medium,Banana,0.8289,1
3565.2,12.3,Clay,33.8,4.3,High,Banana,0.446,1
1604.0,39.6,Red,81.2,5.5,Medium,Sapota,0.8343,1
2553.2,22.3,Red,71.9,7.5,Medium,Mango,0.7131,0
4152.3,44.2,Black,63.7,5.8,High,Mango,0.4615,0
1797.7,36.4,Sandy,55.6,7.9,High,Papaya,0.7184,1
1572.1,19.6,Red,31.8,11.2,Low,Mango,0.7711,1
1824.1,36.1,Loamy,20.9,6.0,High,Sapota,0.8406,1
1974.1,21.2,Black,25.5,7.1,Medium,Sapota,0.7864,1
886.0,16.6,Black,24.0,6.0,Medium,Pomegranate,0.7333,1
1324.9,21.1,Red,7.5,5.3,High,Lemon,0.7376,0
934.2,17.5,Red,55.7,11.0,Medium,Pomegranate,0.816,0
777.2,27.9,Red,14.0,9.2,Low,Pomegranate,0.7553,1
886.3,34.8,Red,59.3,9.2,Low,Lemon,0.7488,1
727.1,14.6,Alluvial,49.5,5.5,Low,Guava,0.7036,1
2374.8,36.8,Clay,5.3,8.8,Medium,Pomegranate,0.5649,0
1366.3,20.7,Black,68.7,7.6,High,Lemon,0.7896,0
891.2,36.3,Sandy,31.4,10.7,Medium,Pomegranate,0.8257,1
1578.6,45.2,Sandy,41.6,5.0,High,Sapota,0.7122,0
3285.0,11.5,Red,22.5,7.8,High,Mango,0.4878,0
2096.2,34.6,Sandy,71.2,8.6,Low,Coconut,0.8133,1
970.0,17.2,Alluvial,50.8,10.9,Low,Guava,0.8279,1
3193.9,34.6,Red,79.1,4.9,Low,Banana,0.7053,1
1449.8,22.8,Sandy,54.4,9.2,High,Sapota,0.8601,1
1063.1,32.0,Red,54.6,8.1,Medium,Amla,0.9003,1
1457.6,24.9,Black,79.9,9.0,High,Amla,0.825,1
3485.1,41.8,Black,65.1,6.6,Medium,Coconut,0.452,1
2309.1,44.4,Red,19.7,8.8,Medium,Mango,0.6022,1
236.4,12.9,Clay,27.5,9.0,Low,Mango,0.4087,0
2148.1,26.7,Clay,41.7,6.3,Low,Banana,0.7899,0
1592.1,20.4,Red,72.8,10.7,Low,Mango,0.805,1
2540.7,39.4,Red,46.6,4.8,Medium,Banana,0.6906,1
490.0,35.1,Black,70.4,11.3,High,Pomegranate,0.6946,1
3083.0,22.8,Black,51.0,5.1,Low,Pomegranate,0.5581,0
1162.5,27.2,Black,72.1,9.3,Medium,Amla,0.8851,1
1745.0,36.9,Loamy,73.0,6.0,Medium,Banana,0.7322,0
3794.4,42.6,Loamy,39.0,7.4,Medium,Papaya,0.5011,1
4132.6,24.6,Sandy,39.0,11.1,Medium,Lemon,0.6026,1
1305.2,41.6,Sandy,71.7,11.0,Medium,Sapota,0.7912,1
3887.0,32.8,Red,10.3,7.1,Medium,Papaya,0.5358,0
2793.3,33.0,Loamy,56.5,10.5,High,Jackfruit,0.7572,0
1705.2,34.9,Sandy,39.3,11.3,Low,Coconut,0.856,1
2002.2,30.3,Red,76.9,8.5,High,Guava,0.8649,1
1711.6,30.1,Alluvial,30.1,6.3,High,Jackfruit,0.7201,1
1943.6,33.3,Red,67.1,5.6,Medium,Jackfruit,0.7729,1
1809.6,21.8,Loamy,50.8,9.8,Medium,Mango,0.7064,1
3454.7,44.4,Loamy,21.5,5.1,Medium,Amla,0.6808,1
1404.1,28.1,Sandy,44.9,5.8,Low,Guava,0.8489,1
2037.0,28.6,Sandy,25.3,8.7,Low,Guava,0.7604,1
223.9,35.0,Alluvial,49.7,7.8,Medium,Pomegranate,0.7393,1
1016.0,41.4,Sandy,55.2,3.5,Low,Mango,0.5674,1
1960.9,25.8,Alluvial,43.8,8.7,Low,Coconut,0.8491,1
2103.7,27.5,Clay,16.3,11.7,Medium,Coconut,0.6674,1
1825.6,26.4,Alluvial,26.3,9.9,Medium,Papaya,0.7193,0
1327.7,29.8,Sandy,83.6,8.3,Medium,Guava,0.7921,1
1056.0,41.7,Loamy,93.7,5.2,Low,Lemon,0.5794,1
1630.2,27.6,Alluvial,63.4,9.2,Low,Jackfruit,0.7994,1
2078.8,35.4,Loamy,26.7,7.5,Medium,Guava,0.724,1
1691.5,32.6,Sandy,74.4,6.7,Medium,Guava,0.8028,1
3529.5,10.8,Black,31.8,3.5,Low,Banana,0.347,1
1839.5,26.3,Alluvial,68.5,9.7,Medium,Lemon,0.7216,1
2671.0,33.2,Sandy,85.1,7.5,Low,Coconut,0.8497,1
1189.3,19.7,Alluvial,37.7,10.4,Medium,Amla,0.8708,1
1126.2,45.8,Loamy,8.9,7.0,Medium,Mango,0.6002,1
1236.7,32.7,Clay,86.4,6.9,Medium,Guava,0.8208,0
2635.3,29.7,Alluvial,93.1,10.4,Medium,Coconut,0.6574,0
1748.7,20.7,Alluvial,60.9,10.5,Low,Lemon,0.731,1
1474.7,34.7,Red,87.4,6.2,Low,Sapota,0.7826,1
2795.3,35.8,Loamy,84.0,10.7,High,Coconut,0.729,0
216.6,22.8,Black,9.1,10.7,High,Papaya,0.4569,1
2042.3,27.0,Red,34.8,9.7,Low,Papaya,0.7076,0
1222.2,24.5,Alluvial,81.9,6.1,High,Guava,0.8223,1
522.0,42.9,Red,46.6,8.5,High,Amla,0.8758,1
3614.2,10.3,Sandy,26.4,3.5,Medium,Sapota,0.4323,0
1667.4,36.2,Alluvial,9.1,6.9,Low,Pomegranate,0.6202,1
1163.9,35.1,Loamy,22.6,5.7,High,Lemon,0.7564,1
581.5,32.0,Sandy,49.9,8.3,Medium,Lemon,0.7699,1
1518.1,38.9,Loamy,78.0,7.8,Low,Guava,0.7413,1
1767.3,23.2,Loamy,87.6,9.3,Low,Banana,0.7192,1
901.4,24.1,Alluvial,64.3,11.5,Medium,Coconut,0.7996,1
1324.3,45.2,Loamy,91.7,4.3,Low,Banana,0.5496,1
2167.4,28.5,Black,61.6,4.0,Low,Banana,0.6822,1
958.3,24.5,Red,71.9,7.0,Low,Coconut,0.8007,1
1037.7,16.5,Red,40.7,10.3,Medium,Amla,0.8126,1
1612.8,16.4,Black,56.9,6.7,High,Sapota,0.8292,1
396.2,40.4,Alluvial,5.3,9.5,Medium,Amla,0.8606,1
1217.3,38.9,Red,47.0,7.8,Medium,Coconut,0.7634,0
2610.3,24.0,Loamy,51.2,9.8,High,Coconut,0.8119,1
1106.5,39.6,Loamy,59.8,6.8,Medium,Papaya,0.7516,0
1370.1,32.7,Loamy,56.5,6.6,Medium,Lemon,0.7834,1
3477.7,47.6,Loamy,62.8,3.3,Low,Jackfruit,0.4276,0
497.3,40.9,Loamy,66.5,9.5,Medium,Pomegranate,0.7508,1
3307.9,18.4,Black,88.7,5.2,High,Coconut,0.5009,1
562.9,41.0,Loamy,21.6,5.5,Medium,Papaya,0.5321,0
2714.9,30.2,Clay,55.2,8.8,High,Pomegranate,0.6055,1
2004.1,46.0,Red,29.7,7.5,Low,Jackfruit,0.6503,0
858.8,32.2,Loamy,32.6,11.3,Medium,Sapota,0.7419,1
1454.9,28.0,Alluvial,59.9,9.2,High,Coconut,0.7507,1
816.2,33.8,Sandy,35.5,4.1,Medium,Mango,0.6906,0
2242.1,39.1,Red,32.5,10.1,High,Coconut,0.8083,0
2688.2,40.1,Black,47.4,9.5,Medium,Jackfruit,0.6587,0
2712.1,44.0,Clay,43.7,3.0,Medium,Sapota,0.439,0
1617.8,38.2,Sandy,28.4,5.5,High,Guava,0.7974,1
1985.7,39.6,Red,71.2,8.1,Medium,Coconut,0.7515,1
536.6,22.9,Sandy,75.9,6.0,High,Amla,0.7225,1
562.6,26.9,Black,36.8,8.3,Medium,Sapota,0.7864,1
1563.2,29.8,Loamy,26.9,7.6,Low,Amla,0.7905,1
2070.0,38.7,Sandy,80.4,6.6,Low,Guava,0.7414,1
338.3,33.8,Sandy,34.9,8.6,Medium,Pomegranate,0.7747,1
2664.8,45.3,Loamy,50.0,11.0,Low,Guava,0.4545,0
1588.2,37.2,Sandy,32.6,6.7,Medium,Guava,0.8534,0
1677.9,22.5,Red,68.2,6.7,Medium,Papaya,0.7341,1
1793.4,18.6,Clay,89.2,4.6,Low,Banana,0.6599,1
2556.5,23.1,Red,25.2,7.9,Medium,Jackfruit,0.7815,1
1542.7,31.8,Clay,51.3,7.6,Low,Mango,0.7124,1
1761.1,31.5,Alluvial,44.7,8.8,Low,Mango,0.7083,1
2511.6,23.9,Loamy,35.7,9.7,Medium,Coconut,0.8335,1
1653.5,30.7,Loamy,66.8,10.8,Medium,Mango,0.7794,1
3115.7,44.1,Sandy,49.5,10.1,Medium,Jackfruit,0.4413,1
2102.5,30.2,Loamy,30.7,11.5,Medium,Papaya,0.7897,0
3851.0,47.4,Alluvial,37.2,6.0,Low,Sapota,0.439,1
2191.4,37.3,Sandy,67.9,9.6,High,Coconut,0.8825,0
1391.6,23.6,Alluvial,53.5,6.6,Medium,Guava,0.8725,1
1757.9,30.3,Alluvial,22.1,10.6,Medium,Papaya,0.6914,1
3358.8,17.4,Red,71.0,7.5,Medium,Banana,0.6194,1
692.9,15.1,Red,56.9,7.5,High,Lemon,0.7439,0
365.6,27.1,Alluvial,36.3,8.1,Medium,Jackfruit,0.6708,1
800.3,17.7,Loamy,25.7,11.3,Medium,Jackfruit,0.6157,1
3729.4,28.0,Clay,16.0,3.6,Medium,Lemon,0.6208,1
1601.8,38.4,Red,72.8,11.5,Medium,Papaya,0.6782,1
1286.1,32.1,Red,18.3,6.4,High,Guava,0.8443,1
2464.1,23.0,Sandy,90.3,8.9,Low,Coconut,0.7498,1
516.5,44.3,Red,20.7,8.0,Low,Amla,0.8079,1
2432.6,28.9,Sandy,69.7,8.8,Low,Coconut,0.8255,1
1247.3,25.9,Sandy,34.3,6.0,High,Papaya,0.6914,1
895.9,35.8,Red,34.5,10.5,High,Papaya,0.7931,1
584.1,20.3,Red,63.0,8.4,High,Pomegranate,0.7841,1
793.6,25.3,Red,62.3,6.8,Medium,Pomegranate,0.8008,1
976.5,27.2,Sandy,37.0,8.5,Medium,Lemon,0.7745,1
2876.3,40.9,Clay,89.2,4.2,Low,Lemon,0.4253,0
3130.7,36.2,Sandy,69.1,3.9,High,Sapota,0.6544,0
739.1,32.0,Alluvial,76.3,6.7,Medium,Amla,0.8067,1
821.3,47.8,Sandy,19.1,10.6,High,Pomegranate,0.6748,1
2022.4,37.6,Loamy,11.5,9.0,Low,Lemon,0.5795,0
2369.7,32.7,Loamy,51.8,6.8,High,Papaya,0.7211,1
920.1,26.5,Loamy,87.1,7.6,High,Jackfruit,0.6811,1
1059.2,30.5,Loamy,58.6,8.3,Medium,Pomegranate,0.785,1
2493.0,41.8,Black,17.3,11.3,High,Sapota,0.6253,1
2330.3,32.0,Sandy,32.3,10.7,Medium,Coconut,0.8741,1
1552.6,27.2,Red,61.6,8.6,Low,Coconut,0.8038,1
810.2,27.7,Loamy,23.4,8.9,Medium,Pomegranate,0.8664,1
3029.1,29.1,Red,9.0,8.5,Low,Sapota,0.5861,1
1222.8,35.9,Sandy,34.9,8.8,High,Papaya,0.7065,1
745.0,40.5,Red,42.9,8.2,Low,Mango,0.7386,1
922.4,11.5,Clay,29.8,10.5,Low,Guava,0.7552,1
923.8,19.0,Alluvial,41.4,9.4,Low,Jackfruit,0.7483,1
1911.9,27.8,Red,81.5,7.1,High,Banana,0.806,1
2684.7,47.6,Red,93.5,7.3,High,Lemon,0.2855,0
804.7,30.0,Loamy,76.4,6.5,Medium,Papaya,0.7018,1
848.3,18.4,Clay,20.8,4.5,High,Pomegranate,0.6595,1
262.0,43.4,Red,14.1,4.3,High,Guava,0.5847,1
1421.7,33.4,Sandy,39.2,10.9,High,Coconut,0.8099,1
1641.9,29.0,Red,66.6,7.3,Low,Banana,0.8017,1
779.6,18.7,Sandy,25.6,10.5,Medium,Guava,0.726,1
1388.7,31.9,Red,53.6,10.1,Low,Mango,0.7875,1
2262.8,34.8,Red,77.5,9.4,Low,Papaya,0.746,1
735.7,26.3,Alluvial,80.3,5.4,High,Guava,0.7626,1
2009.1,29.4,Red,41.2,8.1,Low,Coconut,0.8208,1
4139.2,25.6,Clay,51.6,11.7,Low,Jackfruit,0.6375,0
1203.3,25.4,Loamy,46.5,8.3,Low,Sapota,0.8727,1
1186.1,20.3,Alluvial,50.1,11.3,Low,Coconut,0.7617,1
2617.6,16.4,Black,42.9,11.4,Low,Guava,0.5821,1
2164.8,21.1,Red,62.0,9.5,Low,Papaya,0.6815,1
2197.0,17.6,Loamy,47.8,8.2,Low,Jackfruit,0.7439,1
248.6,11.1,Black,5.9,6.3,Medium,Coconut,0.2865,0
250.2,35.2,Sandy,45.9,7.8,Medium,Amla,0.7897,1
882.4,24.7,Loamy,46.5,10.4,High,Papaya,0.7372,0
605.4,28.8,Black,33.8,6.3,Medium,Sapota,0.7883,1
1684.4,37.4,Sandy,65.8,9.4,High,Mango,0.7621,1
838.6,36.1,Red,19.0,11.3,Medium,Lemon,0.7342,1
3589.3,32.2,Sandy,40.2,5.1,Medium,Papaya,0.5491,0
3715.8,17.4,Red,11.9,6.4,Low,Lemon,0.5743,1
1492.8,36.6,Alluvial,58.5,8.1,Medium,Pomegranate,0.6943,1
524.3,34.9,Alluvial,36.2,6.8,High,Lemon,0.7552,1
1327.5,39.3,Black,34.4,9.8,Low,Mango,0.7916,1
637.5,38.8,Red,33.6,9.6,Low,Sapota,0.7485,0
1036.3,28.6,Red,30.6,7.6,Low,Sapota,0.8265,0
1939.8,35.6,Red,84.7,7.2,Low,Mango,0.7181,0
1347.3,24.5,Loamy,59.1,7.8,Medium,Pomegranate,0.739,1
1275.7,22.4,Loamy,50.1,6.9,High,Sapota,0.817,1
837.1,18.1,Alluvial,47.8,9.5,Medium,Lemon,0.7892,1
1112.0,33.4,Red,28.2,11.0,Medium,Amla,0.901,1
1407.7,27.8,Red,13.7,3.6,Medium,Jackfruit,0.7143,1
1166.7,26.7,Black,35.9,9.6,Medium,Amla,0.8864,1
1377.8,18.6,Alluvial,77.3,8.4,High,Lemon,0.808,1
2138.8,18.9,Loamy,49.6,6.6,Medium,Papaya,0.6403,0
1554.2,40.2,Clay,24.1,9.6,High,Guava,0.7264,1
1751.8,19.2,Clay,78.5,5.3,High,Banana,0.7294,1
2227.7,37.8,Sandy,79.0,9.0,Medium,Papaya,0.5919,1
1899.1,19.4,Black,63.7,10.6,Low,Mango,0.7109,1
1000.2,26.9,Sandy,23.8,8.8,Medium,Amla,0.8523,0
2706.6,12.4,Loamy,5.9,3.8,Medium,Sapota,0.4231,1
1164.1,36.4,Alluvial,43.0,7.6,Low,Coconut,0.7613,0
2495.9,18.8,Alluvial,52.9,6.0,Medium,Jackfruit,0.703,1
945.0,22.1,Red,57.7,9.5,Low,Sapota,0.7523,1
1235.6,40.6,Red,42.2,5.4,High,Papaya,0.6457,1
1308.9,21.6,Black,17.5,6.9,Medium,Pomegranate,0.7324,1
1776.6,36.2,Black,40.6,9.7,High,Sapota,0.8541,1
1324.7,24.4,Red,37.6,8.9,Medium,Lemon,0.8307,1
2067.9,30.0,Loamy,36.2,9.2,Low,Papaya,0.6821,0
455.2,19.2,Sandy,26.7,9.1,Medium,Guava,0.7329,1
994.9,36.6,Clay,77.1,11.4,High,Amla,0.7827,1
780.9,41.4,Red,55.4,6.3,Medium,Mango,0.6333,0
1713.3,13.4,Alluvial,35.8,11.8,Medium,Mango,0.6376,1
467.7,39.3,Loamy,10.2,7.6,Medium,Pomegranate,0.7983,1
630.5,26.1,Red,30.5,6.8,Low,Sapota,0.7724,1
1818.1,25.3,Loamy,11.6,10.0,High,Sapota,0.8093,1
1091.4,47.6,Red,18.8,8.4,Medium,Banana,0.5964,1
1164.0,21.7,Alluvial,75.2,8.6,Medium,Mango,0.7849,0
1710.9,39.6,Clay,52.9,4.6,High,Banana,0.7319,0
1311.2,24.1,Loamy,44.2,9.4,Medium,Coconut,0.8003,1
531.3,18.1,Alluvial,34.4,10.7,Medium,Sapota,0.7469,1
941.9,27.0,Red,26.7,8.3,Medium,Lemon,0.7891,0
2656.3,16.9,Clay,47.1,10.4,High,Lemon,0.5357,0
279.8,19.8,Sandy,41.9,7.5,High,Pomegranate,0.7581,1
1608.5,44.0,Loamy,14.7,3.4,Medium,Sapota,0.6258,1
1126.8,33.0,Clay,42.2,11.2,Medium,Amla,0.8858,0
1456.5,14.8,Sandy,18.2,5.3,Low,Sapota,0.6828,1
657.1,18.5,Alluvial,65.9,8.4,Low,Papaya,0.5994,0
277.5,24.9,Sandy,24.8,7.0,Medium,Pomegranate,0.7192,1
1796.9,20.6,Alluvial,43.8,11.3,Medium,Papaya,0.6902,0
2112.9,32.1,Loamy,50.2,11.2,Medium,Coconut,0.7631,1
2777.8,34.3,Clay,30.2,5.7,Medium,Jackfruit,0.733,1
1446.0,10.9,Alluvial,53.6,11.7,Low,Papaya,0.598,0
2728.6,29.0,Red,41.8,10.0,Medium,Jackfruit,0.7765,0
2814.1,39.0,Sandy,84.2,10.7,Medium,Coconut,0.7022,0
295.1,31.3,Alluvial,37.8,8.5,Low,Jackfruit,0.5825,0
3305.7,11.7,Sandy,40.6,11.9,High,Amla,0.5789,0
2857.9,26.7,Red,77.6,5.5,High,Banana,0.7785,0
1781.7,19.5,Clay,66.5,8.7,Medium,Banana,0.7409,0
1868.5,44.8,Loamy,8.8,10.2,High,Coconut,0.6144,0
1519.0,20.7,Loamy,6.4,6.1,Medium,Amla,0.8272,1
3138.3,21.4,Loamy,34.3,10.1,Low,Mango,0.5654,1
1928.6,23.1,Loamy,85.6,9.4,Medium,Jackfruit,0.7659,1
1188.8,35.7,Sandy,64.5,6.8,High,Jackfruit,0.7185,1
4175.3,47.0,Sandy,85.2,3.6,Medium,Jackfruit,0.3373,1
1888.3,37.5,Clay,27.0,9.8,Medium,Jackfruit,0.7396,1
738.9,26.6,Alluvial,48.9,9.1,Medium,Papaya,0.679,1
842.9,34.2,Loamy,75.6,7.0,Medium,Coconut,0.7142,0
967.9,21.4,Alluvial,35.9,6.2,Low,Guava,0.8979,1
2012.4,34.3,Alluvial,66.8,7.2,Medium,Sapota,0.8272,1
2929.8,43.5,Clay,15.6,7.3,High,Papaya,0.3312,0
485.5,28.4,Sandy,58.3,8.5,Low,Pomegranate,0.8307,0
3044.7,26.3,Loamy,37.5,9.8,Low,Banana,0.723,1
1378.2,38.9,Sandy,22.3,9.2,Low,Papaya,0.7264,0
2022.4,39.3,Loamy,89.0,10.8,Medium,Coconut,0.6999,1
1419.7,16.7,Black,37.3,8.3,Medium,Amla,0.8457,0
1923.9,43.3,Loamy,39.4,5.8,Medium,Coconut,0.6022,0
1899.0,37.6,Alluvial,50.9,10.6,High,Papaya,0.6967,1
1056.2,40.6,Sandy,33.4,8.3,High,Papaya,0.7258,1
2280.3,38.5,Alluvial,76.4,11.3,Medium,Coconut,0.7335,1
1484.7,31.2,Sandy,62.0,9.9,Medium,Amla,0.879,1
1545.6,34.0,Sandy,51.6,5.5,Medium,Sapota,0.8553,1
1676.4,39.2,Alluvial,53.7,7.8,Medium,Jackfruit,0.7342,1
2871.5,28.2,Sandy,85.2,7.2,Medium,Coconut,0.7316,1
509.3,33.5,Loamy,58.8,11.3,Low,Pomegranate,0.8634,1
1308.8,37.1,Sandy,51.7,9.8,Medium,Coconut,0.7818,0
2185.6,31.2,Loamy,89.9,5.1,High,Sapota,0.6213,1
1544.4,26.2,Alluvial,89.8,6.3,Medium,Sapota,0.7811,1
826.3,36.5,Red,61.3,9.9,Low,Pomegranate,0.8844,1
3796.2,27.8,Black,93.4,11.7,Medium,Papaya,0.3739,0
1129.6,22.5,Sandy,67.5,5.8,High,Guava,0.7726,1
2898.5,35.6,Clay,74.0,7.6,Low,Jackfruit,0.7417,1
889.6,32.1,Clay,42.1,9.0,Low,Jackfruit,0.8021,1
1823.4,24.5,Loamy,30.2,10.8,Low,Papaya,0.7074,1
821.0,15.1,Red,23.5,7.0,Medium,Lemon,0.7296,0
2117.3,12.4,Clay,6.6,4.9,High,Coconut,0.4433,0
600.4,33.4,Red,37.6,9.1,Medium,Mango,0.6643,0
1730.7,34.0,Alluvial,83.9,10.5,Medium,Lemon,0.7413,0
607.9,16.5,Sandy,24.7,5.4,Medium,Sapota,0.6731,1
2512.5,30.5,Loamy,91.1,9.2,High,Coconut,0.8216,1
1292.9,28.5,Alluvial,42.7,5.8,High,Guava,0.8115,1
2676.7,41.3,Sandy,67.0,8.0,Low,Mango,0.6067,1
1721.3,18.2,Loamy,34.5,8.6,Low,Guava,0.8352,1
1844.2,39.0,Sandy,14.0,10.0,Low,Guava,0.7735,1
2717.7,17.5,Clay,88.9,5.1,Medium,Jackfruit,0.7644,1
1417.7,29.6,Black,53.1,9.6,Medium,Amla,0.7745,1
3688.7,18.7,Alluvial,55.8,8.4,Medium,Papaya,0.4797,1
1360.6,16.2,Sandy,66.8,4.1,Medium,Papaya,0.6138,0
1224.5,24.5,Black,74.8,7.4,High,Mango,0.6953,0
2266.0,28.4,Black,44.6,11.0,Medium,Mango,0.7588,1
2211.7,34.2,Clay,14.6,4.4,High,Sapota,0.576,1
1411.5,29.5,Red,15.9,6.9,Low,Papaya,0.7382,1
490.4,30.9,Loamy,32.3,6.9,High,Jackfruit,0.5855,0
2145.1,32.8,Red,80.8,6.0,Low,Lemon,0.6167,1
1326.7,22.0,Sandy,86.3,5.1,High,Guava,0.7731,1
3307.5,20.9,Red,47.2,3.6,Low,Pomegranate,0.6289,1
2997.2,36.1,Alluvial,81.8,9.1,Medium,Coconut,0.7017,0
3005.4,23.5,Sandy,56.2,9.3,Low,Jackfruit,0.6165,1
1704.6,35.3,Clay,87.2,7.6,Low,Guava,0.743,1
2432.9,26.5,Clay,83.2,9.7,High,Banana,0.8033,1
2371.2,19.7,Alluvial,69.4,10.2,High,Banana,0.7196,0
950.0,19.9,Black,70.5,6.2,Medium,Mango,0.5978,1
1580.0,32.3,Loamy,25.8,9.4,High,Sapota,0.8397,1
343.1,28.0,Alluvial,36.2,9.9,High,Pomegranate,0.8166,1
1802.8,34.8,Black,66.2,5.8,Low,Mango,0.6751,0
2252.1,33.4,Clay,84.5,7.3,High,Banana,0.8656,1
766.3,23.2,Black,24.0,8.6,High,Pomegranate,0.8675,1
1023.4,39.4,Loamy,5.7,4.2,Low,Banana,0.4922,1
2035.8,32.4,Loamy,31.5,7.3,Low,Mango,0.776,0
3694.4,32.1,Black,34.9,10.7,Low,Pomegranate,0.6678,1
873.6,25.4,Loamy,69.8,9.0,Medium,Papaya,0.7152,1
1166.4,23.5,Red,66.8,10.7,Low,Pomegranate,0.7608,0
758.5,31.9,Red,65.3,5.8,Medium,Lemon,0.7751,1
1017.2,35.9,Clay,56.4,5.2,Medium,Jackfruit,0.8285,0
1636.8,37.3,Black,23.0,10.3,High,Mango,0.7267,1
1159.1,34.6,Loamy,30.7,7.9,Low,Guava,0.8865,1
2563.7,19.1,Red,79.1,7.2,Low,Coconut,0.6864,1
747.6,41.8,Black,59.5,6.1,Medium,Sapota,0.7616,0
4044.1,43.2,Red,43.9,8.3,High,Lemon,0.4768,0
1007.3,18.5,Alluvial,22.3,11.0,High,Mango,0.6917,0
1175.3,18.5,Alluvial,28.1,8.0,Medium,Mango,0.677,1
2151.7,35.7,Alluvial,41.2,9.8,Medium,Coconut,0.7834,1
2300.9,34.0,Loamy,71.8,6.2,Medium,Papaya,0.6331,1
547.0,22.7,Black,14.7,8.2,Medium,Pomegranate,0.8233,1
737.5,34.3,Black,55.1,8.2,Medium,Sapota,0.8183,1
2022.3,18.9,Red,31.8,6.4,Low,Jackfruit,0.7479,1
1875.7,19.5,Clay,86.7,10.2,Medium,Jackfruit,0.7453,1
2576.9,25.7,Loamy,29.7,8.1,High,Jackfruit,0.7685,1
2472.5,26.8,Red,50.6,8.7,Medium,Jackfruit,0.7302,1
2048.2,37.5,Alluvial,29.0,6.8,Medium,Sapota,0.7457,1
1301.9,41.1,Loamy,55.0,7.2,Medium,Mango,0.69,1
975.3,20.7,Red,25.7,9.8,Low,Mango,0.7029,0
1347.4,23.3,Red,27.8,7.5,Low,Mango,0.7659,1
702.2,21.0,Loamy,64.6,8.1,Low,Mango,0.756,1
1013.6,43.0,Loamy,17.1,4.0,Medium,Papaya,0.5612,1
561.5,16.9,Alluvial,74.9,9.7,High,Guava,0.7812,0
1158.8,19.6,Loamy,39.3,10.9,High,Jackfruit,0.766,1
993.2,18.1,Loamy,65.2,5.8,Low,Mango,0.6716,1
1343.8,27.1,Red,44.9,9.0,Medium,Mango,0.85,1
835.4,17.9,Loamy,81.4,5.8,Low,Lemon,0.7524,1
1169.1,30.8,Red,34.7,11.2,Low,Amla,0.8569,1
1596.0,21.9,Loamy,59.3,8.1,Low,Lemon,0.7144,1
763.8,40.5,Red,20.4,8.6,Low,Pomegranate,0.7603,0
899.7,35.5,Alluvial,61.0,9.6,Medium,Lemon,0.8265,1
1181.0,21.2,Sandy,47.4,9.2,Low,Lemon,0.8109,1
741.4,27.4,Loamy,22.1,10.1,Low,Papaya,0.6743,1
372.4,35.1,Loamy,73.1,11.0,High,Pomegranate,0.8183,1
1819.9,47.2,Sandy,26.6,10.0,Low,Papaya,0.4807,0
896.9,25.0,Clay,61.5,10.0,High,Guava,0.8467,1
1706.9,34.9,Loamy,86.8,7.1,Low,Banana,0.8374,1
1381.8,17.2,Alluvial,37.5,8.7,Low,Lemon,0.7905,1
1285.9,30.9,Red,85.2,6.5,High,Coconut,0.812,0
2451.6,46.1,Sandy,11.5,5.7,High,Mango,0.4416,1
1176.9,39.9,Loamy,60.5,8.3,High,Banana,0.7433,0
758.5,35.2,Alluvial,42.3,7.7,Medium,Lemon,0.8714,1
1234.3,37.5,Clay,86.7,5.1,Low,Mango,0.6369,1
1875.1,36.8,Black,39.8,7.0,Medium,Sapota,0.8228,1
855.6,36.8,Alluvial,40.5,5.8,High,Guava,0.8037,1
2097.5,15.9,Alluvial,34.2,11.0,Medium,Amla,0.816,1
2270.3,22.4,Black,86.6,8.5,Medium,Jackfruit,0.6815,1
1178.2,22.9,Sandy,15.7,8.7,Low,Amla,0.8931,0
1450.3,39.7,Alluvial,11.0,9.0,High,Amla,0.858,1
1671.9,32.0,Loamy,44.8,9.9,Medium,Banana,0.7766,1
3383.3,45.8,Black,87.6,4.8,Low,Sapota,0.4812,1
916.8,20.4,Loamy,82.2,9.8,High,Guava,0.8409,1
385.1,19.8,Alluvial,35.6,7.6,High,Pomegranate,0.8137,1
631.6,47.6,Alluvial,19.3,7.4,High,Pomegranate,0.6198,0
779.2,38.1,Sandy,53.9,8.1,Medium,Sapota,0.9135,1
1916.9,47.8,Alluvial,22.8,3.8,Low,Guava,0.6574,1
1372.9,18.2,Loamy,58.0,8.5,High,Pomegranate,0.7157,1
2399.2,21.4,Alluvial,63.3,5.2,High,Banana,0.7515,1
1655.0,24.6,Alluvial,16.5,7.7,High,Lemon,0.7931,1
1997.9,32.8,Clay,81.4,11.3,Medium,Banana,0.749,1
4190.5,19.2,Red,8.6,6.7,High,Mango,0.4625,0
2043.1,32.3,Alluvial,75.8,5.7,High,Guava,0.7542,1
3378.7,38.4,Red,44.7,9.6,Medium,Mango,0.5355,1
3118.4,14.2,Sandy,93.7,9.8,Medium,Sapota,0.4328,1
1801.0,19.8,Red,70.9,10.0,High,Lemon,0.7439,1
542.1,25.5,Sandy,71.1,10.1,Low,Pomegranate,0.8342,1
3021.8,26.5,Sandy,16.0,10.6,High,Lemon,0.5224,1
3324.7,42.2,Loamy,81.5,9.1,Medium,Lemon,0.4411,0
1391.4,29.1,Loamy,28.7,8.9,Medium,Papaya,0.7641,0
1181.9,41.8,Alluvial,54.0,6.7,Medium,Mango,0.7215,1
1920.3,47.0,Red,38.7,9.2,Low,Jackfruit,0.6594,1
347.7,21.1,Clay,11.3,10.9,Medium,Coconut,0.4249,0
2181.8,26.1,Alluvial,23.6,8.8,Medium,Mango,0.7812,1
343.2,23.9,Red,11.7,5.1,Medium,Jackfruit,0.5138,1
2354.2,22.7,Black,74.9,3.6,High,Papaya,0.5606,0
1352.1,40.5,Red,51.9,11.0,High,Pomegranate,0.702,1
1548.3,34.2,Loamy,29.3,7.2,Medium,Guava,0.8107,0
554.4,28.8,Loamy,49.0,10.9,High,Mango,0.6601,1
2942.9,36.8,Alluvial,45.1,10.9,Medium,Banana,0.6835,0
1677.3,19.8,Loamy,67.7,9.5,Medium,Guava,0.8373,1
1129.8,18.4,Loamy,14.9,5.6,Medium,Sapota,0.6571,0
1384.3,10.7,Red,49.8,11.7,Low,Amla,0.7484,0
1348.6,41.2,Black,55.6,8.0,High,Mango,0.7057,1
2812.5,33.4,Loamy,42.3,9.4,High,Coconut,0.7963,1
309.5,14.7,Red,75.7,8.2,Medium,Lemon,0.5506,0
2647.1,34.1,Loamy,21.7,7.6,High,Sapota,0.7083,0
3332.2,29.1,Loamy,76.2,3.2,Low,Coconut,0.7096,1
1679.1,21.3,Red,71.3,7.8,Medium,Banana,0.7473,1
2874.7,38.9,Alluvial,83.0,3.1,High,Coconut,0.6731,0
761.4,32.0,Alluvial,30.9,8.0,Medium,Mango,0.7908,0
705.2,30.9,Sandy,6.4,8.9,High,Amla,0.9148,1
807.4,25.7,Red,78.1,6.2,High,Lemon,0.7482,0
1545.1,26.9,Alluvial,44.0,8.4,Medium,Jackfruit,0.8461,1
1001.8,35.9,Loamy,33.0,5.7,High,Jackfruit,0.7723,1
2494.1,46.3,Sandy,23.0,4.0,Low,Mango,0.3976,1
371.2,36.5,Alluvial,20.5,3.2,Low,Amla,0.7945,1
3505.3,24.8,Red,84.7,6.7,Medium,Pomegranate,0.5224,0
1964.5,27.8,Loamy,29.6,9.2,Medium,Coconut,0.8281,1
3870.3,42.8,Alluvial,94.5,4.6,Medium,Banana,0.5023,0
2949.1,39.1,Alluvial,46.7,8.4,High,Jackfruit,0.6492,0
1060.7,22.1,Red,85.8,7.5,Medium,Coconut,0.6829,0
733.2,21.2,Alluvial,41.9,10.5,High,Papaya,0.7076,1
231.3,39.9,Black,56.8,9.0,Medium,Pomegranate,0.7033,1
1358.1,27.1,Red,71.0,6.9,Medium,Coconut,0.7661,1
3848.2,10.1,Red,48.0,8.4,Medium,Lemon,0.4673,0
1973.3,10.4,Clay,14.1,5.6,Low,Lemon,0.4571,1
2839.7,33.0,Loamy,86.2,6.5,High,Banana,0.7432,1
1882.4,30.7,Loamy,83.5,6.5,Low,Guava,0.8032,1
1886.1,33.2,Sandy,41.4,8.0,Low,Banana,0.6502,1
625.6,30.7,Alluvial,70.0,5.9,Medium,Lemon,0.8013,0
902.6,34.4,Sandy,68.1,9.8,Medium,Lemon,0.7886,0
787.0,28.2,Alluvial,54.9,5.6,Medium,Mango,0.7364,1
578.9,33.7,Red,38.5,10.1,Medium,Sapota,0.7874,0
2780.6,16.0,Black,10.4,8.6,Low,Pomegranate,0.5401,0
2281.5,35.2,Loamy,84.8,10.1,Low,Coconut,0.874,1
329.3,29.8,Alluvial,56.0,8.1,Medium,Mango,0.6104,0
2108.2,39.4,Sandy,26.9,6.1,Low,Amla,0.736,0
2995.9,33.6,Clay,80.4,6.1,Medium,Jackfruit,0.6478,1
1184.0,14.1,Clay,24.0,8.7,High,Coconut,0.5522,0
973.5,14.4,Sandy,23.5,5.5,High,Lemon,0.7538,1
1224.0,24.0,Loamy,93.5,8.1,High,Banana,0.7463,0
1471.0,35.5,Sandy,5.9,9.3,High,Amla,0.8378,1
1304.5,37.9,Red,48.0,8.6,Low,Lemon,0.7458,1
1899.4,36.9,Alluvial,25.4,6.6,Medium,Papaya,0.8475,0
747.0,38.6,Loamy,52.5,9.5,High,Mango,0.7399,1
998.0,16.4,Sandy,81.6,3.7,Medium,Sapota,0.6651,1
2374.4,21.9,Alluvial,59.5,3.8,High,Jackfruit,0.7413,1
2966.6,25.2,Alluvial,43.6,6.7,Medium,Coconut,0.7724,1
305.5,14.4,Sandy,73.8,6.0,High,Lemon,0.4885,0
2788.2,22.8,Loamy,41.6,11.1,Medium,Coconut,0.7719,1
1779.6,38.4,Loamy,47.5,11.0,High,Sapota,0.7406,1
4102.5,12.9,Sandy,22.7,6.2,Low,Sapota,0.4704,0
1695.9,28.2,Loamy,33.2,9.4,High,Coconut,0.7904,1
1375.4,32.9,Clay,70.7,9.5,Medium,Guava,0.816,1
1873.3,34.1,Red,79.0,5.7,High,Sapota,0.7752,1
1552.2,29.6,Sandy,15.8,6.3,Low,Guava,0.8191,1
1566.8,25.5,Alluvial,12.6,7.4,Medium,Amla,0.8161,1
1326.0,30.9,Sandy,22.3,10.7,Medium,Pomegranate,0.7611,1
1562.9,19.4,Red,57.2,9.3,Low,Coconut,0.6737,1
1385.5,41.1,Alluvial,43.1,7.0,Low,Pomegranate,0.7003,1
684.0,37.4,Red,83.4,9.0,Medium,Guava,0.8115,1
1152.7,43.8,Clay,40.2,11.3,Low,Pomegranate,0.5453,0
1637.9,37.3,Alluvial,78.0,6.3,Low,Coconut,0.7606,1
2331.8,44.1,Alluvial,71.3,3.5,High,Lemon,0.3869,0
1831.9,33.9,Loamy,51.1,6.3,Low,Papaya,0.6663,0
1755.8,13.3,Clay,8.0,3.0,Low,Lemon,0.4417,1
925.4,28.4,Loamy,78.6,10.5,High,Lemon,0.7379,1
2486.5,28.3,Loamy,49.5,6.8,Medium,Jackfruit,0.7268,0
724.3,24.8,Loamy,43.6,9.4,Low,Mango,0.7922,1
2188.2,27.8,Sandy,77.7,10.3,High,Guava,0.7776,1
1063.2,28.4,Red,26.7,8.9,High,Pomegranate,0.8151,1
1342.9,25.8,Red,24.1,11.0,Medium,Lemon,0.776,1
530.9,19.6,Clay,75.2,3.9,Medium,Mango,0.593,1
2024.2,29.2,Loamy,37.7,7.6,High,Coconut,0.7549,1
986.7,31.2,Alluvial,24.5,9.2,Low,Papaya,0.7169,0
1784.3,47.3,Sandy,7.5,8.1,Medium,Jackfruit,0.5659,0
1794.2,15.4,Clay,68.6,8.5,Low,Pomegranate,0.42,0
379.7,25.6,Loamy,15.1,5.8,Low,Lemon,0.6455,0
1106.7,28.6,Sandy,12.1,10.4,High,Pomegranate,0.7975,1
1291.4,25.4,Alluvial,33.1,8.9,Low,Sapota,0.87,1
613.1,23.9,Clay,53.7,10.2,High,Jackfruit,0.635,1
4110.7,32.6,Sandy,81.6,3.1,High,Guava,0.6044,1
375.9,29.3,Clay,81.6,3.0,High,Papaya,0.4773,1
2372.1,33.7,Loamy,29.9,8.1,High,Mango,0.6937,0
2735.6,12.7,Black,86.8,11.6,Low,Mango,0.4027,1
1901.4,21.9,Alluvial,38.4,9.0,Low,Sapota,0.7758,1
1411.1,15.0,Clay,78.8,6.4,High,Banana,0.7179,1
2355.6,39.0,Clay,71.9,4.2,Medium,Amla,0.5922,1
2271.8,18.2,Red,46.2,10.9,Low,Mango,0.7029,0
2374.9,26.0,Red,62.4,11.3,Medium,Papaya,0.6992,1
1444.0,29.9,Loamy,64.7,8.7,Low,Pomegranate,0.7314,1
3787.8,47.3,Alluvial,91.6,8.3,Low,Jackfruit,0.3808,1
1513.4,26.4,Red,58.4,9.9,Medium,Papaya,0.7517,1
646.8,25.6,Loamy,78.6,9.3,Low,Banana,0.5503,1
802.2,28.3,Red,21.2,11.0,Low,Pomegranate,0.8799,1
856.9,30.1,Red,75.0,9.8,Medium,Jackfruit,0.7684,1
1032.5,20.7,Sandy,62.2,9.8,Medium,Pomegranate,0.8424,1
1252.2,35.9,Black,59.2,6.9,Medium,Amla,0.7861,1
330.4,39.3,Red,5.2,6.2,High,Amla,0.7965,1
2117.9,33.4,Red,53.5,8.9,Medium,Sapota,0.749,1
410.2,29.1,Red,21.2,10.4,Low,Guava,0.7623,1
3271.9,26.5,Loamy,36.7,5.5,Low,Papaya,0.5485,1
461.3,19.3,Clay,22.1,10.9,Medium,Amla,0.8067,1
399.0,18.5,Red,65.6,5.5,Medium,Guava,0.7326,0
1377.2,34.3,Alluvial,71.8,8.4,High,Guava,0.7854,0
1937.6,23.9,Loamy,34.5,9.8,Medium,Guava,0.8946,1
1877.6,37.1,Clay,69.5,9.2,High,Jackfruit,0.7286,1
2336.7,13.3,Alluvial,9.9,10.2,Medium,Lemon,0.5667,0
1983.3,36.3,Red,30.8,9.1,High,Guava,0.7998,0
3695.2,15.6,Clay,61.5,5.0,Medium,Sapota,0.4895,0
1291.8,41.8,Sandy,89.7,8.0,High,Jackfruit,0.5058,1
1787.0,15.9,Sandy,27.7,6.7,Low,Amla,0.7774,1
2389.3,40.9,Sandy,57.6,3.9,Low,Pomegranate,0.5433,1
2104.4,21.5,Loamy,90.6,11.2,High,Lemon,0.6269,1
2303.6,18.6,Red,77.5,9.6,Low,Banana,0.6888,0
1665.0,30.1,Black,17.8,8.5,High,Amla,0.8514,1
1740.0,35.6,Red,57.0,8.7,Low,Sapota,0.7885,1
473.4,37.5,Alluvial,50.7,11.2,Medium,Lemon,0.7471,1
730.5,25.5,Red,64.0,7.8,Medium,Guava,0.8261,0
2724.0,20.6,Red,78.1,5.5,Medium,Banana,0.7448,1
1707.3,20.1,Sandy,28.0,6.5,Low,Lemon,0.7632,1
2350.2,32.3,Red,70.0,5.8,Medium,Banana,0.7254,1
2182.4,35.8,Loamy,70.9,6.4,Medium,Guava,0.7983,0
962.6,31.1,Red,52.0,9.2,Medium,Banana,0.7237,1
1335.4,22.4,Loamy,32.2,10.7,Low,Pomegranate,0.8083,0
1185.7,27.3,Sandy,78.3,10.1,Low,Coconut,0.8037,1
1887.1,28.8,Red,72.1,7.1,Low,Papaya,0.7242,1
721.8,24.0,Red,45.5,9.1,Medium,Papaya,0.7033,1
1455.3,29.3,Clay,63.6,6.5,High,Amla,0.879,1
1610.4,26.7,Loamy,60.3,10.6,High,Amla,0.8729,1
957.4,38.5,Red,42.5,9.4,Medium,Banana,0.6935,1
3392.0,19.8,Alluvial,58.0,11.8,Medium,Mango,0.5491,1
489.5,25.5,Black,61.5,5.6,Medium,Mango,0.7083,1
1104.5,15.9,Loamy,70.5,9.3,High,Amla,0.7503,1
735.7,26.9,Loamy,58.9,9.0,Medium,Lemon,0.8174,1
2387.0,34.2,Loamy,61.2,6.1,Medium,Mango,0.6852,1
1171.9,41.6,Loamy,52.8,10.6,High,Pomegranate,0.7795,1
1755.3,28.0,Clay,18.9,6.9,High,Amla,0.7801,1
2755.1,36.1,Clay,18.8,11.5,High,Papaya,0.5285,1
1715.2,38.4,Black,77.0,10.6,Low,Amla,0.7496,1
2460.0,30.4,Loamy,62.5,9.0,High,Banana,0.7484,1
1472.2,36.2,Loamy,64.8,10.7,Medium,Mango,0.7634,1
2056.1,20.8,Alluvial,63.0,9.2,High,Guava,0.7538,1
4172.3,19.4,Black,55.1,10.6,Medium,Papaya,0.4126,0
1882.9,35.3,Loamy,83.7,5.4,Medium,Jackfruit,0.7589,1
2012.6,31.4,Loamy,88.8,7.5,Medium,Jackfruit,0.73,0
358.2,44.3,Red,22.1,4.3,High,Sapota,0.5537,0
1333.2,27.9,Loamy,42.5,6.5,Low,Jackfruit,0.7608,1
1573.4,32.1,Sandy,67.8,8.3,Low,Amla,0.8689,0
599.8,31.6,Loamy,20.1,6.4,Medium,Papaya,0.6312,1
880.2,27.5,Sandy,83.9,7.7,High,Guava,0.7494,0
1459.2,39.7,Loamy,50.0,9.5,Medium,Coconut,0.7926,1
1589.7,21.5,Red,53.2,10.8,High,Guava,0.8607,1
2050.3,36.1,Loamy,90.6,9.1,Low,Banana,0.7717,1
1903.8,32.7,Loamy,37.5,7.2,Medium,Banana,0.7939,1
2429.7,41.2,Alluvial,55.1,8.2,Medium,Mango,0.6546,1
733.0,23.7,Red,77.5,5.0,Medium,Pomegranate,0.7406,0
1238.6,27.7,Loamy,20.1,8.5,High,Mango,0.7329,1
1532.9,22.4,Alluvial,57.3,9.3,Medium,Mango,0.7202,1
2264.6,22.2,Clay,28.3,7.9,Low,Lemon,0.6153,0
663.4,36.6,Clay,81.2,6.9,Low,Guava,0.7651,1
989.7,37.7,Loamy,88.8,4.9,Medium,Jackfruit,0.6966,1
596.6,16.5,Loamy,41.5,10.3,High,Lemon,0.7384,1
428.8,34.4,Alluvial,36.1,3.4,Low,Lemon,0.6891,0
3164.1,38.9,Loamy,42.7,10.5,Low,Papaya,0.5339,1
339.3,36.9,Alluvial,56.7,9.2,High,Amla,0.8934,1
616.9,24.0,Clay,28.7,7.9,Medium,Amla,0.9247,1
2296.7,42.0,Loamy,74.6,6.2,Medium,Papaya,0.5694,0
1248.1,27.6,Alluvial,59.4,7.6,Low,Coconut,0.8883,1
2046.5,26.4,Sandy,55.3,6.5,Medium,Coconut,0.8379,1
738.8,37.0,Black,60.0,8.5,Medium,Sapota,0.8259,1
2595.6,29.1,Loamy,61.1,4.2,High,Banana,0.7443,1
2659.3,26.3,Alluvial,50.3,4.6,High,Pomegranate,0.5707,1
1901.3,27.6,Alluvial,54.9,7.0,Low,Guava,0.854,1
2090.5,39.7,Sandy,21.6,6.9,Medium,Guava,0.6841,1
201.2,43.5,Black,6.8,9.8,High,Guava,0.4252,0
586.1,33.7,Loamy,45.9,7.5,Medium,Sapota,0.7665,1
4046.8,12.6,Sandy,11.9,8.0,Medium,Lemon,0.5317,1
1374.5,27.3,Black,29.3,6.1,High,Sapota,0.8764,1
754.0,32.2,Sandy,29.2,6.0,Medium,Sapota,0.7626,1
2113.6,39.6,Alluvial,34.9,7.6,Medium,Sapota,0.7065,1
1254.9,29.0,Loamy,82.4,7.6,Medium,Banana,0.7087,1
621.3,18.7,Loamy,74.0,5.7,High,Papaya,0.5923,0
4162.2,17.6,Alluvial,94.5,3.8,Low,Mango,0.3694,0
1738.5,17.2,Red,66.9,11.4,Low,Lemon,0.7348,1
3122.3,21.0,Alluvial,80.3,6.8,Medium,Banana,0.7249,1
1888.7,31.2,Clay,38.7,7.3,High,Banana,0.7508,1
1047.9,26.9,Clay,50.8,6.3,Low,Amla,0.8754,1
2992.8,40.3,Sandy,46.3,9.8,High,Sapota,0.5757,0
500.6,39.8,Loamy,33.3,6.3,High,Guava,0.6911,1
1658.8,24.9,Alluvial,46.7,8.7,Medium,Guava,0.8228,1
1454.1,19.8,Clay,73.4,6.9,Medium,Guava,0.8448,1
1553.3,22.7,Red,26.1,8.0,High,Mango,0.7236,0
2275.3,23.2,Red,62.6,7.0,Low,Banana,0.7697,1
1081.2,21.7,Loamy,67.7,10.5,High,Amla,0.8599,1
554.7,31.0,Loamy,33.7,8.7,Medium,Pomegranate,0.8046,1
2112.1,26.7,Alluvial,76.4,9.1,High,Coconut,0.6958,1
1119.2,19.3,Loamy,46.1,10.5,Medium,Pomegranate,0.7751,1
1386.6,37.1,Black,38.1,6.4,Medium,Mango,0.7196,0
577.1,19.3,Alluvial,93.0,7.2,Medium,Jackfruit,0.6029,1
2134.9,19.9,Loamy,75.0,6.4,Medium,Papaya,0.6042,0
3963.0,16.6,Red,83.7,9.6,Medium,Mango,0.4356,0
2137.4,37.2,Red,38.0,7.5,Medium,Banana,0.7499,1
431.9,27.5,Black,23.8,7.8,Medium,Sapota,0.7717,1
2193.4,39.9,Alluvial,50.4,9.4,Medium,Banana,0.6667,0
3565.6,24.9,Loamy,45.2,4.1,High,Coconut,0.6445,1
815.7,16.3,Red,85.2,5.5,Low,Jackfruit,0.6541,1
1716.2,32.4,Loamy,77.5,4.5,Low,Papaya,0.6767,1
714.3,22.9,Loamy,46.1,10.6,Medium,Mango,0.7944,1
1215.9,39.9,Alluvial,39.5,9.7,High,Coconut,0.7079,1
3861.3,13.3,Sandy,82.5,10.1,Low,Banana,0.3756,1
1692.4,36.0,Red,82.7,5.9,High,Mango,0.6994,1
340.1,42.9,Red,41.5,11.3,High,Amla,0.8394,1
572.3,29.0,Sandy,19.8,8.4,Medium,Pomegranate,0.7749,0
1557.8,28.2,Alluvial,74.7,7.4,Medium,Coconut,0.7658,1
2894.1,14.4,Red,67.5,7.0,High,Mango,0.5129,0
1077.1,28.6,Clay,25.1,5.2,Medium,Guava,0.8393,1
1970.2,16.3,Red,30.7,10.6,Low,Sapota,0.7081,0
853.2,26.1,Red,53.9,10.6,High,Lemon,0.7721,0
2146.8,38.7,Red,43.0,11.4,Medium,Guava,0.7518,1
828.9,41.9,Sandy,49.9,3.6,Medium,Coconut,0.6262,1
646.4,27.0,Sandy,33.0,6.9,Medium,Lemon,0.798,1
3048.0,21.9,Loamy,73.3,5.7,Low,Amla,0.6032,1
1099.0,25.5,Alluvial,30.8,6.2,Medium,Coconut,0.7746,1
1952.4,41.1,Red,54.4,11.4,Medium,Mango,0.7008,1
1392.3,30.8,Loamy,46.2,8.1,High,Papaya,0.7472,1
2301.9,27.4,Loamy,41.5,6.5,Medium,Papaya,0.6878,0
1588.5,41.2,Red,63.7,11.0,High,Papaya,0.7632,1
738.5,38.1,Clay,58.1,11.0,Medium,Guava,0.7745,1
1298.5,16.8,Alluvial,78.8,8.6,High,Jackfruit,0.7064,1
1710.8,20.4,Alluvial,34.7,9.4,High,Sapota,0.9167,1
1767.4,10.1,Red,62.6,10.8,Medium,Papaya,0.6332,0
2141.8,20.3,Loamy,42.0,11.1,Medium,Papaya,0.6754,1
749.8,34.3,Alluvial,39.5,9.6,Medium,Sapota,0.8338,0
1311.6,35.9,Red,54.4,8.8,Low,Papaya,0.7122,1
3310.2,26.2,Loamy,51.0,10.4,Low,Jackfruit,0.6764,1
1083.5,34.9,Alluvial,30.6,7.9,Low,Lemon,0.8231,1
1284.4,23.8,Black,80.1,8.6,Medium,Mango,0.6927,1
2502.0,20.7,Loamy,59.3,8.9,Low,Coconut,0.8178,1
994.2,19.2,Loamy,30.5,10.2,Medium,Pomegranate,0.743,1
1861.1,20.2,Alluvial,64.2,6.0,High,Lemon,0.7022,1
773.7,28.7,Alluvial,37.8,7.3,Low,Sapota,0.8086,1
565.3,28.3,Clay,39.1,7.8,Low,Guava,0.7249,0
2149.9,14.2,Red,31.1,10.8,High,Banana,0.5845,1
1259.5,23.4,Red,81.2,7.5,High,Lemon,0.7268,0
2702.6,30.8,Alluvial,10.5,7.5,High,Sapota,0.6511,1
1573.2,38.3,Alluvial,55.2,8.0,High,Jackfruit,0.7445,1
1689.2,22.9,Loamy,65.1,11.5,Medium,Amla,0.8654,1
272.9,23.9,Clay,70.6,6.8,High,Banana,0.5298,0
2850.9,25.0,Red,86.8,7.2,High,Jackfruit,0.6683,1
2154.3,39.3,Black,38.4,8.1,High,Mango,0.8198,1
984.9,19.1,Loamy,28.9,9.0,Medium,Sapota,0.7702,1
1192.4,21.7,Sandy,81.1,7.4,Low,Banana,0.7429,1
2737.0,29.4,Sandy,62.5,10.8,High,Coconut,0.7698,1
696.1,38.9,Sandy,45.6,8.2,Low,Pomegranate,0.7803,0
581.6,18.3,Loamy,49.3,8.0,Low,Papaya,0.5847,1
1707.5,36.4,Sandy,17.4,9.9,Low,Lemon,0.7227,1
791.6,29.6,Loamy,35.6,7.7,Medium,Sapota,0.8673,1
966.4,45.8,Loamy,41.1,7.8,Medium,Guava,0.699,1
2261.6,32.3,Loamy,73.2,7.8,Medium,Coconut,0.8332,0
549.7,43.3,Red,47.9,9.2,High,Amla,0.8394,1
1360.5,26.7,Sandy,20.2,8.2,Low,Guava,0.8521,1
1329.9,19.0,Alluvial,26.0,5.6,Medium,Jackfruit,0.7653,1
1528.1,31.2,Loamy,31.7,11.3,Medium,Sapota,0.7902,1
2662.3,38.3,Black,66.6,5.7,Low,Amla,0.7578,1
3148.8,36.4,Alluvial,5.7,11.9,Medium,Jackfruit,0.6183,0
1875.6,24.7,Red,29.5,4.7,Medium,Jackfruit,0.792,1
1291.6,24.3,Red,42.3,8.0,Low,Mango,0.7881,1
1094.9,16.6,Black,26.3,7.5,Low,Amla,0.8455,1
1204.0,16.3,Black,61.2,5.7,Medium,Sapota,0.781,1
1356.1,31.8,Loamy,27.2,10.8,Low,Lemon,0.8694,1
817.5,31.9,Sandy,48.4,7.1,Low,Coconut,0.7459,1
458.2,16.6,Black,49.5,10.1,High,Sapota,0.6833,1
1021.9,34.5,Red,29.5,3.6,High,Sapota,0.8106,1
948.9,25.7,Loamy,74.1,9.0,Medium,Pomegranate,0.7671,1
1616.3,28.8,Loamy,47.6,7.5,Low,Guava,0.8152,1
504.1,25.2,Red,46.6,6.2,Medium,Amla,0.8623,1
2507.6,20.8,Alluvial,43.9,7.7,High,Papaya,0.6137,0
3948.0,18.5,Alluvial,47.1,5.3,High,Guava,0.5636,1
698.3,38.1,Alluvial,39.7,9.8,Medium,Pomegranate,0.8078,0
3196.9,40.0,Black,57.9,8.2,Low,Amla,0.6605,1
794.2,14.8,Alluvial,55.0,9.1,Medium,Amla,0.8593,1
1419.2,40.6,Red,68.4,8.5,Medium,Amla,0.8858,0
813.7,23.9,Black,38.6,4.4,Medium,Mango,0.6823,1
3755.6,17.0,Sandy,92.9,9.9,High,Jackfruit,0.4307,1
783.8,21.2,Red,32.9,6.8,Medium,Coconut,0.6317,1
1934.9,25.7,Alluvial,8.2,7.5,Medium,Mango,0.7221,1
921.2,22.3,Clay,41.6,6.7,Medium,Banana,0.7046,1
3680.1,10.7,Sandy,42.8,11.6,High,Pomegranate,0.4885,1
1487.9,32.9,Alluvial,19.2,7.3,Low,Amla,0.8752,1
4199.4,19.7,Red,83.1,8.5,Medium,Lemon,0.5835,0
2428.4,12.2,Black,47.1,3.3,Medium,Pomegranate,0.4224,0
2063.6,33.0,Sandy,52.3,6.9,Low,Papaya,0.6854,0
2045.5,40.9,Red,67.5,3.5,Low,Coconut,0.6353,1
1376.8,25.7,Sandy,46.6,10.3,Medium,Lemon,0.8641,1
1857.7,35.5,Clay,44.7,8.8,High,Banana,0.7859,1
3283.1,18.4,Loamy,39.6,4.9,Low,Amla,0.5513,1
1481.1,19.1,Red,34.9,10.4,High,Guava,0.8282,1
2478.8,34.3,Alluvial,81.7,7.1,High,Banana,0.7802,0
1195.7,21.8,Black,33.9,8.6,Medium,Amla,0.8828,0
1084.3,29.7,Alluvial,57.5,5.8,High,Mango,0.7378,0
3050.0,25.6,Loamy,46.1,11.1,Medium,Banana,0.7495,1
903.8,34.5,Red,78.4,9.0,Medium,Coconut,0.7506,1
1302.4,21.0,Loamy,20.8,8.7,Medium,Lemon,0.8355,0
981.6,38.4,Red,38.9,8.3,Medium,Pomegranate,0.7959,1
1152.2,21.4,Alluvial,15.4,10.0,Medium,Lemon,0.7848,1
338.2,36.4,Sandy,52.5,9.9,Medium,Lemon,0.6444,1
2360.9,26.6,Alluvial,39.4,6.3,Medium,Jackfruit,0.7996,1
3211.1,34.1,Alluvial,88.5,8.2,High,Banana,0.6909,0
1558.8,31.8,Alluvial,46.5,8.1,Low,Lemon,0.7727,1
524.0,28.7,Black,73.1,10.8,Medium,Mango,0.7361,1
2026.3,29.3,Alluvial,65.2,6.6,High,Jackfruit,0.8223,1
508.4,19.2,Sandy,86.1,5.5,Medium,Sapota,0.6421,0
378.6,32.1,Alluvial,43.2,6.0,Low,Lemon,0.7038,1
930.8,38.6,Alluvial,73.1,8.2,Medium,Mango,0.6681,0
1027.8,17.4,Sandy,78.0,8.1,Medium,Sapota,0.8859,1
2085.1,39.5,Red,78.4,5.4,Medium,Jackfruit,0.7048,1
1134.2,19.1,Loamy,49.8,6.1,Low,Guava,0.9158,1
1018.6,28.5,Sandy,33.4,5.6,Low,Lemon,0.7376,1
988.8,38.9,Alluvial,47.5,6.1,Medium,Jackfruit,0.7566,0
1711.3,30.5,Alluvial,85.2,9.5,Medium,Coconut,0.7684,1
630.3,24.6,Red,47.1,8.5,Low,Pomegranate,0.7902,1
1279.6,36.0,Black,31.8,9.3,High,Pomegranate,0.7417,1
2105.9,29.5,Alluvial,31.9,8.8,Medium,Amla,0.781,1
512.5,23.5,Clay,46.3,6.0,High,Guava,0.7972,0
953.1,30.2,Clay,32.7,6.9,Medium,Jackfruit,0.737,1
1596.6,41.9,Black,72.0,10.6,Medium,Mango,0.6893,1
464.5,30.0,Loamy,70.5,9.0,High,Lemon,0.7505,1
2142.1,16.9,Alluvial,71.5,8.4,Low,Guava,0.7689,1
2101.3,22.3,Alluvial,68.0,6.5,High,Papaya,0.6942,1
1722.7,25.7,Red,83.0,8.7,Medium,Lemon,0.7429,1
1366.1,39.0,Clay,52.8,6.7,Medium,Jackfruit,0.7355,1
1334.1,14.2,Red,27.1,8.8,Medium,Lemon,0.7538,1
1762.4,27.6,Loamy,74.9,10.5,Medium,Lemon,0.7961,1
3877.8,34.7,Sandy,78.8,7.5,Low,Papaya,0.4725,1
713.4,33.0,Alluvial,72.0,8.5,Medium,Lemon,0.8426,1
1512.7,33.8,Red,69.2,7.8,Low,Banana,0.7998,1
1135.0,18.2,Clay,48.1,9.2,Medium,Jackfruit,0.7535,1
1581.2,31.7,Alluvial,33.0,8.4,Medium,Sapota,0.8275,1
932.1,35.8,Alluvial,63.8,11.4,Medium,Coconut,0.7851,1
1967.1,34.3,Black,84.8,7.1,Low,Sapota,0.7802,0
1030.2,17.9,Red,24.3,9.8,High,Lemon,0.817,1
1685.9,27.7,Loamy,44.4,6.6,Medium,Mango,0.8466,1
562.4,19.2,Red,23.6,6.6,High,Guava,0.7596,1
1071.5,24.9,Alluvial,77.0,6.0,High,Guava,0.8368,1
910.1,17.0,Red,20.3,10.0,Medium,Pomegranate,0.7367,1
4084.8,45.4,Black,50.3,7.6,Low,Sapota,0.512,0
479.4,38.6,Sandy,46.2,8.4,Medium,Sapota,0.7777,1
444.6,30.5,Alluvial,84.8,10.5,Medium,Guava,0.7496,1
815.6,35.1,Alluvial,41.9,6.9,Medium,Sapota,0.8041,1
1293.5,39.5,Alluvial,41.7,10.5,High,Jackfruit,0.7825,1
1416.9,39.1,Alluvial,66.2,7.4,Medium,Coconut,0.7509,1
2772.4,32.1,Loamy,84.9,9.2,Medium,Jackfruit,0.7368,1
1592.3,24.4,Red,79.1,7.7,Low,Lemon,0.7776,1
719.8,26.5,Loamy,51.8,10.2,Medium,Coconut,0.7214,1
307.1,10.4,Sandy,9.1,7.2,Low,Coconut,0.4322,0
1814.6,37.0,Alluvial,29.0,6.1,Low,Lemon,0.6503,0
1123.4,32.7,Alluvial,70.4,5.8,Low,Papaya,0.7831,1
908.6,41.3,Red,64.2,9.7,Low,Papaya,0.6781,0
1652.6,30.1,Clay,64.2,10.0,Medium,Jackfruit,0.7949,1
1773.1,21.4,Clay,85.6,9.4,Low,Sapota,0.6805,1
974.2,32.8,Loamy,67.4,7.4,Medium,Pomegranate,0.7864,1
1156.9,25.8,Red,60.4,7.3,Low,Mango,0.693,0
2182.6,25.1,Loamy,62.2,8.1,Medium,Sapota,0.7156,1
817.2,44.4,Black,71.3,9.1,Low,Sapota,0.6887,1
1779.1,38.0,Alluvial,66.7,7.5,High,Coconut,0.7349,1
1869.8,12.5,Black,67.4,7.6,Medium,Papaya,0.5513,1
1356.9,18.8,Alluvial,53.5,5.8,High,Jackfruit,0.7456,1
912.5,38.8,Sandy,43.9,10.6,Low,Lemon,0.7166,1
2175.3,41.4,Loamy,78.1,6.4,High,Papaya,0.5617,1
3603.4,47.2,Loamy,65.7,5.4,Low,Pomegranate,0.4121,1
1734.6,26.1,Clay,57.0,5.9,Low,Jackfruit,0.7738,1
2164.8,21.9,Sandy,86.9,3.4,Medium,Papaya,0.6139,1
1522.5,30.0,Loamy,25.5,6.7,Medium,Jackfruit,0.7799,1
464.2,18.4,Loamy,74.6,8.2,Medium,Sapota,0.6733,1
2440.6,24.6,Red,41.9,7.2,Medium,Banana,0.7657,1
2391.5,38.0,Clay,35.1,6.1,Medium,Jackfruit,0.7564,1
1557.9,20.5,Black,68.9,10.9,High,Mango,0.7897,1
2821.9,27.2,Loamy,50.6,10.0,Medium,Banana,0.7907,0
2521.3,29.4,Sandy,84.6,10.8,Medium,Coconut,0.7375,0
1640.6,24.3,Sandy,21.6,11.3,Medium,Papaya,0.6968,1
3912.9,30.1,Sandy,72.8,7.0,High,Guava,0.7092,1
1761.7,25.7,Sandy,76.0,5.6,Medium,Lemon,0.6503,1
1045.4,40.2,Red,43.2,7.1,High,Pomegranate,0.7649,1
207.6,26.5,Red,57.1,9.7,Medium,Pomegranate,0.7408,1
3949.5,32.9,Sandy,47.6,3.5,Low,Mango,0.5054,1
1133.1,39.7,Sandy,61.0,4.4,Medium,Guava,0.8094,1
1664.7,21.0,Alluvial,52.7,8.5,Medium,Lemon,0.7299,0
1613.9,19.4,Black,61.6,3.4,Low,Pomegranate,0.6214,1
604.5,21.7,Clay,66.9,10.1,Low,Guava,0.8586,1
2006.4,22.8,Red,57.6,8.7,Medium,Sapota,0.7682,0
2757.4,26.5,Loamy,69.3,11.0,Medium,Coconut,0.8151,1
1123.5,34.9,Loamy,79.6,10.3,Low,Coconut,0.7881,0
628.6,33.0,Black,56.3,7.3,Medium,Pomegranate,0.8499,1
2473.2,21.9,Red,79.6,6.2,Medium,Coconut,0.6742,0
1990.2,23.4,Loamy,26.4,11.0,Low,Mango,0.7415,1
274.7,30.9,Sandy,25.0,10.0,Medium,Sapota,0.6345,1
3686.1,27.9,Black,36.8,9.4,High,Guava,0.6427,1
824.5,30.2,Sandy,92.5,7.7,Medium,Coconut,0.8145,0
4029.4,25.5,Clay,63.4,3.8,Low,Amla,0.6169,0
958.3,38.6,Black,42.9,8.2,Medium,Sapota,0.793,1
769.0,40.6,Sandy,10.8,11.1,Medium,Amla,0.8404,0
379.3,47.0,Clay,65.4,3.4,High,Jackfruit,0.3745,0
623.8,18.6,Sandy,57.9,10.9,Low,Lemon,0.7488,1
818.4,29.2,Alluvial,30.0,6.5,Low,Papaya,0.6486,0
1425.5,43.8,Alluvial,8.9,7.9,High,Coconut,0.6242,1
3958.7,31.6,Sandy,66.1,3.8,Medium,Coconut,0.5623,0
935.3,24.6,Sandy,22.2,7.6,Medium,Lemon,0.773,1
840.4,39.8,Red,57.9,7.9,Medium,Mango,0.7604,1
3923.3,16.3,Clay,18.0,7.9,Low,Guava,0.5455,1
2198.9,40.2,Alluvial,49.9,8.5,Low,Mango,0.7846,1
530.1,36.8,Alluvial,52.0,8.7,High,Guava,0.819,1
1673.5,25.6,Loamy,28.6,8.5,Low,Amla,0.8138,1
1248.2,22.5,Black,31.7,5.5,Medium,Sapota,0.7725,1
1956.2,28.3,Sandy,59.1,7.4,Medium,Guava,0.7924,1
921.9,36.4,Red,75.9,7.0,Low,Banana,0.7609,1
1909.6,27.4,Loamy,37.1,11.2,Medium,Mango,0.7291,1
1019.8,30.9,Red,49.2,8.1,Medium,Mango,0.7749,1
1064.7,24.5,Alluvial,61.1,10.2,High,Pomegranate,0.8302,1
2989.6,32.1,Loamy,53.8,7.9,Medium,Jackfruit,0.7293,1
3783.6,38.9,Black,58.6,4.8,Medium,Lemon,0.4169,1
3481.9,45.0,Sandy,16.9,9.5,High,Sapota,0.4605,1
1428.5,25.2,Clay,86.2,8.0,Medium,Banana,0.8584,1
3404.8,19.7,Black,45.3,9.6,Medium,Lemon,0.6027,0
688.3,33.6,Red,84.4,3.9,High,Banana,0.5392,1
4098.3,17.1,Alluvial,9.9,8.9,Low,Papaya,0.4604,1
1648.5,39.8,Loamy,70.3,5.1,Medium,Guava,0.7968,1
1708.9,17.9,Clay,87.3,4.3,Low,Jackfruit,0.6146,1
2190.8,25.7,Red,73.7,3.3,High,Lemon,0.5757,1
2873.1,22.5,Loamy,48.4,4.9,Medium,Jackfruit,0.8,1
1760.6,35.8,Red,31.4,6.1,Medium,Jackfruit,0.801,1
655.8,24.6,Black,32.0,7.0,High,Sapota,0.8171,1
1727.7,22.2,Sandy,15.4,10.8,Low,Lemon,0.7189,0
1117.0,22.4,Loamy,52.8,7.4,Medium,Mango,0.7611,1
1565.9,14.0,Sandy,39.0,11.1,Low,Lemon,0.6554,1
2048.8,26.0,Clay,72.4,7.8,High,Papaya,0.6262,1
833.7,38.8,Sandy,35.7,7.0,Low,Papaya,0.73,1
3476.0,30.6,Alluvial,19.1,5.4,Medium,Coconut,0.5374,1
1392.1,36.0,Loamy,76.5,6.7,High,Lemon,0.7629,1
2253.1,25.7,Red,93.1,11.1,Medium,Coconut,0.7887,1
4103.6,45.7,Clay,29.5,7.6,Medium,Guava,0.5118,1
2497.1,14.2,Black,39.9,3.5,Low,Amla,0.5379,0
3245.6,47.5,Red,5.7,6.9,Low,Guava,0.3725,0
646.7,39.1,Alluvial,37.3,6.3,Low,Mango,0.7193,0
1219.7,15.5,Loamy,28.3,8.2,Medium,Jackfruit,0.6318,1
1400.7,19.8,Alluvial,53.2,5.9,Medium,Sapota,0.8996,1
947.3,33.5,Sandy,87.6,7.2,High,Guava,0.7666,0
3836.5,19.0,Sandy,77.4,6.7,High,Coconut,0.549,1
2681.1,35.7,Alluvial,45.7,8.2,High,Jackfruit,0.7235,1
1040.8,41.8,Alluvial,81.1,8.7,High,Coconut,0.6366,1
228.1,19.4,Loamy,71.0,10.9,Low,Pomegranate,0.6739,1
1565.5,33.7,Alluvial,80.7,9.3,Low,Lemon,0.6568,1
3720.3,28.4,Loamy,37.3,5.9,Medium,Guava,0.6192,1
793.5,19.6,Alluvial,73.2,8.5,Medium,Sapota,0.8382,0
1596.8,29.2,Loamy,28.5,7.2,Low,Jackfruit,0.7831,1
1076.3,32.5,Sandy,82.4,10.6,Low,Lemon,0.7911,1
2345.4,16.6,Red,25.9,7.8,Low,Jackfruit,0.6519,1
583.0,40.6,Sandy,40.2,10.3,High,Sapota,0.7353,1
1905.7,29.4,Red,84.6,9.9,Medium,Mango,0.7034,1
525.4,37.6,Loamy,70.8,7.6,Low,Jackfruit,0.6965,0
481.1,16.4,Clay,38.2,11.1,Medium,Amla,0.7672,0
3021.7,13.9,Red,56.9,3.4,High,Amla,0.5455,0
2187.5,27.6,Black,62.6,7.1,Medium,Guava,0.7362,1
722.3,24.6,Loamy,52.9,10.9,Low,Papaya,0.7538,1
1610.9,12.1,Loamy,84.6,3.1,Low,Amla,0.6415,1
786.0,29.4,Sandy,51.8,10.6,Medium,Coconut,0.7679,1
927.8,28.2,Loamy,25.0,6.9,Medium,Amla,0.928,1
3751.4,13.9,Loamy,72.0,10.3,Medium,Mango,0.4505,0
432.0,29.7,Loamy,71.7,5.7,Low,Guava,0.7971,1
1098.3,37.3,Alluvial,52.5,10.2,High,Lemon,0.7645,1
1033.8,25.7,Clay,56.1,8.3,High,Banana,0.7791,1
269.6,35.6,Sandy,67.7,8.2,Low,Lemon,0.621,1
646.9,24.1,Sandy,66.0,6.6,Low,Pomegranate,0.8215,0
1648.2,27.7,Alluvial,22.3,7.8,High,Amla,0.8328,1
1574.8,16.5,Red,52.7,8.8,Medium,Guava,0.7557,1
1813.8,31.8,Loamy,23.3,8.9,High,Papaya,0.6679,1
3164.6,22.7,Red,14.5,9.9,Low,Pomegranate,0.6863,1
808.4,33.4,Sandy,29.2,11.3,Low,Sapota,0.7919,1
1628.9,46.4,Sandy,8.4,11.3,Medium,Banana,0.4943,0
1279.2,35.9,Alluvial,15.2,11.2,Medium,Pomegranate,0.733,1
2927.5,30.6,Black,91.5,4.1,High,Guava,0.4853,0
1004.8,30.4,Sandy,63.1,10.7,Medium,Pomegranate,0.834,0
1226.5,25.9,Loamy,39.1,6.2,Low,Banana,0.7553,1
967.5,22.3,Sandy,25.4,6.2,Medium,Mango,0.6707,0
990.9,35.1,Red,55.1,9.3,High,Lemon,0.8309,1
2052.2,39.7,Alluvial,48.3,11.3,Medium,Coconut,0.8353,1
1441.7,27.5,Black,63.8,7.5,High,Jackfruit,0.6983,0
1053.5,38.8,Alluvial,39.8,11.2,Low,Lemon,0.7751,1
4078.5,21.1,Sandy,32.3,6.5,High,Banana,0.5352,1
442.6,15.1,Red,88.4,4.1,High,Jackfruit,0.4428,1
233.9,42.2,Loamy,9.6,7.0,High,Amla,0.7409,1
2481.1,20.4,Clay,87.3,10.6,Low,Pomegranate,0.5155,1
740.4,44.9,Sandy,65.1,6.8,Low,Coconut,0.5651,0
2528.0,29.5,Red,63.4,6.9,Medium,Jackfruit,0.7956,1
879.6,23.5,Sandy,74.4,8.3,Medium,Pomegranate,0.772,0
1087.8,39.9,Sandy,72.1,7.4,High,Sapota,0.8145,1
2825.1,19.4,Loamy,93.3,5.2,High,Banana,0.7169,1
1283.0,35.0,Sandy,57.4,7.1,Medium,Sapota,0.8735,1
1623.0,31.7,Red,74.0,11.1,High,Coconut,0.7862,1
462.8,19.3,Loamy,15.3,5.1,Medium,Guava,0.7273,1
1083.2,22.3,Loamy,39.6,7.1,High,Papaya,0.69,1
1934.3,19.9,Red,70.3,9.5,Medium,Papaya,0.6752,1
1260.0,16.9,Loamy,74.5,11.3,Medium,Pomegranate,0.6369,1
608.5,42.0,Sandy,77.9,6.3,Low,Papaya,0.5472,0
2030.1,33.8,Red,66.9,9.1,High,Papaya,0.7231,1
2216.2,29.5,Alluvial,55.7,9.2,High,Jackfruit,0.6733,0
1146.5,17.7,Loamy,35.5,11.3,Low,Pomegranate,0.7463,1
1734.7,33.1,Loamy,29.9,10.1,Low,Amla,0.8797,1
855.4,16.7,Sandy,22.8,7.9,High,Pomegranate,0.8012,0
893.6,28.6,Loamy,52.6,11.3,High,Jackfruit,0.81,0
1645.0,22.7,Black,57.4,9.9,Low,Amla,0.8442,1
1690.3,24.2,Loamy,47.6,11.0,Medium,Jackfruit,0.7293,1
304.7,26.0,Sandy,69.6,10.2,Medium,Guava,0.7253,1
4095.6,24.4,Clay,10.8,11.9,High,Banana,0.4953,1
1993.0,41.8,Red,27.8,10.0,Medium,Papaya,0.7062,1
1769.8,46.2,Alluvial,88.3,8.9,Medium,Banana,0.6089,1
3694.7,42.9,Loamy,38.8,8.7,High,Lemon,0.4871,0
887.5,38.6,Red,56.6,10.1,Medium,Lemon,0.7607,1
3109.9,13.3,Alluvial,35.7,10.3,Medium,Jackfruit,0.5724,1
1947.2,31.3,Sandy,35.9,5.1,Medium,Sapota,0.7871,1
844.2,39.3,Sandy,61.4,10.6,Medium,Sapota,0.8258,0
653.5,47.6,Red,59.6,6.3,High,Banana,0.465,1
730.8,29.8,Alluvial,59.7,7.8,High,Amla,0.8768,1
1512.0,30.7,Loamy,50.2,10.0,Low,Sapota,0.794,1
2375.5,38.9,Red,58.0,10.3,Medium,Banana,0.7944,1
1368.7,35.8,Loamy,34.0,6.4,Low,Amla,0.8687,1
1436.0,28.3,Alluvial,64.0,4.9,Low,Jackfruit,0.7488,1
3706.7,18.2,Alluvial,77.6,9.8,Low,Mango,0.5093,0
2145.5,22.7,Clay,18.7,3.2,Medium,Coconut,0.5983,1
1445.5,20.7,Loamy,27.4,9.9,Medium,Jackfruit,0.7505,1
2478.4,19.3,Red,68.3,7.5,High,Banana,0.7423,1
2186.4,37.3,Alluvial,36.6,9.6,High,Lemon,0.5999,1
1838.5,33.3,Loamy,42.1,5.9,Medium,Mango,0.795,1
1421.0,33.8,Clay,38.9,5.7,Medium,Guava,0.8187,1
2901.8,31.4,Red,86.2,10.0,High,Coconut,0.6827,1
1320.7,16.4,Loamy,61.5,6.6,Low,Lemon,0.8102,1
1944.4,18.0,Alluvial,5.9,3.8,Low,Lemon,0.7067,1
3870.3,44.2,Loamy,53.6,4.7,Medium,Lemon,0.3887,0
489.1,36.2,Sandy,53.1,6.4,Low,Mango,0.653,1
1397.1,26.0,Loamy,27.4,6.0,Medium,Guava,0.7968,1
1260.3,26.7,Sandy,14.7,7.5,Medium,Amla,0.98,1
3336.0,38.0,Alluvial,59.2,5.7,High,Lemon,0.5501,0
748.9,24.2,Clay,34.9,11.4,Medium,Jackfruit,0.7768,1
2198.7,30.2,Sandy,66.1,9.4,Medium,Guava,0.7535,1
1612.1,17.7,Black,29.7,11.1,High,Sapota,0.7627,1
2869.2,22.7,Loamy,80.9,9.0,Low,Coconut,0.7808,0
3170.5,37.0,Clay,14.9,11.6,High,Jackfruit,0.6401,1
2999.2,30.3,Red,32.2,11.3,Low,Jackfruit,0.7578,0
1162.5,27.1,Red,66.3,8.4,Low,Papaya,0.7299,1
1469.1,14.3,Black,65.1,8.9,Low,Lemon,0.6588,1
920.6,23.6,Red,45.3,8.0,High,Lemon,0.6918,1
1745.4,14.4,Alluvial,41.6,11.5,Medium,Amla,0.7796,0
3403.1,23.6,Alluvial,43.9,11.1,High,Jackfruit,0.6267,1
207.4,43.2,Alluvial,12.1,8.9,Low,Coconut,0.3858,0
830.7,36.0,Sandy,91.4,5.3,Medium,Lemon,0.6359,0
848.7,18.3,Alluvial,45.6,6.3,Medium,Sapota,0.8306,1
2103.8,41.1,Loamy,82.3,6.6,Medium,Sapota,0.6804,1
1907.0,29.1,Sandy,34.8,5.9,Low,Sapota,0.8257,1
1633.5,27.1,Alluvial,89.7,5.6,High,Banana,0.794,1
1047.4,26.8,Red,27.8,10.4,High,Jackfruit,0.8239,1
1671.9,33.8,Loamy,93.1,6.2,Medium,Coconut,0.769,1
1960.4,29.7,Alluvial,80.9,6.3,High,Guava,0.79,1
857.5,21.0,Black,40.2,10.8,High,Mango,0.7445,0
1928.7,20.1,Red,40.5,9.9,Medium,Banana,0.7106,1
959.0,25.6,Alluvial,51.8,7.9,Low,Sapota,0.8356,1
893.0,19.9,Alluvial,29.3,6.3,Medium,Jackfruit,0.6888,1
2713.8,21.6,Clay,70.6,10.4,Medium,Jackfruit,0.7984,1
3093.7,28.9,Clay,88.1,8.3,Medium,Sapota,0.5589,0
1698.3,44.8,Red,34.2,7.8,Medium,Banana,0.5833,0
654.8,15.2,Red,61.4,11.1,High,Lemon,0.7569,1
818.3,38.1,Sandy,78.0,7.1,Medium,Sapota,0.839,0
1112.7,32.3,Clay,60.5,10.2,Medium,Banana,0.742,1
1912.4,27.3,Clay,74.8,9.9,Medium,Banana,0.7421,0
508.4,41.2,Sandy,61.7,9.9,Low,Pomegranate,0.7567,1
1056.1,32.2,Loamy,19.2,5.8,Medium,Guava,0.805,0
1569.3,30.4,Alluvial,45.8,9.8,Low,Sapota,0.8091,1
1833.9,25.2,Red,50.4,10.6,High,Guava,0.877,1
3445.6,14.6,Red,91.6,10.9,Low,Lemon,0.5023,0
2868.0,22.2,Alluvial,25.2,11.3,Low,Jackfruit,0.7208,1
1747.9,29.0,Alluvial,36.3,9.7,High,Papaya,0.7636,1
1850.4,30.7,Loamy,32.0,11.1,Medium,Lemon,0.6642,0
2122.3,17.9,Red,16.3,11.0,Low,Amla,0.8064,1
1038.1,35.3,Clay,86.6,8.7,Low,Banana,0.6614,1
4136.7,41.3,Red,54.9,5.7,Medium,Guava,0.5802,1
1701.0,35.6,Red,55.2,7.8,Medium,Amla,0.8121,1
2175.1,24.8,Sandy,47.5,10.7,Medium,Guava,0.7795,1
1379.6,37.1,Loamy,77.2,9.5,Medium,Coconut,0.8129,1
3969.7,16.0,Loamy,68.6,7.7,High,Lemon,0.6009,1
1496.4,24.9,Loamy,70.8,7.6,Medium,Coconut,0.7737,1
643.3,35.5,Red,48.0,8.6,High,Papaya,0.6571,1
4013.4,44.8,Black,43.5,9.4,Low,Sapota,0.4956,0
1716.8,44.9,Red,56.8,6.6,Medium,Amla,0.7419,1
1697.1,35.3,Red,26.1,9.3,Low,Mango,0.7936,1
1630.3,24.4,Red,47.9,6.6,Medium,Lemon,0.8207,1
1111.6,20.2,Sandy,70.3,11.3,Medium,Amla,0.8685,1
352.6,27.5,Sandy,57.6,5.8,Low,Lemon,0.6368,1
2070.0,19.3,Loamy,44.2,11.1,High,Banana,0.6724,0
3006.4,17.4,Alluvial,93.5,10.4,Low,Pomegranate,0.4416,1
1851.3,34.0,Alluvial,45.0,5.5,Medium,Guava,0.7982,1
2073.0,20.5,Alluvial,80.8,12.0,Low,Coconut,0.7119,0
1345.9,38.7,Clay,45.4,8.6,Medium,Jackfruit,0.7762,1
718.7,19.2,Loamy,69.7,4.2,High,Amla,0.8594,1
2992.2,33.6,Loamy,37.7,10.4,Medium,Banana,0.7842,1
1169.5,38.2,Black,65.2,10.1,Medium,Amla,0.9291,1
1909.6,31.0,Loamy,74.7,10.8,Low,Coconut,0.8108,1
1024.4,20.9,Clay,44.7,7.7,High,Pomegranate,0.8,0
1674.7,37.1,Sandy,88.8,7.8,Medium,Banana,0.6189,1
1611.5,28.3,Black,16.8,9.3,High,Amla,0.8455,1
2101.1,44.8,Black,48.4,4.0,Medium,Amla,0.669,1
1425.4,30.7,Black,21.2,10.3,Low,Mango,0.7497,0
1107.4,37.5,Black,78.4,8.3,Medium,Sapota,0.879,1
3943.8,36.3,Sandy,82.7,4.8,Low,Papaya,0.4641,0
902.8,32.8,Alluvial,27.8,8.5,High,Sapota,0.8053,1
2982.7,14.5,Alluvial,89.1,4.4,High,Pomegranate,0.3813,0
463.7,34.3,Alluvial,71.4,8.7,Medium,Lemon,0.6937,0
3546.6,40.6,Sandy,42.7,11.4,Low,Lemon,0.4732,0
1855.6,35.0,Clay,7.0,5.6,Low,Pomegranate,0.5078,0
699.8,36.5,Alluvial,71.9,9.6,High,Pomegranate,0.7148,1
767.5,18.9,Alluvial,53.0,8.2,Low,Pomegranate,0.7706,1
2002.2,29.5,Red,59.0,8.7,High,Papaya,0.8482,0
970.3,34.6,Red,64.5,11.0,Low,Lemon,0.8711,0
1112.0,37.7,Alluvial,86.3,11.3,Medium,Banana,0.7242,0
4166.4,21.2,Red,68.9,4.0,High,Mango,0.5019,1
1665.1,33.9,Alluvial,22.2,6.0,High,Lemon,0.8342,1
1560.1,20.9,Red,46.2,8.5,High,Guava,0.8207,1
1489.1,27.2,Black,74.5,6.4,Low,Mango,0.7338,1
1093.9,14.6,Alluvial,63.8,8.9,Medium,Lemon,0.7595,1
1197.4,15.9,Loamy,83.7,8.9,Low,Lemon,0.6971,0
1583.7,39.3,Red,74.5,10.8,Medium,Mango,0.703,1
2234.0,32.3,Red,55.6,9.9,Medium,Banana,0.7424,1
2092.9,33.5,Black,46.1,11.0,Low,Mango,0.7981,1
1778.9,30.2,Loamy,55.5,7.7,Medium,Mango,0.8254,1
1924.0,38.0,Red,41.2,6.5,Medium,Banana,0.8135,1
564.9,18.8,Clay,73.2,11.5,Medium,Amla,0.8712,1
2294.5,25.2,Loamy,80.0,6.9,Medium,Mango,0.7133,1
1501.0,35.7,Red,32.3,6.4,Medium,Amla,0.8491,1
3035.0,32.0,Sandy,18.0,4.2,High,Jackfruit,0.6442,1
1400.1,38.6,Loamy,85.4,6.2,Medium,Sapota,0.8417,0
483.6,25.7,Red,29.7,10.2,High,Sapota,0.7,0
869.7,20.1,Red,45.1,9.4,Medium,Guava,0.864,0
2341.4,15.8,Red,39.1,6.0,Low,Sapota,0.6601,0
4025.9,14.8,Sandy,13.7,10.2,Medium,Banana,0.2759,1
1485.6,39.6,Sandy,26.1,7.8,Low,Sapota,0.7518,1
1480.5,29.4,Red,52.8,6.3,Medium,Banana,0.6986,0
1099.1,36.3,Loamy,43.0,11.2,Low,Mango,0.7937,1
1635.1,33.9,Alluvial,34.0,10.7,Low,Guava,0.7989,0
2288.3,23.0,Red,24.6,5.9,High,Mango,0.6656,1
302.0,38.8,Clay,9.6,6.9,High,Lemon,0.4225,0
2578.6,28.2,Alluvial,65.0,6.2,Low,Coconut,0.6898,0
2371.5,35.5,Sandy,24.1,4.3,Medium,Papaya,0.6392,1
1274.2,32.6,Alluvial,38.8,8.8,Low,Pomegranate,0.7831,0
2923.3,42.5,Clay,65.6,3.5,Low,Papaya,0.3662,1
732.6,17.6,Black,67.0,10.7,High,Banana,0.5826,0
1337.7,20.2,Alluvial,84.1,4.5,Low,Guava,0.7458,1
1788.7,24.8,Clay,35.4,9.5,Medium,Jackfruit,0.8356,1
1312.0,35.8,Red,51.2,10.0,Medium,Coconut,0.8122,1
404.1,33.2,Sandy,62.4,7.6,Medium,Sapota,0.6908,1
1851.0,29.6,Red,79.4,10.9,Medium,Lemon,0.7214,1
520.9,36.1,Loamy,73.2,7.1,Medium,Guava,0.7872,1
1192.5,26.1,Red,83.6,10.6,High,Mango,0.676,1
2669.3,21.5,Alluvial,77.1,9.8,Medium,Banana,0.7922,1
1923.5,24.1,Black,67.1,8.2,Medium,Sapota,0.8143,1
1681.6,24.2,Black,47.7,7.0,High,Mango,0.7129,0
1476.3,16.7,Red,62.4,10.1,High,Banana,0.6682,1
858.5,32.7,Alluvial,74.1,9.8,Medium,Lemon,0.7666,0
2756.6,20.2,Sandy,70.7,9.6,Low,Coconut,0.6787,0
643.4,32.4,Loamy,15.8,7.8,Low,Pomegranate,0.7613,0
1129.3,13.6,Red,28.7,4.1,Medium,Banana,0.5032,0
383.3,31.6,Red,63.0,10.6,Low,Lemon,0.7195,1
1365.3,20.3,Alluvial,66.3,11.4,Low,Banana,0.6849,1
1347.8,17.5,Clay,53.8,8.9,Medium,Lemon,0.7284,0
2605.9,23.9,Loamy,68.7,6.5,Low,Banana,0.7579,1
1340.3,24.7,Red,6.7,6.3,Medium,Amla,0.8389,1
1042.4,22.0,Loamy,75.7,11.0,Medium,Papaya,0.7472,0
1314.3,31.7,Sandy,30.2,10.9,High,Guava,0.8174,1
4033.9,20.8,Black,92.1,7.8,Medium,Jackfruit,0.4831,1
1135.3,23.8,Sandy,67.8,10.0,Medium,Papaya,0.6638,1
1074.0,31.2,Alluvial,73.5,10.2,Medium,Banana,0.7708,1
2548.4,21.0,Loamy,21.1,10.1,Medium,Mango,0.6317,1
1690.8,39.4,Loamy,57.6,9.7,Low,Coconut,0.6959,1
2901.4,24.5,Loamy,72.9,10.9,Medium,Jackfruit,0.7583,1
482.5,41.2,Alluvial,36.3,9.6,Medium,Mango,0.6503,1
2345.5,37.2,Alluvial,43.0,10.2,Low,Papaya,0.6527,0
4072.4,39.6,Loamy,7.0,8.4,High,Mango,0.5142,0
1974.2,18.9,Alluvial,18.8,6.1,High,Papaya,0.7071,0
1594.5,35.1,Alluvial,71.6,9.3,Low,Lemon,0.8138,1
431.4,26.7,Sandy,39.0,7.5,Medium,Amla,0.942,0
1687.3,24.6,Loamy,70.7,6.2,Medium,Sapota,0.7858,1
764.9,39.1,Red,80.0,7.8,Medium,Coconut,0.6549,0
1243.3,18.9,Loamy,82.2,4.9,Low,Jackfruit,0.683,1
849.3,31.1,Alluvial,67.8,10.8,Medium,Coconut,0.7461,0
3205.7,43.9,Red,38.7,10.1,Low,Amla,0.5963,0
1097.6,44.4,Sandy,79.9,6.3,Medium,Amla,0.8252,0
896.2,31.8,Loamy,42.6,8.6,Medium,Guava,0.8529,0
695.3,27.2,Loamy,59.4,5.4,High,Sapota,0.7152,0
1037.9,26.7,Black,21.9,7.5,Medium,Amla,0.8678,1
900.1,26.9,Red,51.5,9.2,Medium,Mango,0.7352,1
584.9,37.5,Alluvial,55.0,10.6,High,Lemon,0.6682,1
875.3,28.6,Loamy,56.8,9.2,High,Pomegranate,0.8266,1
1241.8,18.3,Black,60.0,9.2,Medium,Amla,0.83,1
1725.1,20.9,Alluvial,24.9,11.0,Medium,Amla,0.7657,0
1209.0,25.8,Alluvial,23.6,10.6,Low,Pomegranate,0.7378,1
2742.4,23.4,Loamy,47.6,9.2,Low,Jackfruit,0.8139,0
2683.1,21.7,Red,19.8,9.7,Low,Jackfruit,0.7273,0
851.0,34.4,Black,65.0,3.6,High,Sapota,0.7941,1
1559.5,15.5,Loamy,51.2,7.9,Medium,Lemon,0.6675,0
1414.1,10.7,Loamy,67.4,9.8,High,Papaya,0.5706,0
1264.6,32.6,Loamy,62.3,10.2,Medium,Guava,0.7919,1
3042.1,28.2,Alluvial,82.2,7.6,Low,Papaya,0.5308,0
862.3,36.0,Loamy,27.6,11.1,Medium,Jackfruit,0.7502,0
1384.1,24.1,Black,46.3,8.9,Low,Mango,0.7729,1
1793.8,19.7,Alluvial,70.5,9.2,High,Sapota,0.801,1
1305.7,21.5,Red,10.7,10.7,Medium,Pomegranate,0.7633,0
1425.7,23.1,Sandy,19.2,5.0,Low,Guava,0.7253,0
381.1,23.1,Red,55.3,8.3,Low,Lemon,0.7146,1
1858.2,36.4,Alluvial,78.6,7.3,Medium,Jackfruit,0.7018,1
668.9,30.1,Sandy,19.1,7.0,Medium,Lemon,0.8157,1
526.4,21.9,Red,22.5,10.2,Medium,Guava,0.7675,1
1749.1,35.1,Loamy,48.5,10.0,High,Banana,0.8091,1
1108.5,16.9,Alluvial,62.2,8.0,High,Amla,0.8361,1
1234.0,20.8,Loamy,91.4,6.4,High,Guava,0.8073,1
2544.1,24.7,Clay,66.6,5.4,Medium,Jackfruit,0.7655,1
3402.0,45.2,Loamy,33.3,3.2,Low,Banana,0.4738,1
803.2,30.7,Sandy,30.1,10.4,Low,Coconut,0.6752,1
362.4,27.2,Red,81.4,7.4,High,Guava,0.7696,1
1009.1,29.3,Black,25.6,5.7,Medium,Sapota,0.7799,0
1743.4,29.5,Red,79.2,10.8,Low,Guava,0.8506,0
517.2,18.2,Red,24.9,10.6,Medium,Amla,0.8848,1
925.4,29.0,Red,25.1,11.5,Low,Papaya,0.7912,0
1910.3,36.4,Alluvial,48.0,8.2,Low,Papaya,0.7133,1
2350.0,29.8,Loamy,59.0,6.7,Medium,Papaya,0.6736,1
861.5,46.5,Clay,25.9,7.4,Low,Papaya,0.5585,1
1937.2,38.0,Red,58.1,6.3,Medium,Sapota,0.8031,1
3813.9,28.9,Black,50.8,9.3,Low,Lemon,0.4766,1
611.6,21.2,Red,61.9,7.5,High,Mango,0.6755,0
2075.9,30.2,Clay,45.1,7.5,Medium,Banana,0.7845,0
1298.9,17.8,Alluvial,30.1,10.5,Medium,Jackfruit,0.7324,1
781.7,24.8,Red,75.9,9.0,Medium,Lemon,0.8566,1
2132.1,18.7,Red,76.2,7.9,High,Banana,0.6715,1
3857.7,41.8,Loamy,87.2,8.2,High,Pomegranate,0.4911,0
4086.7,13.3,Loamy,66.5,7.7,Low,Sapota,0.5841,0
1933.5,22.8,Alluvial,54.8,6.1,High,Mango,0.7478,1
2425.3,38.1,Red,55.7,8.0,Medium,Coconut,0.7568,0
1000.3,26.0,Red,62.2,10.9,Low,Guava,0.8379,1
3719.8,34.7,Red,37.2,9.6,Medium,Jackfruit,0.6031,0
2046.0,27.6,Red,67.5,10.7,Medium,Banana,0.8651,1
1070.1,19.4,Sandy,42.3,10.2,Medium,Pomegranate,0.7536,1
203.0,15.9,Clay,52.9,9.1,Medium,Amla,0.7229,1
2998.6,39.7,Alluvial,77.0,7.2,Medium,Jackfruit,0.6438,1
894.6,41.2,Sandy,26.7,10.6,Medium,Pomegranate,0.7418,1
1404.8,15.8,Loamy,82.2,5.2,High,Papaya,0.5523,0
431.2,17.8,Black,54.6,11.4,Medium,Pomegranate,0.7631,1
1069.8,21.1,Sandy,59.5,9.9,Low,Guava,0.8009,1
790.6,18.8,Black,39.8,11.9,Medium,Jackfruit,0.6483,1
1874.9,38.9,Sandy,90.4,8.0,High,Coconut,0.6783,1
4190.5,17.3,Loamy,46.4,6.9,High,Mango,0.5276,1
2823.0,18.7,Alluvial,36.2,5.8,Low,Jackfruit,0.6838,1
2818.9,40.9,Clay,15.8,11.7,Low,Papaya,0.4418,0
1319.7,26.7,Loamy,34.1,9.5,Medium,Mango,0.6821,1
2005.4,30.0,Red,71.0,9.3,Medium,Papaya,0.6657,1
1297.6,33.2,Black,30.3,6.1,High,Sapota,0.8251,1
1352.1,27.7,Sandy,17.2,6.5,Low,Lemon,0.8284,1
1114.8,35.2,Alluvial,69.1,8.7,Medium,Lemon,0.8018,1
3194.3,21.0,Red,15.2,3.5,Low,Lemon,0.5506,1
1138.4,18.1,Clay,53.8,5.5,Medium,Banana,0.6569,1
3475.3,32.3,Red,34.0,5.8,Low,Banana,0.5815,1
3769.6,47.4,Alluvial,35.7,7.5,Low,Sapota,0.5087,1
705.1,28.3,Loamy,61.1,6.4,Low,Coconut,0.7177,1
2593.3,29.2,Red,79.5,8.8,Medium,Jackfruit,0.8065,1
497.7,22.2,Loamy,27.7,7.8,Medium,Pomegranate,0.7657,0
242.2,27.3,Sandy,72.9,9.5,Low,Pomegranate,0.682,1
1879.5,24.8,Sandy,22.5,9.4,Medium,Guava,0.7433,0
1842.5,34.0,Loamy,36.9,5.0,High,Jackfruit,0.6924,1
1395.3,34.9,Alluvial,22.0,5.7,Medium,Papaya,0.6415,1
1680.7,16.4,Black,58.0,10.9,Medium,Amla,0.8219,1
689.8,35.7,Red,65.2,9.1,Low,Papaya,0.7204,1
1747.0,35.3,Loamy,39.3,11.2,Low,Banana,0.7404,1
1908.2,31.5,Black,39.1,5.7,Medium,Sapota,0.7643,0
2762.1,32.9,Red,54.5,10.5,Low,Jackfruit,0.8437,1
1166.3,19.2,Alluvial,45.7,8.0,Low,Sapota,0.8711,1
2505.5,17.1,Alluvial,16.4,5.3,Medium,Banana,0.614,1
1306.7,25.6,Red,50.4,7.2,High,Mango,0.7452,1
420.2,19.2,Black,7.9,9.3,Medium,Amla,0.8385,1
2249.1,39.9,Red,60.1,5.6,Medium,Amla,0.6692,0
1032.0,37.1,Red,63.9,6.8,Low,Pomegranate,0.7498,1
2184.7,34.1,Clay,87.1,6.9,Medium,Guava,0.6776,1
1857.3,30.3,Loamy,61.7,10.8,High,Papaya,0.7846,1
1843.8,39.1,Red,72.2,6.6,Medium,Papaya,0.7198,1
1604.7,28.7,Red,81.2,10.0,Medium,Lemon,0.7155,1
724.3,21.9,Black,58.9,7.0,High,Amla,0.8867,1
1356.2,33.6,Red,87.7,7.3,High,Lemon,0.7675,1
3981.2,34.6,Alluvial,74.4,6.7,High,Banana,0.5691,1
464.8,37.4,Sandy,83.8,11.9,Low,Sapota,0.7241,1
1360.7,28.5,Alluvial,43.2,7.5,Medium,Papaya,0.7499,1
922.6,30.4,Clay,84.3,5.1,Medium,Jackfruit,0.7335,1
2592.0,18.9,Alluvial,84.2,7.8,High,Amla,0.6899,0
3023.1,33.8,Loamy,75.3,9.6,Low,Banana,0.6523,1
644.4,20.8,Loamy,57.9,8.3,Medium,Sapota,0.7993,1
623.0,37.7,Clay,30.0,11.4,Medium,Guava,0.8432,1
1446.8,19.4,Loamy,61.5,7.7,High,Jackfruit,0.7609,1
1012.2,27.1,Red,83.5,7.9,Low,Banana,0.7308,1
1241.7,33.3,Alluvial,66.6,8.0,Medium,Sapota,0.7901,1
2620.3,36.2,Sandy,30.4,7.3,Medium,Guava,0.6638,1
1690.5,27.0,Red,49.6,8.6,Low,Coconut,0.7182,1
840.6,40.7,Sandy,11.3,7.7,Medium,Pomegranate,0.7527,1
2055.1,18.4,Clay,89.0,10.3,Medium,Banana,0.7084,1
1163.4,40.8,Clay,74.7,10.9,Medium,Amla,0.7966,0
2101.9,22.2,Alluvial,22.7,7.7,Low,Sapota,0.7163,1
2690.7,29.1,Alluvial,12.5,5.9,Medium,Amla,0.6133,0
1312.9,18.8,Alluvial,57.4,10.6,High,Sapota,0.7702,1
2900.9,35.1,Clay,39.6,7.8,High,Coconut,0.7074,1
1062.4,32.7,Alluvial,61.8,9.1,Medium,Coconut,0.8458,1
1440.5,30.6,Alluvial,26.8,5.3,High,Sapota,0.7617,1
914.3,41.0,Alluvial,52.3,9.4,Medium,Pomegranate,0.8185,1
2780.2,38.0,Sandy,38.8,8.1,Medium,Coconut,0.7659,1
931.9,40.7,Black,60.1,4.7,Medium,Guava,0.6634,1
1811.5,17.1,Loamy,72.0,11.4,Low,Sapota,0.6335,0
3754.4,16.9,Red,9.7,4.2,Medium,Amla,0.5899,1
507.8,19.4,Black,62.7,8.2,Low,Sapota,0.758,1
769.4,24.6,Red,35.4,8.8,High,Papaya,0.7972,1
1275.0,14.5,Red,30.1,6.5,Low,Lemon,0.7612,1
874.9,37.8,Loamy,27.1,6.8,Low,Banana,0.5422,1
774.1,41.1,Loamy,80.1,7.8,High,Sapota,0.7802,1
3287.3,39.0,Black,87.1,8.2,Low,Coconut,0.6115,0
3066.2,27.5,Alluvial,67.0,7.0,Medium,Guava,0.6303,0
712.1,37.5,Loamy,91.9,7.1,Low,Coconut,0.629,1
3951.1,42.8,Red,85.0,7.2,High,Mango,0.4749,0
535.9,26.7,Black,73.7,9.7,High,Mango,0.6588,0
1395.3,25.4,Sandy,28.4,11.0,Medium,Lemon,0.8102,1
2116.9,44.1,Loamy,60.2,8.1,Medium,Sapota,0.7229,1
1066.0,37.4,Alluvial,63.6,7.9,Low,Coconut,0.7443,1
368.1,20.6,Sandy,73.6,6.0,Low,Lemon,0.7057,1
1892.0,32.5,Black,24.6,5.9,Medium,Mango,0.7063,1
946.3,21.0,Sandy,27.2,8.7,Medium,Pomegranate,0.8588,1
1805.8,28.8,Loamy,32.3,8.5,Medium,Mango,0.7841,0
3149.4,26.1,Clay,54.8,6.8,Medium,Papaya,0.4913,1
1496.5,47.1,Loamy,8.4,7.0,Medium,Mango,0.5746,0
3423.7,40.0,Clay,32.4,3.7,Low,Mango,0.4996,1
1811.2,29.9,Alluvial,57.3,10.5,Medium,Mango,0.7236,1
376.2,39.6,Loamy,63.1,10.4,Medium,Pomegranate,0.7678,1
4023.4,32.1,Sandy,11.5,7.4,Low,Coconut,0.6297,1
327.8,31.0,Loamy,23.8,10.0,Medium,Guava,0.7087,0
865.8,24.1,Sandy,66.3,10.7,Low,Lemon,0.8105,1
1718.8,33.1,Loamy,43.8,9.9,Medium,Coconut,0.8308,1
597.6,37.0,Alluvial,66.2,10.3,Medium,Sapota,0.7832,1
2140.4,19.1,Alluvial,46.9,8.2,Medium,Sapota,0.6904,1
759.0,18.5,Loamy,53.2,6.3,Medium,Papaya,0.7309,1
1389.3,32.5,Sandy,39.5,9.0,Medium,Guava,0.8499,1
2587.0,38.5,Clay,59.1,8.5,High,Jackfruit,0.7293,0
2895.6,36.3,Red,46.6,8.3,Low,Jackfruit,0.7062,1
2968.6,30.0,Loamy,91.5,7.6,Medium,Lemon,0.5841,0
3729.7,44.3,Loamy,40.4,10.7,Low,Papaya,0.4525,1
2202.6,39.8,Red,44.0,8.5,Low,Coconut,0.7438,1
802.9,35.8,Red,66.4,7.3,Medium,Lemon,0.8184,1
2358.0,44.7,Clay,46.8,10.5,Medium,Papaya,0.4365,0
2150.9,31.7,Alluvial,83.5,7.4,High,Banana,0.7688,1
2748.7,19.8,Black,75.5,4.8,Medium,Coconut,0.53,1
3043.2,34.9,Red,84.0,11.1,Low,Guava,0.5769,1
2186.6,23.9,Alluvial,24.1,6.3,Medium,Mango,0.7817,1
2165.9,32.6,Alluvial,67.5,6.8,Medium,Papaya,0.7116,1
1559.2,20.1,Red,88.5,4.6,Low,Banana,0.7407,1
2189.4,25.8,Clay,69.1,6.3,High,Banana,0.803,1
1945.0,20.5,Red,63.2,7.2,High,Mango,0.7423,0
540.9,17.0,Loamy,18.9,9.7,High,Pomegranate,0.7832,1
1366.2,36.2,Sandy,45.1,9.6,High,Lemon,0.8098,1
4161.9,40.7,Red,21.9,4.9,Low,Guava,0.5015,0
1352.3,21.1,Red,44.3,11.1,High,Coconut,0.7363,1
1501.4,22.2,Black,35.3,10.4,Low,Pomegranate,0.729,1
1803.6,27.6,Black,27.1,5.5,Medium,Lemon,0.6753,1
496.5,28.3,Loamy,69.8,8.4,Medium,Pomegranate,0.7341,1
2314.9,39.9,Black,72.8,11.3,High,Banana,0.7139,1
2743.4,21.1,Loamy,69.0,8.3,Medium,Coconut,0.6794,1
1718.6,19.4,Red,66.1,10.2,Medium,Papaya,0.7065,1
1197.0,37.8,Loamy,77.0,8.9,Medium,Lemon,0.6966,0
1799.6,23.2,Sandy,23.4,8.6,High,Amla,0.7639,1
2370.2,26.6,Sandy,33.2,8.5,Low,Papaya,0.6139,1
688.0,16.3,Black,57.6,7.3,Medium,Pomegranate,0.7193,1
3761.7,27.0,Alluvial,79.6,10.6,Medium,Pomegranate,0.5589,0
316.6,24.4,Clay,68.7,4.2,Medium,Jackfruit,0.5541,1
2585.5,23.9,Loamy,63.4,10.3,Low,Coconut,0.8155,1
1664.8,34.1,Loamy,82.5,9.1,Low,Mango,0.693,1
2775.9,15.9,Black,61.7,8.2,High,Banana,0.545,1
315.3,17.8,Sandy,50.3,10.3,Medium,Lemon,0.6945,1
1727.4,24.9,Sandy,70.9,7.9,High,Lemon,0.6993,1
1863.6,38.1,Red,69.3,8.5,High,Lemon,0.7065,1
267.6,22.0,Sandy,10.5,8.6,Medium,Pomegranate,0.6804,1
715.9,20.4,Black,72.0,7.8,Medium,Sapota,0.7776,1
1210.8,37.1,Loamy,54.0,10.6,High,Amla,0.8796,0
1958.0,20.7,Alluvial,84.8,6.6,High,Mango,0.6573,1
1761.0,32.5,Red,70.6,9.8,Medium,Guava,0.7384,0
3967.8,15.3,Alluvial,40.8,11.7,High,Amla,0.6487,1
1522.7,25.4,Clay,54.4,8.6,High,Guava,0.8501,1
2791.4,29.9,Loamy,40.1,8.9,Low,Coconut,0.7667,1
1102.9,26.3,Sandy,56.0,10.5,Medium,Pomegranate,0.7403,1
1678.0,32.1,Alluvial,23.1,8.4,High,Papaya,0.6664,0
3392.5,29.6,Alluvial,86.0,4.0,Medium,Papaya,0.4956,1
3923.5,28.5,Alluvial,12.4,3.8,Low,Amla,0.6453,1
650.3,24.2,Loamy,12.0,6.9,Medium,Pomegranate,0.8029,1
831.2,23.8,Loamy,23.7,8.5,Low,Lemon,0.792,0
514.3,34.7,Loamy,63.6,8.7,High,Papaya,0.6645,1
1939.7,36.9,Clay,50.3,11.3,Low,Guava,0.8514,1
1460.3,21.5,Black,53.8,6.9,Medium,Sapota,0.8267,1
1594.7,25.2,Black,39.2,6.9,Low,Sapota,0.8721,1
1589.9,29.5,Alluvial,27.2,7.0,Medium,Guava,0.8254,1
1076.8,24.3,Sandy,61.3,7.8,Medium,Lemon,0.9208,1
2687.4,44.3,Clay,28.8,8.2,Medium,Lemon,0.4096,1
1027.4,38.7,Loamy,24.5,9.6,Medium,Mango,0.6767,1
3289.3,39.6,Loamy,72.9,8.8,Medium,Jackfruit,0.5567,1
1285.5,19.0,Alluvial,69.6,10.2,Medium,Papaya,0.6465,1
2372.5,28.3,Red,44.9,8.3,Medium,Papaya,0.6519,0
1569.4,35.8,Alluvial,53.1,8.0,Medium,Mango,0.7478,1
1947.7,33.6,Alluvial,58.4,10.9,Low,Papaya,0.7637,1
545.0,36.1,Black,44.7,8.5,Medium,Pomegranate,0.7548,0
3684.9,25.7,Alluvial,73.2,7.2,Low,Coconut,0.633,1
1308.6,39.3,Clay,82.7,8.3,High,Guava,0.7017,1
239.1,17.7,Alluvial,54.5,10.1,Medium,Amla,0.7266,0
1946.3,23.2,Loamy,74.8,8.2,Low,Papaya,0.7523,1
1103.8,30.7,Black,10.8,7.6,Medium,Pomegranate,0.812,1
1284.0,23.1,Red,33.2,10.8,High,Coconut,0.789,1
2608.3,11.5,Clay,74.7,4.2,Low,Papaya,0.317,0
651.3,27.5,Alluvial,60.1,11.1,Medium,Sapota,0.7613,1
586.3,17.9,Sandy,27.9,8.2,Low,Pomegranate,0.8062,1
2014.4,33.8,Red,56.7,7.0,Low,Banana,0.7338,0
2785.9,39.1,Alluvial,71.5,7.3,Low,Coconut,0.6642,1
1876.4,27.5,Red,80.9,7.8,High,Lemon,0.6982,1
1113.9,23.4,Alluvial,38.0,9.9,Medium,Amla,0.8941,1
347.2,24.4,Clay,77.9,11.6,Medium,Guava,0.6668,1
1467.2,29.0,Red,28.3,9.4,High,Coconut,0.7708,0
1324.8,29.8,Sandy,79.3,8.8,Low,Papaya,0.6799,1
1000.6,36.8,Red,48.2,10.3,High,Banana,0.6677,1
1480.7,30.3,Alluvial,35.6,6.2,Low,Mango,0.7292,1
2154.5,21.4,Alluvial,26.3,5.1,High,Sapota,0.7521,0
1618.8,38.0,Loamy,69.4,5.5,Low,Guava,0.7058,1
1812.0,32.7,Loamy,61.1,8.8,Medium,Sapota,0.8504,0
1369.8,31.9,Red,56.2,10.0,Medium,Coconut,0.7631,1
3775.1,30.2,Sandy,35.6,7.1,Low,Papaya,0.5831,1
1400.4,30.4,Red,59.0,6.1,High,Sapota,0.8706,0
4168.9,12.1,Black,49.6,6.0,High,Banana,0.3801,1
908.0,23.1,Loamy,44.5,10.6,Medium,Lemon,0.7416,0
2362.2,33.1,Loamy,63.1,4.9,Medium,Banana,0.7832,1
1486.2,32.8,Loamy,42.3,8.3,High,Lemon,0.8137,1
1811.1,30.3,Red,67.3,7.6,High,Lemon,0.6987,0
2179.5,22.7,Loamy,27.6,8.3,Low,Coconut,0.7469,1
1553.2,22.5,Clay,58.5,4.5,High,Jackfruit,0.7476,1
1990.4,30.6,Clay,86.3,11.5,High,Guava,0.7001,1
3469.7,18.0,Alluvial,43.1,5.6,Medium,Jackfruit,0.6416,1
2799.3,10.6,Alluvial,46.9,6.9,High,Amla,0.6117,1
597.2,24.1,Alluvial,31.7,11.4,High,Papaya,0.6649,1
838.6,27.8,Loamy,30.3,7.6,High,Jackfruit,0.7131,1
619.8,27.3,Black,45.4,7.3,Medium,Sapota,0.7884,1
2808.9,27.0,Red,89.9,10.5,Low,Jackfruit,0.7439,0
1926.9,35.8,Red,31.7,11.0,Medium,Mango,0.7292,0
1906.8,20.4,Alluvial,5.7,11.7,Low,Coconut,0.7158,0
2768.9,23.1,Red,56.3,5.5,High,Banana,0.8188,1
2285.7,21.1,Clay,91.4,6.9,High,Banana,0.7413,1
3898.4,34.2,Clay,42.9,6.8,Medium,Coconut,0.5041,0
1531.1,20.9,Alluvial,91.7,5.4,Medium,Banana,0.7199,1
1444.6,15.6,Sandy,17.8,8.2,Low,Lemon,0.716,1
2725.6,24.8,Alluvial,59.6,3.6,Medium,Lemon,0.4857,0
248.1,22.3,Alluvial,42.9,7.0,Low,Pomegranate,0.7038,1
1792.9,36.5,Red,11.7,11.6,High,Jackfruit,0.7114,1
767.4,45.7,Red,77.7,10.1,High,Jackfruit,0.5725,0
2365.8,35.8,Red,52.2,7.0,High,Coconut,0.7775,1
2132.8,23.2,Alluvial,40.9,7.8,Medium,Lemon,0.7045,1
1506.0,20.3,Black,27.7,3.6,Low,Amla,0.7765,0
3195.1,45.9,Black,44.4,7.3,Medium,Pomegranate,0.5185,1
843.5,36.6,Loamy,36.6,10.4,Medium,Jackfruit,0.7251,1
466.5,37.2,Alluvial,59.2,6.9,Low,Pomegranate,0.8308,1
2309.0,31.4,Sandy,78.8,3.4,Medium,Lemon,0.5478,0
2058.4,28.0,Red,60.2,5.9,Medium,Jackfruit,0.8677,1
1277.1,21.0,Sandy,60.6,9.7,Medium,Guava,0.7837,1
819.7,37.1,Sandy,34.1,5.5,Low,Sapota,0.7867,1
1131.1,23.9,Red,42.5,7.5,Low,Lemon,0.703,1
975.5,38.8,Black,7.1,6.8,Medium,Amla,0.9019,1
4175.9,16.1,Black,7.1,5.0,High,Papaya,0.3762,1
1389.2,32.0,Loamy,44.4,5.8,High,Banana,0.7765,1
3159.5,40.0,Alluvial,15.7,4.3,Low,Mango,0.4888,0
665.5,22.5,Loamy,79.1,8.7,High,Guava,0.8372,0
3382.3,36.6,Loamy,10.4,4.0,High,Banana,0.5389,1
2637.9,39.1,Black,25.2,11.1,High,Sapota,0.6428,0
2559.2,32.7,Red,71.6,6.0,Medium,Mango,0.7479,0
816.6,38.3,Loamy,33.1,10.6,High,Jackfruit,0.6674,1
1938.1,23.9,Clay,40.2,7.7,Low,Jackfruit,0.7774,1
747.5,28.2,Alluvial,90.0,10.3,Low,Lemon,0.8009,1
732.0,32.2,Alluvial,21.7,9.3,Medium,Sapota,0.877,1
326.1,14.7,Alluvial,5.4,7.4,High,Papaya,0.352,0
625.1,23.2,Loamy,36.6,7.1,Medium,Pomegranate,0.7976,1
1503.5,32.8,Clay,89.8,8.0,Low,Jackfruit,0.704,1
2937.2,24.8,Clay,68.9,6.4,Low,Banana,0.7117,1
800.0,19.0,Black,69.1,9.7,High,Amla,0.8915,0
680.8,38.6,Sandy,40.5,9.8,Low,Pomegranate,0.8388,1
534.4,23.1,Sandy,9.2,6.1,Low,Coconut,0.5273,0
1220.2,26.0,Alluvial,32.1,8.5,High,Coconut,0.826,1
3385.3,17.5,Loamy,66.0,11.4,Medium,Papaya,0.5466,1
1858.0,21.4,Loamy,60.4,8.1,High,Jackfruit,0.7691,0
780.6,39.2,Red,73.2,9.1,Low,Jackfruit,0.6902,1
2251.8,36.8,Red,77.1,8.3,High,Banana,0.8091,0
3510.6,21.9,Red,36.3,4.6,Low,Jackfruit,0.573,0
544.1,17.5,Black,53.9,7.7,High,Sapota,0.6902,1
1769.0,45.4,Sandy,10.0,9.8,Low,Sapota,0.6987,0
3991.4,17.9,Clay,25.4,10.1,High,Amla,0.7168,1
2076.4,41.5,Loamy,76.5,9.2,Medium,Papaya,0.6134,0
1333.8,33.2,Red,54.8,6.8,Medium,Banana,0.8207,1
3170.6,22.4,Sandy,8.1,7.9,Medium,Papaya,0.5522,1
1430.3,36.7,Loamy,76.3,7.1,Medium,Coconut,0.8343,1
2110.1,20.4,Red,64.7,8.3,Low,Papaya,0.6602,1
3158.8,43.1,Clay,62.1,10.6,Low,Guava,0.5194,0
1095.1,20.4,Clay,52.9,6.0,High,Banana,0.7062,1
2757.9,26.8,Red,62.2,6.0,Medium,Jackfruit,0.7862,1
1234.2,21.5,Sandy,61.2,8.8,Low,Pomegranate,0.7361,1
2071.7,24.1,Alluvial,23.7,6.0,Medium,Papaya,0.6875,0
1429.3,24.5,Sandy,52.8,6.4,Medium,Papaya,0.7706,1
421.8,41.7,Red,46.2,5.3,High,Mango,0.5812,0
4011.7,27.1,Clay,54.4,11.1,Medium,Pomegranate,0.5066,1
2122.3,34.4,Clay,35.8,10.8,Medium,Banana,0.7411,0
1502.7,22.2,Clay,29.3,8.0,Medium,Guava,0.8596,0
1552.8,42.3,Red,69.5,9.0,Medium,Amla,0.9015,1
1418.2,22.3,Alluvial,56.0,6.2,Medium,Papaya,0.6988,0
889.0,18.4,Alluvial,11.3,11.4,Medium,Pomegranate,0.7891,0
601.6,33.2,Black,20.3,5.2,High,Amla,0.8527,1
2009.6,33.7,Loamy,32.1,8.9,Low,Jackfruit,0.7212,0
2858.3,22.1,Clay,41.3,5.0,Medium,Banana,0.7602,1
1993.2,22.3,Red,73.2,10.1,Medium,Banana,0.8266,1
979.8,19.9,Sandy,33.5,7.2,Low,Lemon,0.7882,1
2835.0,23.0,Loamy,81.3,8.3,High,Coconut,0.7351,0
1558.2,37.0,Loamy,22.3,8.1,Low,Papaya,0.7103,1
1171.9,39.3,Red,37.2,9.1,Low,Guava,0.6495,0
727.1,21.1,Black,29.9,6.3,Low,Mango,0.6708,0
1614.7,15.0,Alluvial,19.2,9.3,High,Banana,0.6894,0
2534.3,28.9,Loamy,75.6,9.4,Low,Amla,0.5542,0
478.8,22.2,Loamy,51.1,9.0,Medium,Pomegranate,0.8166,1
1099.3,32.4,Sandy,18.8,3.9,High,Banana,0.5712,1
1851.2,13.8,Red,11.2,6.7,Medium,Amla,0.7006,1
1221.8,26.4,Alluvial,53.6,6.2,Medium,Papaya,0.6819,1
1475.1,15.5,Loamy,11.1,8.1,Low,Jackfruit,0.7116,1
1039.4,40.3,Black,43.2,10.3,Medium,Sapota,0.7716,1
321.0,17.4,Loamy,89.5,5.5,High,Guava,0.5993,0
1295.4,26.2,Alluvial,35.7,6.7,Medium,Lemon,0.7715,1
255.7,29.1,Red,44.2,6.7,Medium,Pomegranate,0.8333,1
1819.2,13.0,Loamy,94.9,9.1,Medium,Sapota,0.5928,0
1673.8,23.5,Alluvial,68.0,7.1,High,Lemon,0.7434,1
1956.6,35.4,Red,81.3,10.5,Medium,Mango,0.7164,1
2654.9,29.8,Loamy,40.9,5.6,Medium,Banana,0.7807,1
1337.5,34.9,Red,58.9,8.3,High,Mango,0.8519,1
1708.2,26.9,Alluvial,51.6,7.4,High,Mango,0.7803,1
3124.6,18.3,Alluvial,80.0,8.0,Medium,Banana,0.6468,0
589.4,28.4,Red,17.0,7.3,High,Amla,0.8826,1
954.3,41.1,Red,36.6,9.5,High,Mango,0.6911,1
1262.4,28.7,Red,28.2,11.3,Medium,Pomegranate,0.7871,1
1295.1,25.0,Sandy,37.7,5.8,Low,Lemon,0.7804,1
3911.2,25.1,Loamy,85.2,4.8,Low,Sapota,0.4641,1
1745.0,23.4,Sandy,66.1,6.3,Medium,Jackfruit,0.6407,0
2703.8,39.3,Red,63.4,7.4,High,Coconut,0.6242,1
1838.6,29.1,Loamy,85.8,9.5,High,Jackfruit,0.6818,1
1433.8,28.6,Sandy,44.7,5.1,Low,Sapota,0.7993,1
2531.4,36.1,Red,72.7,5.7,Low,Mango,0.7261,1
2044.3,20.3,Alluvial,38.7,6.0,Low,Coconut,0.6253,0
579.5,17.7,Alluvial,68.0,3.1,Low,Sapota,0.6478,1
2896.4,20.9,Black,54.2,5.1,Low,Coconut,0.6085,1
1302.8,39.3,Alluvial,47.8,5.8,Low,Banana,0.7559,1
2004.8,22.0,Loamy,75.1,8.1,Low,Papaya,0.669,1
1916.9,34.7,Clay,51.8,6.0,Medium,Banana,0.7475,0
3953.5,20.8,Sandy,71.9,11.0,Medium,Pomegranate,0.5381,1
2531.1,35.9,Clay,41.3,10.3,Medium,Jackfruit,0.8025,0
1508.4,14.2,Loamy,22.9,10.8,Medium,Amla,0.84,1
1134.3,27.8,Sandy,77.2,11.3,Low,Lemon,0.7939,1
1799.6,16.7,Alluvial,38.7,7.3,High,Sapota,0.757,1
1871.1,36.2,Clay,62.2,6.5,Low,Coconut,0.7458,1
1132.1,22.9,Sandy,27.9,10.8,High,Papaya,0.6801,0
907.2,32.9,Loamy,77.5,9.2,Medium,Sapota,0.7997,1
1334.5,30.0,Sandy,39.5,10.8,High,Coconut,0.769,1
1346.1,12.9,Red,85.5,11.8,High,Jackfruit,0.6137,0
1737.2,33.0,Loamy,79.5,10.2,High,Banana,0.7395,1
1094.8,16.2,Red,89.7,6.0,Low,Jackfruit,0.6837,1
817.7,13.1,Red,78.1,5.3,Low,Pomegranate,0.6109,0
1008.0,33.9,Black,22.1,6.0,High,Mango,0.7629,1
721.8,33.7,Sandy,59.3,10.5,Medium,Pomegranate,0.8721,1
2009.7,27.1,Red,24.9,5.0,Medium,Sapota,0.776,1
1261.2,40.5,Red,63.9,6.2,Medium,Mango,0.7708,1
355.6,23.0,Clay,55.9,6.8,Low,Guava,0.7238,1
2854.7,26.0,Red,31.0,6.7,Low,Banana,0.6997,1
861.9,31.5,Sandy,28.3,9.9,Low,Pomegranate,0.7439,1
2746.1,31.4,Clay,93.9,9.1,High,Banana,0.6926,1
509.6,40.2,Sandy,37.6,6.6,Medium,Papaya,0.5124,0
2979.3,28.4,Alluvial,78.2,9.7,Low,Jackfruit,0.7043,0
1171.2,31.4,Red,72.4,10.2,Medium,Papaya,0.7009,1
1422.2,18.5,Clay,61.0,6.5,Medium,Amla,0.8837,1
923.5,17.0,Alluvial,19.7,10.1,Medium,Guava,0.7914,1
3804.8,36.8,Black,9.9,8.0,Low,Lemon,0.4915,0
1143.7,37.4,Alluvial,79.8,5.9,Low,Lemon,0.7368,1
2253.8,45.4,Red,72.6,7.8,Low,Lemon,0.4716,1
1289.7,30.6,Loamy,76.9,8.3,Medium,Coconut,0.7697,1
1259.2,21.1,Alluvial,48.1,6.5,Medium,Coconut,0.8249,1
2957.8,26.9,Clay,87.9,9.6,Medium,Jackfruit,0.7111,1
3433.6,19.9,Red,18.1,6.5,Low,Coconut,0.5416,1
1724.4,34.0,Alluvial,46.0,9.7,Medium,Amla,0.821,1
2694.4,15.0,Loamy,64.3,3.6,High,Jackfruit,0.7171,1
1363.4,23.6,Loamy,59.6,9.0,Low,Sapota,0.8502,0
3574.6,32.6,Sandy,75.6,9.7,High,Guava,0.7001,1
2176.6,31.0,Sandy,72.8,10.1,Low,Papaya,0.6541,0
1598.3,17.5,Loamy,31.1,8.7,Medium,Lemon,0.7285,0
720.6,39.1,Red,34.7,7.6,Medium,Coconut,0.7055,0
4073.7,12.1,Red,87.6,6.8,Low,Jackfruit,0.4347,0
927.3,25.1,Clay,85.9,6.3,Low,Guava,0.8429,1
1904.4,25.4,Sandy,79.7,10.8,High,Sapota,0.8076,1
1506.2,18.7,Sandy,56.5,10.3,Medium,Sapota,0.7974,1
2943.9,46.1,Sandy,26.5,9.1,Medium,Amla,0.5752,1
3477.4,35.4,Loamy,68.4,8.7,High,Papaya,0.5401,1
1395.1,30.3,Alluvial,36.8,7.4,High,Mango,0.7349,1
1417.6,35.6,Sandy,25.4,10.1,Low,Coconut,0.6911,1
1134.1,36.7,Alluvial,53.9,6.7,Medium,Pomegranate,0.7458,1
1748.3,31.4,Red,77.3,6.8,Low,Mango,0.7133,1
1169.1,44.1,Alluvial,71.5,11.9,High,Lemon,0.5979,1
235.2,33.7,Loamy,10.9,9.3,Medium,Pomegranate,0.7208,1
2586.0,24.7,Alluvial,24.2,6.1,High,Jackfruit,0.7241,1
4154.1,20.5,Clay,35.8,3.1,High,Sapota,0.5114,0
4141.0,30.8,Sandy,64.0,9.7,Low,Coconut,0.5802,1
1210.1,23.7,Clay,39.1,8.4,Medium,Mango,0.7267,1
505.7,20.6,Clay,88.7,5.3,High,Mango,0.474,0
1257.0,37.4,Black,62.5,11.0,High,Pomegranate,0.7201,0
249.8,27.2,Red,27.7,8.1,Low,Coconut,0.5153,0
2583.6,34.9,Sandy,41.8,3.9,Medium,Lemon,0.5775,0
1311.6,36.6,Loamy,66.0,7.2,Low,Pomegranate,0.6686,1
1512.2,21.5,Alluvial,62.5,8.5,Low,Papaya,0.7375,1
2608.7,31.9,Clay,71.0,9.7,High,Banana,0.8082,1
2104.9,47.5,Clay,44.6,8.8,Low,Guava,0.5817,0
1203.6,34.8,Sandy,52.4,10.0,Medium,Lemon,0.7931,0
2494.0,29.1,Red,63.5,9.3,Medium,Banana,0.7841,1
551.4,32.2,Alluvial,65.6,11.4,Medium,Guava,0.7512,1
385.3,44.1,Red,37.6,6.8,High,Amla,0.7808,1
835.8,18.1,Sandy,78.8,8.6,Medium,Amla,0.8556,1
495.0,30.5,Red,30.0,11.2,Low,Banana,0.5733,0
1897.2,39.2,Sandy,54.2,7.0,High,Papaya,0.6943,1
1005.2,36.5,Loamy,25.8,9.9,High,Amla,0.8587,1
2460.6,23.0,Loamy,65.7,10.9,High,Banana,0.7677,0
2806.9,44.8,Black,60.2,9.8,High,Amla,0.6325,1
574.3,17.7,Loamy,37.3,10.9,Low,Lemon,0.7724,1
958.1,12.5,Black,36.6,10.5,Low,Coconut,0.5709,0
1537.8,35.7,Sandy,69.0,9.2,Medium,Coconut,0.7602,1
3630.7,30.1,Red,81.5,11.3,High,Pomegranate,0.5515,1
362.7,38.9,Sandy,66.1,7.7,High,Pomegranate,0.7237,1
2323.4,20.7,Clay,76.3,5.4,Low,Jackfruit,0.7405,1
948.5,22.5,Loamy,74.5,9.0,Medium,Lemon,0.7391,1
1121.6,16.6,Loamy,49.3,8.7,Medium,Pomegranate,0.754,1
1129.5,12.2,Sandy,63.8,9.7,Medium,Banana,0.494,1
1556.4,31.3,Red,81.7,6.7,Medium,Coconut,0.7815,1
2808.0,33.4,Loamy,94.4,11.0,Medium,Banana,0.7667,1
2011.2,31.8,Red,88.3,9.4,Medium,Coconut,0.8284,0
3323.5,16.1,Red,15.0,11.4,Low,Coconut,0.3786,0
2943.0,45.2,Sandy,75.6,9.6,High,Banana,0.511,0
1191.0,35.9,Loamy,57.0,7.0,Medium,Coconut,0.7952,1
340.4,16.4,Loamy,10.1,7.6,Medium,Pomegranate,0.7409,1
2908.3,17.8,Clay,11.9,11.2,Medium,Jackfruit,0.5764,1
361.5,36.4,Sandy,25.2,9.2,Medium,Lemon,0.7002,1
208.0,26.4,Loamy,55.2,10.8,Low,Pomegranate,0.6864,1
1841.9,30.5,Loamy,39.8,9.8,High,Lemon,0.717,1
2730.7,27.9,Black,33.0,6.6,Medium,Coconut,0.6972,1
1820.2,25.2,Loamy,59.4,9.7,High,Papaya,0.7824,1
1244.2,30.1,Loamy,56.4,9.9,High,Mango,0.7282,1
757.1,34.6,Alluvial,33.4,7.9,Medium,Mango,0.7815,0
2031.0,14.4,Red,57.5,8.2,Medium,Pomegranate,0.5458,1
853.2,22.4,Sandy,25.3,11.1,Medium,Sapota,0.8229,1
2656.4,30.7,Loamy,84.6,5.4,High,Banana,0.7297,1
971.2,34.1,Loamy,51.0,7.7,Low,Coconut,0.804,1
1431.6,26.9,Loamy,57.4,11.4,Medium,Banana,0.8017,1
1637.7,40.0,Red,50.8,11.3,Low,Papaya,0.6667,1
1776.3,22.4,Black,58.6,8.8,Medium,Amla,0.8417,1
4012.9,31.0,Red,74.5,8.9,Medium,Coconut,0.6204,1
2019.8,39.6,Loamy,18.8,3.9,High,Guava,0.6778,1
2072.9,25.4,Loamy,49.1,7.9,Low,Mango,0.7417,0
996.8,33.2,Sandy,53.6,8.1,Medium,Pomegranate,0.8002,0
1973.2,30.3,Red,88.1,8.6,Medium,Banana,0.7799,1
1390.5,24.8,Alluvial,84.1,11.5,Medium,Lemon,0.7514,0
1132.1,40.3,Sandy,27.7,6.1,Low,Sapota,0.8417,0
1309.4,13.7,Loamy,86.6,11.6,Medium,Sapota,0.7515,1
1073.8,44.8,Clay,92.8,6.8,High,Amla,0.689,1
614.8,28.2,Alluvial,64.5,9.9,Medium,Lemon,0.7801,1
548.1,30.8,Loamy,59.1,10.4,Low,Papaya,0.6135,1
1391.8,29.4,Red,74.8,8.6,Medium,Lemon,0.871,1
1176.0,46.7,Sandy,91.2,5.2,High,Mango,0.4168,0
1571.4,39.7,Sandy,63.1,8.1,Low,Sapota,0.7947,0
908.3,20.4,Red,56.1,5.1,High,Banana,0.6489,0
2518.7,27.0,Loamy,38.6,10.7,Medium,Mango,0.6681,0
1210.4,19.6,Clay,42.5,9.1,High,Amla,0.9484,1
2533.7,34.5,Alluvial,46.2,5.3,Medium,Banana,0.7944,1
473.5,25.0,Alluvial,74.2,10.3,Medium,Sapota,0.8473,1
3057.3,22.4,Sandy,31.1,7.7,Medium,Guava,0.6334,1
823.9,24.8,Clay,14.3,8.5,Low,Amla,0.8517,1
1438.5,27.4,Alluvial,40.1,7.3,High,Lemon,0.7873,1
656.3,34.0,Loamy,79.9,6.3,Low,Lemon,0.7538,1
318.9,24.1,Clay,44.9,7.2,Low,Guava,0.7042,1
1762.4,22.6,Alluvial,47.4,8.8,Medium,Papaya,0.6948,1
1044.3,31.1,Sandy,26.0,8.3,Low,Amla,0.8596,1
850.4,16.9,Alluvial,50.0,10.4,Medium,Lemon,0.7315,1
2188.9,24.2,Red,61.3,8.2,High,Mango,0.8177,1
1581.8,36.0,Alluvial,26.9,11.0,Low,Papaya,0.7561,0
1222.4,24.9,Sandy,55.8,11.0,High,Lemon,0.78,1
1986.1,39.4,Alluvial,56.8,8.7,Medium,Guava,0.7304,1
3534.3,17.4,Red,21.2,3.3,Medium,Jackfruit,0.5124,1
3423.9,21.0,Black,64.8,6.8,High,Mango,0.5882,0
1599.1,26.4,Alluvial,45.6,9.6,Medium,Banana,0.7938,1
3234.0,46.5,Clay,44.8,9.6,Low,Jackfruit,0.5115,0
2658.6,32.0,Clay,92.5,7.5,Low,Banana,0.8372,0
2929.1,31.5,Red,82.8,7.1,Low,Banana,0.7029,1
425.1,21.1,Red,35.3,12.0,Medium,Lemon,0.7378,1
2023.3,37.1,Red,76.2,8.7,Low,Sapota,0.8089,1
2329.7,30.2,Loamy,67.0,6.1,Medium,Mango,0.7082,1
3479.6,22.8,Loamy,48.4,6.8,Low,Lemon,0.5671,1
1125.0,19.2,Red,35.5,6.2,Medium,Guava,0.7939,1
2924.6,35.7,Alluvial,93.9,10.7,Low,Banana,0.7033,1
1408.9,33.4,Sandy,65.7,8.4,Medium,Coconut,0.8011,1
2183.6,36.5,Loamy,46.0,10.4,Medium,Banana,0.7737,1
2358.0,32.5,Loamy,81.0,9.5,Medium,Coconut,0.8427,1
293.1,40.9,Clay,30.4,4.1,Medium,Mango,0.4724,0
791.8,32.9,Loamy,86.7,10.4,Medium,Jackfruit,0.7457,0
1219.2,28.5,Clay,77.0,9.3,Medium,Jackfruit,0.6796,1
774.7,17.1,Alluvial,65.0,6.5,Medium,Jackfruit,0.6865,1
1937.7,31.0,Loamy,63.9,10.0,Low,Coconut,0.8072,1
3131.6,29.5,Red,46.2,6.7,Low,Banana,0.6817,0
3289.6,42.0,Loamy,90.1,3.5,High,Amla,0.5521,0
3625.5,21.8,Loamy,40.3,6.2,Medium,Guava,0.6489,1
1892.5,25.7,Red,79.9,10.4,High,Lemon,0.6675,1
484.2,20.3,Loamy,22.4,10.5,High,Amla,0.8591,0
1308.9,27.9,Alluvial,80.6,11.1,Medium,Lemon,0.7525,1
2268.9,26.0,Loamy,45.0,9.4,Low,Banana,0.7216,0
1503.3,35.5,Red,37.3,6.4,Low,Guava,0.855,1
1617.8,31.7,Sandy,49.4,8.4,Medium,Amla,0.8645,1
1743.1,45.2,Alluvial,90.4,3.2,Low,Amla,0.6043,1
2792.6,13.7,Black,63.2,10.9,Low,Amla,0.5605,1
3753.7,39.3,Sandy,30.8,8.3,High,Papaya,0.5479,0
4028.9,28.5,Sandy,65.7,10.4,Low,Guava,0.6247,1
1755.7,13.5,Sandy,62.5,10.7,High,Amla,0.7221,1
2389.6,25.9,Sandy,38.9,8.0,Medium,Papaya,0.6055,0
1739.3,35.0,Loamy,28.3,7.0,Medium,Papaya,0.7155,0
924.4,24.2,Clay,63.4,4.5,Medium,Banana,0.6808,1
1201.8,21.5,Loamy,35.9,6.6,Medium,Pomegranate,0.7947,1
2777.0,10.8,Black,70.2,3.3,High,Guava,0.3848,1
1943.2,33.3,Clay,48.3,4.5,Low,Jackfruit,0.7821,1
599.0,31.9,Black,58.8,9.9,Medium,Mango,0.6836,1
472.3,24.5,Loamy,72.1,10.7,High,Pomegranate,0.7499,1
258.4,19.1,Alluvial,65.0,6.6,High,Pomegranate,0.7371,1
1433.0,31.6,Red,23.4,11.0,Medium,Sapota,0.8322,1
2572.7,17.7,Alluvial,61.5,10.2,High,Sapota,0.6652,0
2455.0,24.0,Loamy,61.8,7.2,Medium,Mango,0.69,1
1841.5,19.1,Alluvial,23.5,8.2,Medium,Mango,0.7728,1
1483.2,14.6,Alluvial,79.7,5.3,Low,Banana,0.6175,0
2957.0,19.7,Alluvial,29.2,7.4,High,Amla,0.6931,1
215.4,38.9,Red,29.5,10.9,Low,Pomegranate,0.6215,0
613.9,31.0,Black,79.2,6.3,High,Banana,0.5392,1
1543.0,27.5,Sandy,47.3,6.8,High,Lemon,0.7536,1
1352.2,36.8,Alluvial,82.8,7.6,Medium,Banana,0.7196,1
3104.8,19.6,Clay,55.2,11.0,Medium,Banana,0.6403,1
429.6,16.7,Alluvial,52.4,8.9,Medium,Pomegranate,0.7794,1
581.5,31.5,Loamy,44.5,7.2,High,Lemon,0.8368,1
1098.5,37.4,Loamy,55.2,6.2,Medium,Sapota,0.7802,1
2513.5,32.9,Sandy,27.0,11.2,High,Coconut,0.8208,0
1257.1,37.6,Alluvial,80.4,10.1,Low,Banana,0.7417,1
2488.1,27.7,Clay,41.7,9.8,High,Jackfruit,0.8088,1
784.5,38.0,Red,27.9,8.6,High,Pomegranate,0.8366,0
2600.0,29.7,Clay,50.9,7.8,Medium,Jackfruit,0.7829,0
2160.7,23.7,Loamy,81.3,7.0,Medium,Jackfruit,0.7063,1
1119.9,22.3,Clay,65.6,8.8,Medium,Jackfruit,0.7326,1
1339.1,29.7,Red,22.2,5.9,High,Papaya,0.7205,1
1378.7,25.0,Black,59.8,6.3,High,Mango,0.7411,1
1975.6,47.6,Sandy,30.4,7.8,Medium,Papaya,0.5717,1
1848.7,21.7,Loamy,18.9,10.6,High,Guava,0.8359,1
3533.5,34.2,Alluvial,85.0,11.6,Medium,Coconut,0.6087,1
503.3,23.0,Red,56.4,5.4,Medium,Guava,0.8232,1
1526.7,32.2,Black,84.3,9.9,Medium,Sapota,0.74,1
2430.2,23.2,Black,32.7,6.1,Medium,Jackfruit,0.7285,1
1254.7,28.7,Red,36.9,10.1,High,Pomegranate,0.7796,1
1108.5,25.8,Loamy,24.6,7.6,Medium,Mango,0.7172,1
836.7,26.2,Alluvial,73.7,8.5,Medium,Sapota,0.8306,1
1329.2,30.4,Black,78.7,7.1,Medium,Sapota,0.8911,1
1296.7,39.5,Alluvial,50.0,11.3,High,Pomegranate,0.7426,0
4108.2,19.6,Alluvial,29.7,6.6,High,Pomegranate,0.651,1
830.7,38.4,Black,61.2,9.8,Low,Sapota,0.8077,0
1211.6,11.0,Clay,59.3,11.9,Medium,Amla,0.7048,0
1858.0,24.7,Alluvial,40.3,11.3,Low,Banana,0.7618,1
2150.5,26.5,Clay,41.0,7.1,High,Amla,0.7864,1
533.4,17.5,Loamy,17.2,7.9,High,Pomegranate,0.7255,0
2360.5,25.9,Alluvial,40.4,8.6,Medium,Mango,0.7418,1
3180.9,26.9,Red,41.4,10.3,Medium,Banana,0.711,1
626.5,16.6,Sandy,40.2,5.3,Low,Guava,0.7389,1
215.7,38.8,Loamy,85.2,5.9,High,Papaya,0.4417,0
1307.9,39.7,Loamy,12.9,8.3,High,Pomegranate,0.7297,1
2344.0,28.0,Loamy,88.1,7.2,Medium,Banana,0.7675,1
1767.9,28.8,Red,50.7,10.5,Medium,Lemon,0.7215,1
1299.7,21.6,Red,80.8,8.6,High,Banana,0.7756,0
2000.7,29.3,Red,59.0,11.0,Low,Banana,0.7762,1
3259.2,38.5,Black,34.4,3.2,High,Sapota,0.4182,0
1837.6,23.4,Clay,72.8,7.1,High,Jackfruit,0.7733,1
323.2,23.4,Black,71.5,3.0,Medium,Sapota,0.5637,0
2731.0,38.4,Black,27.0,5.1,Low,Jackfruit,0.6269,1
1943.5,23.2,Red,58.7,7.1,High,Mango,0.8042,0
1043.1,41.5,Sandy,64.5,11.0,High,Sapota,0.7141,1
1720.3,23.9,Alluvial,15.4,10.4,Low,Amla,0.8458,1
2032.0,24.8,Sandy,18.4,7.0,Low,Guava,0.7001,1
2004.7,42.9,Clay,13.0,10.4,Low,Guava,0.6627,0
2577.9,33.5,Alluvial,87.4,10.9,High,Amla,0.6632,0
2174.0,31.3,Sandy,74.7,8.7,Low,Sapota,0.762,0
2271.6,32.1,Alluvial,80.7,9.0,High,Jackfruit,0.7402,1
206.4,36.4,Clay,54.1,6.1,Medium,Amla,0.8004,0
912.5,36.5,Sandy,46.4,4.3,Medium,Papaya,0.7184,0
3657.3,43.6,Black,18.5,6.9,High,Sapota,0.4978,1
2857.8,31.1,Alluvial,67.8,6.0,High,Jackfruit,0.8131,0
433.6,23.1,Alluvial,47.9,5.8,Low,Papaya,0.6318,0
458.0,21.9,Loamy,42.7,7.4,Low,Mango,0.721,1
957.6,36.7,Red,35.1,10.0,Medium,Coconut,0.787,1
1579.7,45.1,Clay,86.7,6.3,Low,Banana,0.7014,1
749.3,29.9,Black,69.3,9.7,Low,Amla,0.8857,1
1776.5,22.8,Alluvial,64.0,10.5,Medium,Papaya,0.8024,1
2887.3,22.0,Alluvial,80.9,7.8,High,Coconut,0.6738,1
744.1,26.9,Alluvial,21.8,11.0,High,Pomegranate,0.8418,1
1454.7,18.2,Red,25.2,7.8,Medium,Lemon,0.8721,1
822.0,18.7,Sandy,74.0,9.0,High,Sapota,0.8486,1
1289.8,18.0,Loamy,87.2,9.2,High,Banana,0.6341,1
3530.3,46.8,Loamy,26.9,8.4,High,Lemon,0.477,1
2509.3,29.9,Black,31.5,11.2,High,Pomegranate,0.6533,1
1023.1,34.5,Sandy,68.0,5.3,Low,Guava,0.8458,1
1104.0,38.8,Clay,14.4,10.4,Low,Amla,0.8879,1
1648.9,35.2,Loamy,43.3,6.3,Low,Lemon,0.7789,1
2218.8,22.1,Alluvial,26.4,6.5,Medium,Coconut,0.703,0
1787.1,30.1,Red,43.6,7.2,High,Guava,0.8733,1
594.9,27.2,Loamy,49.9,9.9,High,Sapota,0.8586,1
1718.1,22.8,Loamy,38.7,6.5,Medium,Mango,0.7727,1
1235.7,25.8,Red,22.1,8.9,Medium,Pomegranate,0.8082,1
3395.0,18.6,Red,17.4,4.9,High,Jackfruit,0.5488,1
203.1,37.6,Black,53.7,7.0,Low,Amla,0.7682,1
1574.0,43.5,Red,51.6,10.2,High,Amla,0.77,1
2079.0,27.2,Sandy,49.0,9.9,Medium,Papaya,0.7366,1
1479.9,18.7,Red,37.6,9.6,Medium,Amla,0.8915,1
2058.2,25.3,Clay,36.9,7.5,Medium,Banana,0.634,1
1030.3,16.4,Black,20.5,8.1,High,Sapota,0.7399,0
1277.0,30.2,Sandy,65.4,7.3,High,Coconut,0.8145,1
610.3,39.9,Black,47.3,11.1,Low,Pomegranate,0.7689,1
1724.6,22.6,Clay,85.3,6.4,Low,Jackfruit,0.7086,1
763.8,17.9,Sandy,17.5,10.1,Low,Amla,0.849,0
1517.5,24.0,Black,8.5,5.9,Low,Guava,0.7162,0
3872.3,20.6,Loamy,82.3,5.6,High,Mango,0.5305,0
1737.3,36.5,Loamy,77.6,8.6,High,Lemon,0.6434,1
1398.9,23.8,Loamy,23.8,8.6,High,Pomegranate,0.7441,1
1655.7,19.5,Black,41.9,4.3,High,Amla,0.7555,1
2858.8,20.6,Loamy,79.0,8.9,High,Coconut,0.7018,1
728.3,40.9,Clay,78.2,8.3,Low,Guava,0.7444,1
2508.2,31.8,Alluvial,80.6,9.0,High,Mango,0.6553,1
827.9,21.5,Red,36.6,11.0,Medium,Mango,0.6989,0
1182.1,40.5,Loamy,41.6,9.9,Medium,Amla,0.8955,1
858.5,32.2,Loamy,72.0,10.7,Medium,Lemon,0.7643,0
1178.9,28.1,Alluvial,41.3,10.6,High,Jackfruit,0.8082,1
1572.0,26.0,Red,62.9,5.3,Low,Sapota,0.8296,1
2810.9,37.0,Clay,29.9,4.9,Medium,Jackfruit,0.7224,1
531.4,21.1,Sandy,70.4,11.0,Medium,Coconut,0.6292,1
2449.4,21.7,Loamy,74.2,6.6,Low,Jackfruit,0.7778,1
1172.4,22.0,Alluvial,26.7,10.7,High,Papaya,0.726,1
658.1,32.4,Sandy,12.6,10.3,High,Coconut,0.6248,1
1707.9,32.4,Red,51.6,9.9,Medium,Jackfruit,0.7863,0
989.1,25.3,Red,54.3,10.6,Medium,Amla,0.8065,1
2180.2,28.8,Loamy,36.4,9.3,High,Papaya,0.7053,1
1533.0,36.0,Clay,53.5,11.4,Low,Banana,0.7675,0
707.3,17.8,Red,86.7,7.9,Medium,Coconut,0.5276,0
1524.6,34.6,Red,40.5,10.3,Medium,Amla,0.7736,1
2785.1,40.9,Loamy,51.9,9.5,Medium,Banana,0.6843,0
2386.3,33.1,Red,34.7,6.1,Medium,Papaya,0.6522,1
2972.5,14.4,Sandy,26.8,9.4,Medium,Jackfruit,0.5813,1
1816.3,18.1,Sandy,62.6,8.8,Medium,Papaya,0.6573,1
2170.8,37.2,Red,65.7,4.9,Low,Banana,0.7352,1
875.2,21.6,Clay,28.0,3.4,High,Jackfruit,0.7062,1
1067.3,37.0,Red,57.5,9.3,Medium,Mango,0.6496,1
1854.1,24.1,Alluvial,45.8,9.8,Low,Coconut,0.8006,1
772.1,16.8,Alluvial,46.3,8.4,Medium,Amla,0.9001,1
2840.7,25.2,Loamy,87.3,7.0,Medium,Banana,0.7793,1
433.0,32.4,Alluvial,38.8,6.7,Low,Lemon,0.7704,1
1362.1,30.8,Black,81.6,10.2,High,Sapota,0.7707,0
3931.1,18.5,Clay,17.1,6.0,High,Jackfruit,0.5958,0
1577.5,35.4,Sandy,37.2,8.4,High,Amla,0.8409,0
593.1,29.6,Sandy,40.7,7.5,Medium,Papaya,0.6205,1
1475.0,24.5,Loamy,21.9,9.1,High,Mango,0.7023,1
1510.1,18.6,Loamy,42.9,8.5,Medium,Jackfruit,0.762,1
2520.9,32.1,Red,77.0,6.7,Medium,Jackfruit,0.82,1
1523.9,24.7,Loamy,26.8,8.3,Medium,Papaya,0.7619,1
1601.3,25.6,Loamy,29.5,5.8,High,Jackfruit,0.7462,0
2646.7,38.3,Loamy,72.3,5.2,High,Pomegranate,0.5259,1
1052.5,19.6,Alluvial,10.1,7.0,Medium,Pomegranate,0.757,1
2535.4,34.0,Sandy,24.9,11.2,Low,Jackfruit,0.7437,1
1493.0,24.4,Alluvial,73.7,8.0,High,Lemon,0.7672,1
2344.8,47.3,Loamy,26.9,11.6,High,Banana,0.5421,1
762.7,35.1,Sandy,39.8,8.9,Medium,Amla,0.8493,1
334.1,39.8,Red,65.0,5.2,High,Banana,0.4784,1
1031.5,15.0,Alluvial,78.3,11.3,High,Lemon,0.6474,1
1550.5,32.5,Red,30.4,10.2,Medium,Sapota,0.8512,1
545.4,43.7,Clay,20.8,11.8,Medium,Papaya,0.4619,0
2060.7,30.9,Alluvial,94.3,8.6,Medium,Banana,0.7918,1
1176.7,34.2,Loamy,73.5,5.6,Low,Lemon,0.7775,0
711.0,38.7,Alluvial,48.9,7.2,Medium,Papaya,0.7124,1
1191.9,24.2,Sandy,45.5,6.5,Low,Coconut,0.7939,1
456.5,16.0,Black,88.9,5.3,High,Sapota,0.6094,0
2839.3,28.4,Sandy,41.2,10.3,Low,Coconut,0.7899,1
575.2,23.2,Loamy,20.7,11.0,Medium,Lemon,0.7718,1
671.0,31.7,Black,21.2,8.4,Medium,Mango,0.7072,1
2789.3,33.7,Red,84.6,9.6,High,Lemon,0.5663,1
455.9,36.6,Alluvial,46.4,9.3,Low,Pomegranate,0.8727,1
888.1,35.4,Alluvial,71.9,6.6,Low,Jackfruit,0.7387,1
1342.4,40.1,Sandy,33.3,10.1,High,Guava,0.8143,1
1023.2,35.0,Alluvial,73.6,11.4,High,Lemon,0.7354,1
3523.0,29.0,Clay,68.2,8.1,Medium,Guava,0.6931,1
3727.5,14.8,Loamy,85.5,5.7,Low,Pomegranate,0.4379,0
1572.1,30.0,Loamy,62.0,10.2,High,Coconut,0.808,1
2389.3,39.3,Alluvial,62.3,10.2,Medium,Papaya,0.6283,1
3011.4,39.2,Red,38.9,11.2,High,Guava,0.6239,0
613.5,23.9,Loamy,28.2,10.9,Medium,Lemon,0.7743,1
3431.6,26.2,Black,39.0,6.8,High,Jackfruit,0.5508,1
1035.1,32.2,Red,43.5,6.0,High,Mango,0.7739,1
1745.7,31.6,Alluvial,36.3,7.7,Medium,Amla,0.8246,0
513.9,24.8,Black,75.4,10.6,Medium,Pomegranate,0.7831,1
1660.7,29.5,Red,16.5,7.3,Medium,Lemon,0.7864,1
754.6,36.6,Red,69.6,9.5,Low,Amla,0.9105,1
934.3,21.1,Red,65.3,3.8,Low,Sapota,0.8566,1
1569.0,41.9,Alluvial,33.1,7.0,Low,Mango,0.7018,1
212.3,26.2,Red,52.1,11.3,High,Pomegranate,0.7398,0
1241.8,16.9,Alluvial,11.7,11.4,Medium,Pomegranate,0.6677,1
1842.9,14.5,Clay,71.5,4.8,High,Pomegranate,0.4187,0
2998.0,27.7,Loamy,49.3,11.0,Medium,Coconut,0.7392,1
3754.6,28.4,Red,70.6,5.8,High,Mango,0.5794,0
1192.0,23.0,Alluvial,30.9,6.7,Medium,Lemon,0.7599,1
2266.8,44.9,Clay,22.0,4.1,Low,Coconut,0.5691,1
2135.7,40.4,Alluvial,21.3,8.5,Low,Sapota,0.8084,1
1836.9,19.3,Sandy,79.1,11.4,Low,Lemon,0.6668,0
1133.0,35.2,Alluvial,76.2,9.1,Medium,Papaya,0.8024,0
910.5,21.4,Loamy,92.0,10.4,Medium,Banana,0.7216,0
1220.7,16.2,Loamy,58.2,10.0,Low,Jackfruit,0.6907,1
1231.3,28.1,Clay,30.1,10.7,Medium,Jackfruit,0.7935,1
1770.1,32.8,Black,49.7,7.9,High,Mango,0.7669,0
1108.7,27.4,Loamy,78.7,11.2,High,Coconut,0.7741,1
1708.4,24.2,Loamy,80.7,6.3,Low,Mango,0.7261,1
1245.0,42.8,Alluvial,68.4,10.3,Medium,Amla,0.8482,1
1100.5,37.8,Clay,37.7,6.1,High,Jackfruit,0.8139,1
2215.2,28.3,Red,78.1,11.3,Low,Jackfruit,0.7759,1
1789.3,20.8,Red,25.4,6.3,Medium,Papaya,0.7039,0
815.5,14.5,Clay,76.1,7.2,Low,Amla,0.8026,1
3566.7,40.0,Alluvial,34.7,7.8,Medium,Guava,0.6233,1
1574.6,25.8,Sandy,40.3,7.4,Medium,Coconut,0.8651,1
1152.3,13.0,Black,35.6,7.3,Low,Lemon,0.6606,1
2442.6,43.6,Red,17.4,10.4,Medium,Sapota,0.5693,0
417.2,28.3,Red,27.8,10.1,Low,Pomegranate,0.8415,1
1134.0,34.5,Clay,53.7,9.5,High,Banana,0.7886,1
2289.2,18.8,Alluvial,33.9,8.0,Low,Jackfruit,0.8306,1
1520.1,38.8,Loamy,30.5,9.6,High,Guava,0.7732,1
1756.2,35.7,Black,32.9,10.5,High,Sapota,0.7737,0
1825.4,36.7,Alluvial,69.6,6.5,Medium,Papaya,0.7092,1
518.7,34.7,Red,38.3,6.3,High,Amla,0.819,1
2041.6,47.8,Clay,39.8,7.2,Medium,Banana,0.6278,0
1193.0,20.5,Clay,87.3,11.0,High,Banana,0.7598,1
555.4,18.9,Sandy,26.9,10.4,Medium,Pomegranate,0.7928,1
1384.0,36.7,Sandy,48.7,9.5,Medium,Pomegranate,0.7833,1
1400.9,23.1,Red,70.2,6.5,High,Jackfruit,0.7965,1
1078.9,29.5,Alluvial,13.1,10.7,High,Pomegranate,0.8029,1
1549.7,19.2,Red,89.0,9.6,High,Banana,0.7909,1
701.3,40.6,Black,60.8,7.5,Low,Mango,0.7001,0
3162.2,39.4,Alluvial,44.2,8.8,Medium,Lemon,0.5565,0
2054.2,32.2,Clay,29.7,6.0,Low,Guava,0.8031,1
1784.5,37.1,Alluvial,44.7,10.7,Medium,Banana,0.8213,1
655.4,21.1,Black,80.7,6.9,Low,Sapota,0.6742,1
2020.9,22.8,Red,43.7,10.0,High,Sapota,0.7815,1
1150.0,32.9,Sandy,49.1,7.4,Low,Sapota,0.8467,1
2229.5,28.3,Alluvial,35.6,4.6,Medium,Banana,0.7195,0
1559.5,27.9,Sandy,15.8,7.9,High,Amla,0.8427,1
1759.4,34.0,Loamy,64.4,7.2,Medium,Sapota,0.7355,0
3636.5,18.7,Clay,24.8,4.8,High,Mango,0.427,0
1701.7,26.3,Loamy,60.4,5.8,High,Mango,0.7213,1
1003.8,29.7,Loamy,60.3,7.0,Low,Pomegranate,0.8258,1
1277.3,30.1,Sandy,74.2,9.3,Medium,Guava,0.7396,0
644.8,26.3,Alluvial,14.7,10.4,Low,Pomegranate,0.878,1
1718.3,12.3,Sandy,78.0,5.3,Low,Pomegranate,0.4533,1
2334.0,36.2,Clay,41.1,9.4,Medium,Jackfruit,0.7649,1
3344.8,15.6,Sandy,52.3,10.7,High,Banana,0.5466,1
879.2,33.3,Sandy,59.2,10.1,Low,Coconut,0.7429,0
1330.7,35.7,Red,75.8,10.0,High,Lemon,0.7856,0
3803.9,47.1,Sandy,86.2,4.1,Low,Guava,0.4513,1
4133.5,44.4,Sandy,22.7,10.2,Medium,Pomegranate,0.5127,0
3279.2,29.4,Black,59.3,8.1,High,Coconut,0.6855,1
790.1,20.6,Sandy,28.5,6.2,Low,Amla,0.9237,1
4140.0,10.6,Red,13.0,7.5,High,Lemon,0.5245,0
1728.7,19.5,Alluvial,86.9,9.1,High,Jackfruit,0.6965,1
715.4,22.9,Alluvial,20.1,5.7,Medium,Mango,0.669,1
2670.5,22.0,Clay,78.2,7.8,Medium,Jackfruit,0.7221,1
626.3,29.5,Red,74.1,7.8,Low,Papaya,0.7084,1
1256.8,33.1,Alluvial,57.7,8.0,Medium,Papaya,0.7144,1
2093.6,22.2,Alluvial,40.3,7.2,Medium,Papaya,0.6955,1
980.5,37.7,Black,62.9,11.1,Low,Pomegranate,0.8438,1
2919.0,40.0,Red,91.7,10.0,Medium,Coconut,0.6761,1
3441.9,21.1,Alluvial,53.0,5.1,Medium,Pomegranate,0.6772,0
614.2,36.0,Sandy,78.7,10.2,Medium,Jackfruit,0.5981,0
3401.7,29.4,Sandy,42.0,7.3,Medium,Jackfruit,0.6129,0
717.9,28.7,Alluvial,85.6,10.9,Medium,Sapota,0.7868,1
1518.0,26.0,Clay,29.5,5.9,High,Jackfruit,0.8008,1
983.9,17.9,Clay,78.5,8.4,Medium,Jackfruit,0.7039,1
1866.9,24.4,Alluvial,44.6,7.7,Low,Coconut,0.7468,1
373.8,46.7,Clay,35.5,6.3,High,Sapota,0.5395,1
886.4,35.4,Loamy,47.2,7.5,Low,Sapota,0.862,1
1644.3,35.5,Sandy,24.4,8.2,Medium,Guava,0.8931,1
1252.2,21.2,Alluvial,60.2,5.6,Medium,Banana,0.791,1
683.1,17.3,Red,61.3,8.4,High,Guava,0.7873,1
914.5,32.9,Red,62.3,6.4,Medium,Mango,0.7641,1
2224.4,30.9,Red,61.1,11.1,Medium,Jackfruit,0.7408,0
774.5,29.0,Loamy,26.5,8.2,Medium,Lemon,0.7839,0
1345.2,29.7,Alluvial,66.9,5.6,High,Papaya,0.8046,1
2402.8,41.0,Clay,91.4,10.1,Low,Mango,0.5774,1
895.2,28.3,Loamy,18.2,10.6,Medium,Lemon,0.7584,1
3051.1,35.0,Alluvial,86.3,8.5,High,Papaya,0.5287,0
1432.5,28.5,Alluvial,45.2,10.8,Medium,Sapota,0.8745,1
3278.4,47.2,Sandy,94.8,11.0,Medium,Banana,0.4191,0
890.0,19.7,Loamy,26.3,10.3,Low,Lemon,0.7192,1
1120.4,34.0,Alluvial,60.4,10.6,Medium,Pomegranate,0.7159,1
713.2,35.4,Loamy,41.0,11.5,Medium,Mango,0.7937,1
1190.6,28.0,Sandy,24.6,10.2,High,Guava,0.8039,0
756.1,22.5,Alluvial,26.6,10.9,High,Jackfruit,0.6211,1
1004.6,24.0,Sandy,32.2,7.7,Medium,Lemon,0.8233,1
1997.4,20.1,Sandy,53.6,8.5,Low,Sapota,0.7821,1
2947.8,43.9,Black,67.0,5.6,Low,Mango,0.5397,0
979.8,37.9,Red,74.3,6.5,Medium,Amla,0.8223,1
1347.3,20.3,Clay,55.4,6.8,High,Papaya,0.6443,1
1629.8,14.1,Sandy,12.4,4.6,High,Papaya,0.5041,1
1479.8,31.9,Loamy,65.6,10.6,Medium,Lemon,0.7917,1
3285.3,25.6,Sandy,21.5,11.5,High,Guava,0.6393,1
861.4,30.7,Red,45.0,8.9,Low,Lemon,0.7884,1
2663.5,18.9,Alluvial,7.2,10.8,Low,Mango,0.558,0
1672.1,34.0,Loamy,21.6,10.9,Low,Papaya,0.7359,1
921.8,28.4,Loamy,45.4,7.1,High,Banana,0.668,0
3017.0,17.6,Alluvial,60.7,4.8,High,Papaya,0.4998,1
2395.3,21.0,Loamy,75.7,4.9,Low,Banana,0.7307,1
2165.1,13.6,Clay,20.2,9.2,Low,Sapota,0.5553,1
1444.0,28.5,Sandy,49.1,6.3,Low,Lemon,0.7814,0
2719.3,27.1,Red,65.0,4.8,Low,Banana,0.8249,0
545.5,40.9,Sandy,46.2,11.1,Medium,Pomegranate,0.8352,0
912.1,29.9,Loamy,54.0,9.5,Medium,Lemon,0.7691,1
523.7,38.0,Clay,62.3,10.5,Medium,Guava,0.7744,1
1681.7,34.6,Alluvial,41.9,9.6,Medium,Sapota,0.8516,1
964.5,28.1,Alluvial,28.4,8.4,Low,Papaya,0.8052,1
2181.5,25.9,Loamy,30.8,7.8,Low,Jackfruit,0.8034,0
2727.3,19.9,Loamy,62.1,7.9,Low,Mango,0.6751,1
1520.6,33.9,Alluvial,94.2,6.5,Low,Coconut,0.7649,1
3809.7,19.9,Clay,11.0,5.8,Low,Lemon,0.5033,0
573.4,15.4,Loamy,90.9,8.1,High,Pomegranate,0.6507,0
1442.2,25.9,Alluvial,45.6,9.1,Medium,Papaya,0.6907,1
1911.1,18.3,Loamy,82.8,8.9,Medium,Jackfruit,0.7262,1
1680.4,43.1,Red,8.1,8.9,Medium,Amla,0.8047,1
1702.0,19.7,Alluvial,49.5,9.0,Medium,Amla,0.8828,1
2235.0,25.5,Red,41.2,5.8,Medium,Banana,0.7721,1
2821.4,17.2,Sandy,92.9,7.7,Medium,Lemon,0.5993,1
3228.0,11.8,Black,29.2,3.2,Medium,Mango,0.3941,0
2682.2,39.4,Sandy,66.4,6.5,High,Sapota,0.5748,0
833.0,27.0,Red,28.1,10.3,Medium,Jackfruit,0.721,0
376.0,16.4,Loamy,47.1,7.7,High,Amla,0.8347,1
1640.3,32.2,Red,75.5,6.9,Medium,Guava,0.8357,1
894.1,24.8,Loamy,60.0,10.1,Low,Jackfruit,0.7118,1
941.7,38.3,Loamy,64.7,6.6,Low,Jackfruit,0.6985,0
1202.0,17.1,Black,17.4,11.3,High,Amla,0.7833,1
3711.2,36.3,Clay,85.5,9.1,Low,Coconut,0.5755,0
2573.5,21.2,Alluvial,44.8,5.6,Medium,Banana,0.8155,1
326.1,14.6,Alluvial,62.0,11.1,High,Mango,0.4957,0
1059.7,21.0,Loamy,66.0,7.4,High,Guava,0.7959,1
1967.9,23.7,Black,45.3,8.2,Medium,Mango,0.7726,1
1507.7,32.0,Red,66.6,8.4,High,Papaya,0.7475,1
2417.5,12.6,Loamy,36.6,6.0,Low,Pomegranate,0.4898,1
1793.1,19.6,Clay,48.4,8.6,High,Jackfruit,0.7748,0
1497.2,32.0,Red,53.3,6.4,High,Coconut,0.7592,1
1039.9,39.6,Red,34.0,10.8,Medium,Mango,0.7295,1
739.2,19.1,Sandy,33.8,6.0,Low,Sapota,0.7889,1
216.5,32.6,Alluvial,30.9,9.0,Medium,Amla,0.7598,1
1425.7,31.8,Alluvial,37.4,5.7,High,Banana,0.798,1
3761.2,22.2,Red,63.1,11.0,High,Coconut,0.5394,0
2855.2,36.0,Red,48.3,9.0,Low,Guava,0.6219,1
1002.1,41.2,Clay,90.4,6.4,Medium,Coconut,0.6094,0
3313.9,41.6,Clay,33.2,9.1,High,Banana,0.6614,1
1992.3,33.2,Sandy,89.8,7.3,High,Guava,0.6698,0
2266.7,18.8,Red,81.8,10.9,Medium,Banana,0.6839,0
2832.9,25.2,Loamy,79.9,10.2,High,Banana,0.7978,0
3717.5,47.7,Red,38.8,11.5,Low,Coconut,0.4801,0
870.4,20.3,Alluvial,52.0,10.0,Medium,Papaya,0.6707,1
710.3,27.6,Loamy,53.0,6.5,High,Amla,0.8624,1
1657.6,28.6,Red,74.0,11.5,Medium,Lemon,0.7552,1
1140.2,31.1,Sandy,81.1,10.8,High,Lemon,0.7379,1
2904.3,38.7,Loamy,30.9,10.6,Low,Coconut,0.6334,1
2265.9,34.5,Loamy,44.0,11.1,Low,Banana,0.8094,1
602.0,44.5,Clay,66.1,7.7,Medium,Amla,0.8662,1
958.6,27.1,Alluvial,13.2,10.0,High,Pomegranate,0.7869,1
1804.7,37.9,Red,70.9,7.2,Medium,Mango,0.7701,1
554.0,37.7,Alluvial,73.7,9.0,Medium,Mango,0.7175,1
1538.2,37.6,Alluvial,80.9,8.6,Medium,Mango,0.8274,1
1975.5,23.3,Sandy,65.3,11.0,Medium,Sapota,0.8246,1
2374.8,25.4,Alluvial,47.0,9.7,Medium,Coconut,0.7759,1
997.7,26.4,Alluvial,65.9,8.6,Medium,Mango,0.7261,1
2764.2,24.5,Alluvial,21.6,9.8,Low,Guava,0.5946,1
3556.8,34.8,Black,50.2,9.5,Medium,Mango,0.5875,1
2356.0,37.7,Loamy,35.3,8.5,Low,Jackfruit,0.7426,1
1553.9,33.6,Loamy,77.8,8.1,Low,Mango,0.781,1
1115.2,16.4,Red,32.7,6.9,Low,Guava,0.7399,1
1746.2,18.4,Loamy,85.4,10.0,Medium,Banana,0.7544,0
680.6,10.7,Sandy,76.1,4.7,Low,Coconut,0.5453,1
514.9,19.1,Black,10.5,6.5,Low,Pomegranate,0.7941,1
1572.2,19.5,Loamy,58.3,6.2,Medium,Sapota,0.8308,1
1392.2,30.5,Sandy,66.5,7.6,Low,Guava,0.7538,1
1682.2,14.8,Sandy,35.9,8.9,Medium,Lemon,0.7707,1
1324.7,40.4,Alluvial,67.5,10.2,Medium,Papaya,0.6938,1
720.1,35.7,Alluvial,91.6,9.7,High,Coconut,0.6849,1
1927.1,36.0,Red,61.4,8.1,Low,Banana,0.7574,1
2802.2,25.0,Alluvial,59.8,3.4,Low,Guava,0.642,1
740.5,18.6,Alluvial,63.1,8.4,Medium,Guava,0.8424,1
1485.8,32.2,Alluvial,32.3,8.2,Medium,Jackfruit,0.7461,0
2056.3,31.9,Loamy,81.5,9.7,High,Guava,0.764,1
546.9,27.9,Alluvial,45.6,9.5,Medium,Guava,0.8013,1
1762.8,39.1,Black,45.1,6.1,High,Guava,0.7375,1
1659.0,45.0,Sandy,22.1,7.2,Medium,Amla,0.7829,1
756.5,22.3,Sandy,40.4,5.7,High,Guava,0.7356,1
2394.0,35.0,Red,30.0,10.1,Medium,Jackfruit,0.7887,0
795.5,27.6,Sandy,36.5,8.9,Medium,Amla,0.8545,0
2078.3,20.0,Alluvial,18.2,8.0,Medium,Guava,0.7988,0
2830.9,21.1,Sandy,75.2,7.8,Medium,Coconut,0.6672,1
2555.1,30.1,Red,78.3,6.8,High,Banana,0.7611,1
2076.9,28.7,Sandy,27.3,5.7,Medium,Papaya,0.777,1
2305.7,30.5,Clay,81.4,5.7,High,Jackfruit,0.7998,1
2176.7,22.2,Alluvial,60.5,8.0,High,Papaya,0.7149,0
2144.2,32.7,Sandy,85.9,7.1,Medium,Guava,0.7806,0
554.2,19.7,Sandy,75.9,9.7,Medium,Amla,0.8296,0
2153.8,22.1,Red,42.9,10.8,Medium,Papaya,0.7522,1
4049.8,23.4,Red,23.3,11.2,Low,Amla,0.6697,1
1432.6,20.7,Sandy,51.7,10.4,Medium,Papaya,0.7163,0
1239.3,31.3,Loamy,78.5,10.4,Medium,Papaya,0.6869,0
758.3,40.2,Sandy,63.4,5.8,Medium,Papaya,0.6811,1
2001.5,22.4,Sandy,47.4,10.4,High,Mango,0.7166,1
988.5,39.3,Alluvial,79.5,7.6,Low,Coconut,0.66,0
3968.8,35.7,Loamy,24.2,6.2,High,Banana,0.5739,0
1183.9,34.4,Red,71.6,6.4,Medium,Coconut,0.7461,1
1603.9,25.4,Black,40.4,4.7,High,Mango,0.7309,1
1993.2,46.3,Alluvial,18.3,10.7,Low,Banana,0.5364,0
1480.3,26.4,Red,35.0,8.3,Medium,Lemon,0.9071,1
1949.8,30.7,Alluvial,86.4,7.3,High,Jackfruit,0.7301,1
3159.1,24.5,Clay,78.9,8.9,Medium,Sapota,0.5767,1
2058.5,38.7,Loamy,43.0,5.8,High,Sapota,0.6986,0
1817.2,43.3,Red,22.0,7.9,High,Guava,0.7,1
1817.8,34.7,Black,53.1,10.1,Medium,Sapota,0.7145,0
636.0,31.9,Sandy,26.8,10.9,Low,Guava,0.8673,1
758.4,34.2,Loamy,54.8,10.6,Low,Jackfruit,0.6445,0
1351.6,23.1,Sandy,25.0,10.0,Low,Guava,0.82,1
1954.2,22.4,Alluvial,24.1,8.6,Medium,Guava,0.7759,1
1625.4,31.8,Black,21.4,11.2,Medium,Mango,0.7215,1
1923.1,31.9,Sandy,47.7,11.4,Medium,Papaya,0.7474,0
1805.2,26.0,Black,19.5,3.9,High,Papaya,0.6295,0
1261.5,21.1,Red,84.9,5.7,Medium,Sapota,0.8642,1
1966.1,31.4,Black,44.2,4.8,High,Pomegranate,0.6369,1
1958.9,42.5,Loamy,71.5,6.4,Medium,Guava,0.6583,1
1861.9,32.1,Red,55.8,9.7,Medium,Lemon,0.7431,1
852.3,29.0,Clay,35.7,6.4,Low,Guava,0.8633,1
1200.1,40.3,Loamy,74.0,11.3,High,Mango,0.7206,0
2307.3,45.6,Black,22.1,8.6,High,Lemon,0.3604,0
1863.4,20.2,Alluvial,16.0,6.6,Low,Lemon,0.7868,0
1053.1,37.7,Loamy,58.0,8.6,Medium,Mango,0.7904,1
2899.8,20.7,Alluvial,40.6,6.2,Medium,Coconut,0.7436,1
1543.5,22.5,Alluvial,85.3,8.4,Medium,Pomegranate,0.7524,1
1874.4,23.7,Red,50.3,10.1,Medium,Coconut,0.8063,1
2466.9,21.2,Alluvial,89.9,11.2,High,Jackfruit,0.744,0
1778.0,29.3,Sandy,63.6,7.1,Medium,Guava,0.7969,1
424.7,25.6,Alluvial,72.4,10.9,Medium,Guava,0.7445,0
3010.5,38.8,Red,45.1,6.3,Medium,Banana,0.6932,1
1974.0,29.2,Black,62.6,6.6,Medium,Sapota,0.8139,1
1168.1,25.0,Sandy,35.5,11.2,Medium,Pomegranate,0.8133,0
3056.6,38.1,Red,50.2,7.3,Low,Banana,0.7205,0
1416.6,27.7,Clay,6.6,10.3,High,Jackfruit,0.7618,1
1173.5,26.7,Clay,49.5,11.4,Medium,Guava,0.9465,1
1074.3,31.2,Alluvial,75.2,10.3,Medium,Jackfruit,0.7577,1
579.0,22.6,Black,74.0,10.7,Medium,Sapota,0.7853,1
3090.7,41.7,Alluvial,68.8,8.2,High,Coconut,0.6526,0
553.4,36.0,Clay,78.8,8.8,High,Amla,0.8454,1
1514.3,20.3,Loamy,58.9,7.1,Medium,Coconut,0.7146,1
1526.8,28.2,Sandy,15.7,8.5,Low,Amla,0.8489,1
555.0,39.7,Black,79.4,7.5,Medium,Sapota,0.7035,1
784.1,25.9,Loamy,58.2,7.8,Low,Amla,0.8656,1
1161.4,40.2,Loamy,22.9,5.2,Low,Banana,0.5809,1
803.0,36.0,Red,58.0,6.0,Low,Guava,0.8196,1
2784.9,22.3,Red,39.9,9.6,Medium,Banana,0.7652,1
2342.0,25.7,Red,38.4,3.0,High,Pomegranate,0.5723,1
1755.1,24.7,Sandy,50.3,4.7,High,Guava,0.8576,1
1789.9,33.0,Red,29.2,8.8,Medium,Amla,0.7954,1
1065.4,34.2,Alluvial,74.0,8.2,Low,Pomegranate,0.7595,1
1394.6,21.4,Loamy,36.3,5.9,Medium,Papaya,0.7197,1
795.2,39.2,Red,62.7,7.5,Low,Papaya,0.6962,1
539.5,13.0,Clay,62.5,7.5,High,Amla,0.793,1
4101.0,31.9,Loamy,74.0,6.6,High,Pomegranate,0.4904,1
1829.3,35.0,Alluvial,50.2,11.2,Medium,Jackfruit,0.7716,1
2508.2,25.8,Clay,28.8,7.3,Low,Jackfruit,0.809,0
1735.6,25.6,Sandy,40.7,8.3,High,Guava,0.8895,1
638.2,21.9,Loamy,82.6,10.6,Low,Lemon,0.7342,0
280.6,15.8,Sandy,84.8,7.1,High,Mango,0.4298,0
863.8,24.5,Alluvial,11.5,11.1,Medium,Pomegranate,0.7899,1
2954.0,46.2,Sandy,20.9,12.0,Medium,Jackfruit,0.4687,0
4107.9,18.2,Black,63.9,10.7,Medium,Amla,0.6952,0
905.1,37.0,Sandy,86.3,6.3,Medium,Sapota,0.8214,0
1859.5,32.8,Alluvial,58.7,6.8,Medium,Jackfruit,0.759,0
3847.5,38.9,Alluvial,25.4,11.9,Medium,Coconut,0.5677,1
3690.5,11.9,Black,19.5,5.5,High,Banana,0.3397,0
331.1,34.1,Clay,44.0,4.7,High,Pomegranate,0.5803,1
1217.6,12.7,Clay,60.5,3.0,High,Papaya,0.471,0
452.2,27.0,Black,68.4,8.8,Medium,Amla,0.8938,1
1341.5,31.0,Loamy,44.4,10.9,Low,Pomegranate,0.7052,0
3025.2,12.8,Loamy,85.5,7.4,Medium,Papaya,0.3422,0
2387.6,13.1,Black,89.7,9.4,Low,Lemon,0.3867,0
1283.8,35.2,Sandy,86.0,10.3,Medium,Sapota,0.8073,1
759.2,16.5,Black,16.3,7.9,Medium,Pomegranate,0.7763,0
2526.2,27.2,Clay,75.2,5.4,Medium,Banana,0.7217,1
1143.3,21.4,Sandy,50.9,8.9,Medium,Coconut,0.694,1
1217.8,40.5,Sandy,73.0,7.8,High,Pomegranate,0.6836,1
1358.9,21.2,Loamy,51.9,8.9,Low,Lemon,0.7962,1
1840.8,25.6,Alluvial,35.9,6.1,Medium,Jackfruit,0.7836,1
1870.5,31.9,Alluvial,67.8,5.4,Low,Sapota,0.8626,1
1066.3,30.4,Loamy,44.6,6.6,Medium,Pomegranate,0.8442,1
1137.3,33.1,Red,31.9,5.7,High,Papaya,0.7017,1
1638.7,32.2,Alluvial,25.3,7.7,Medium,Mango,0.8064,1
3280.8,14.6,Sandy,88.6,9.1,High,Banana,0.5494,0
2804.8,20.3,Loamy,39.9,7.3,High,Coconut,0.7236,0
757.4,36.3,Red,60.2,6.1,Medium,Mango,0.7427,1
1019.6,15.2,Loamy,9.5,7.1,High,Amla,0.842,1
516.3,39.1,Loamy,20.8,11.2,Medium,Mango,0.6472,0
1062.4,27.6,Clay,45.9,4.6,Medium,Pomegranate,0.6696,0
1771.3,31.8,Sandy,17.8,9.3,High,Lemon,0.7495,0
1323.1,38.1,Loamy,63.9,10.4,High,Pomegranate,0.7715,1
1148.9,18.5,Alluvial,30.3,10.4,Medium,Pomegranate,0.7484,1
1189.3,22.7,Alluvial,51.1,8.1,Medium,Banana,0.7732,1
3164.3,24.4,Loamy,85.9,11.5,Medium,Banana,0.6701,0
1878.6,13.7,Clay,8.6,7.3,Medium,Guava,0.6779,1
1120.2,15.0,Sandy,83.1,11.7,High,Mango,0.5623,0
1108.6,35.6,Loamy,64.7,7.2,Medium,Banana,0.744,0
1822.1,41.4,Sandy,68.1,9.2,Medium,Papaya,0.7119,1
1013.9,32.3,Alluvial,23.3,8.5,Low,Mango,0.7269,1
1396.6,36.1,Alluvial,21.3,9.9,Medium,Lemon,0.7539,0
1535.7,26.1,Black,37.5,11.1,High,Sapota,0.7527,1
2126.9,28.1,Alluvial,35.4,6.5,Low,Coconut,0.7383,1
1661.3,32.8,Sandy,51.3,9.0,Medium,Coconut,0.7579,0
1967.0,33.9,Loamy,53.3,10.0,Low,Coconut,0.8277,0
982.4,22.4,Alluvial,23.4,8.2,Low,Lemon,0.7906,1
1210.9,24.6,Alluvial,38.4,7.8,Medium,Banana,0.7569,0
1846.3,21.4,Red,51.9,8.0,Low,Coconut,0.6966,1
2688.1,21.9,Loamy,81.0,7.3,Medium,Coconut,0.6886,1
1170.7,32.9,Clay,76.8,10.0,Medium,Jackfruit,0.7744,0
572.5,22.1,Sandy,23.3,5.4,Medium,Sapota,0.7583,0
1305.0,41.4,Red,55.4,7.2,Medium,Mango,0.7433,0
1804.9,21.3,Loamy,57.6,8.6,Medium,Lemon,0.7412,1
1021.8,23.3,Sandy,41.5,8.2,Medium,Coconut,0.7305,1
323.2,18.0,Sandy,28.5,7.1,Low,Lemon,0.6974,1
1709.1,18.9,Red,42.6,10.4,High,Sapota,0.8376,1
3047.8,31.4,Red,20.5,9.9,Medium,Papaya,0.5735,0
2793.7,29.3,Loamy,66.6,11.1,Medium,Coconut,0.8439,1
3177.4,27.3,Red,40.8,5.3,Medium,Banana,0.6529,0
2869.1,38.8,Alluvial,31.6,5.9,Medium,Jackfruit,0.6645,0
333.2,39.4,Sandy,50.4,7.6,Low,Guava,0.6954,1
2236.9,33.8,Black,37.1,5.9,Medium,Mango,0.7366,1
2249.8,32.9,Alluvial,56.6,9.2,Medium,Mango,0.804,1
232.6,38.3,Red,31.5,9.0,Medium,Pomegranate,0.7183,1
2979.9,25.3,Clay,22.3,6.2,High,Guava,0.6319,0
2294.3,11.8,Clay,94.7,9.7,Medium,Guava,0.5345,0
1478.4,23.9,Loamy,35.5,6.4,Low,Amla,0.8738,1
2503.7,29.9,Loamy,9.8,9.0,Low,Lemon,0.6171,1
1060.8,22.2,Black,68.3,7.0,High,Mango,0.7536,1
663.2,32.2,Sandy,41.2,10.0,Medium,Pomegranate,0.8275,1
620.4,39.4,Loamy,27.6,9.3,Medium,Papaya,0.6557,1
1149.5,22.2,Alluvial,83.7,9.8,Medium,Coconut,0.735,1
1239.8,20.9,Alluvial,73.1,6.8,Medium,Banana,0.7937,0
1255.3,41.4,Loamy,17.3,9.4,Low,Pomegranate,0.7098,0
1448.7,37.2,Loamy,54.0,4.8,Medium,Jackfruit,0.6673,1
842.7,26.1,Loamy,79.0,6.1,High,Coconut,0.6772,0
1403.0,30.3,Clay,36.8,6.7,Medium,Guava,0.879,0
2695.9,30.7,Loamy,65.0,9.1,Medium,Coconut,0.8058,1
1730.5,33.8,Loamy,71.0,8.1,Medium,Banana,0.821,1
871.0,39.0,Sandy,45.6,9.8,Medium,Amla,0.9617,1
311.2,16.8,Alluvial,64.8,8.4,High,Guava,0.7682,1
1056.1,22.3,Alluvial,25.4,5.2,Medium,Sapota,0.7593,1
1010.6,29.5,Black,78.4,4.9,Low,Amla,0.8073,0
515.5,24.6,Red,50.1,10.7,High,Pomegranate,0.8397,0
341.8,33.8,Sandy,29.9,9.1,High,Lemon,0.6713,1
2914.6,12.5,Clay,32.7,5.6,Medium,Mango,0.3559,0
497.1,24.2,Clay,70.9,9.1,Low,Guava,0.7381,1
1148.6,18.9,Red,85.1,7.9,Low,Banana,0.638,0
3680.7,27.2,Loamy,67.6,6.3,High,Pomegranate,0.5957,0
2733.7,31.9,Red,56.3,10.4,Medium,Coconut,0.7729,1
2088.9,25.1,Red,50.6,10.9,Low,Coconut,0.7815,1
2165.5,18.2,Loamy,34.5,5.6,Low,Guava,0.6112,1
441.1,45.5,Clay,36.6,3.9,Medium,Mango,0.5149,0
1713.4,27.4,Alluvial,37.1,10.2,High,Guava,0.8771,1
3312.0,16.9,Red,92.7,6.9,Low,Jackfruit,0.4962,1
1982.4,33.8,Loamy,47.8,10.0,Medium,Banana,0.7693,1
1423.6,29.1,Alluvial,56.8,9.7,Low,Guava,0.8623,1
1974.9,31.8,Clay,37.2,8.0,Low,Guava,0.8257,1
1062.7,29.5,Clay,62.8,11.3,Medium,Guava,0.8298,1
633.7,33.7,Red,53.4,10.0,Medium,Coconut,0.7736,1
1648.8,20.1,Loamy,59.1,10.3,High,Papaya,0.7108,1
1848.7,27.7,Clay,85.3,7.7,Medium,Jackfruit,0.7092,0
1891.8,20.8,Alluvial,42.8,9.0,Medium,Jackfruit,0.8452,1
2486.4,27.8,Alluvial,70.2,8.4,Medium,Mango,0.6634,1
1299.0,35.0,Clay,80.0,10.5,Low,Jackfruit,0.7722,0
3065.2,26.2,Sandy,22.2,3.7,Low,Coconut,0.6269,1
1032.5,38.6,Red,81.7,8.4,High,Guava,0.7863,1
1383.2,21.1,Red,46.6,7.6,Medium,Mango,0.6399,1
1778.4,38.9,Black,57.1,5.7,High,Mango,0.7357,0
431.1,29.6,Loamy,55.1,5.7,Medium,Sapota,0.7511,1
1574.8,22.1,Alluvial,56.6,9.3,Medium,Sapota,0.8433,1
690.0,18.5,Black,16.0,6.2,Low,Lemon,0.7171,1
1398.0,39.1,Clay,32.8,6.7,Medium,Guava,0.8673,1
2484.3,30.8,Alluvial,78.1,3.6,High,Lemon,0.4956,0
3653.9,11.5,Sandy,18.4,3.0,Medium,Amla,0.4787,0
992.7,37.2,Black,10.3,10.7,Medium,Amla,0.8754,1
302.4,31.3,Red,31.5,6.5,Medium,Lemon,0.6785,0
3280.4,27.6,Alluvial,69.3,9.6,Low,Mango,0.616,1
2125.1,36.3,Red,89.2,9.6,Medium,Jackfruit,0.7303,1
1979.6,31.8,Red,45.8,6.2,Medium,Papaya,0.7011,1
544.2,30.2,Loamy,90.0,4.4,Low,Sapota,0.7099,1
848.5,33.3,Red,25.9,10.0,Medium,Papaya,0.7633,1
1854.5,26.0,Black,55.3,8.5,Low,Mango,0.7399,1
3646.8,44.2,Clay,73.3,7.3,High,Jackfruit,0.4686,1
3113.2,27.5,Red,88.9,11.3,Medium,Papaya,0.4411,0
1015.7,21.6,Red,22.9,6.1,Medium,Amla,0.8824,1
1466.4,22.4,Black,87.6,3.1,Low,Banana,0.619,1
985.2,38.8,Sandy,81.1,6.1,High,Coconut,0.7196,1
1897.1,26.6,Red,64.0,6.1,Low,Coconut,0.8124,1
2545.3,29.5,Alluvial,88.6,7.1,Medium,Jackfruit,0.7164,1
3160.2,41.6,Loamy,80.7,8.1,Medium,Guava,0.4748,0
1576.9,39.5,Alluvial,67.9,8.6,High,Sapota,0.758,1
1884.4,13.3,Clay,6.0,6.3,High,Papaya,0.5226,0
2287.0,21.8,Clay,45.4,6.8,Low,Coconut,0.6783,1
1743.6,20.5,Black,46.7,9.7,High,Sapota,0.7807,1
1106.5,29.4,Red,65.9,8.9,High,Banana,0.7546,1
1789.7,28.6,Alluvial,70.1,8.6,Medium,Coconut,0.7892,0
479.8,29.9,Red,28.5,6.3,Medium,Lemon,0.6966,1
632.3,35.2,Black,24.7,5.9,Low,Mango,0.7656,1
294.5,32.1,Black,15.0,6.7,Low,Pomegranate,0.7055,0
955.5,23.5,Clay,61.2,8.9,Low,Banana,0.6871,1
1106.3,29.0,Red,42.9,10.1,Medium,Guava,0.8582,1
1523.8,16.4,Sandy,20.4,7.8,High,Amla,0.7986,0
1770.1,19.5,Alluvial,78.1,5.5,Medium,Banana,0.7599,1
850.0,18.6,Red,35.8,11.6,High,Jackfruit,0.7749,1
1376.7,21.2,Clay,84.8,10.5,Medium,Banana,0.7736,1
807.9,29.4,Alluvial,70.8,8.1,Low,Papaya,0.7417,0
2122.8,36.9,Sandy,53.8,9.1,Medium,Papaya,0.724,1
1280.5,25.1,Red,53.6,10.8,Medium,Papaya,0.7084,1
2648.4,26.8,Alluvial,49.9,11.0,Low,Coconut,0.8296,1
1934.9,24.3,Clay,78.7,7.9,High,Banana,0.7926,1
879.1,41.4,Sandy,43.0,9.2,High,Pomegranate,0.8079,1
1419.0,18.8,Red,50.6,9.4,Medium,Sapota,0.8508,1
771.6,42.6,Loamy,36.1,10.8,Low,Amla,0.8767,1
1785.1,38.3,Alluvial,77.9,8.5,High,Coconut,0.6878,1
2476.8,39.0,Loamy,44.2,8.5,Low,Sapota,0.619,1
4182.1,45.9,Sandy,93.7,3.1,Low,Coconut,0.3192,0
3195.3,34.2,Loamy,26.7,9.0,High,Lemon,0.653,0
2644.8,27.5,Alluvial,70.4,7.1,Low,Coconut,0.7852,1
1101.5,35.9,Red,54.7,7.5,High,Jackfruit,0.7875,0
1484.6,40.8,Black,76.6,9.3,Low,Amla,0.7752,1
2527.8,31.4,Black,42.6,9.0,High,Mango,0.7125,1
1062.6,20.6,Black,12.5,9.1,Medium,Pomegranate,0.7155,0
671.2,31.2,Sandy,38.3,6.4,Low,Lemon,0.8406,1
2251.9,39.2,Alluvial,41.2,5.4,Medium,Banana,0.7182,1
1159.3,33.5,Alluvial,30.8,11.2,Low,Jackfruit,0.8107,1
449.7,17.1,Red,12.0,10.2,Medium,Amla,0.8809,1
616.9,27.8,Red,46.5,5.9,Medium,Mango,0.7454,1
3233.6,32.8,Red,93.5,5.8,Medium,Banana,0.6797,0
2792.5,35.4,Loamy,36.9,8.4,Low,Jackfruit,0.7572,1
1537.6,22.7,Red,71.5,4.7,High,Jackfruit,0.7511,1
2166.5,37.7,Red,75.7,11.0,Low,Mango,0.7325,1
862.5,19.6,Red,19.7,6.0,Low,Coconut,0.6427,0
2166.0,31.2,Sandy,38.9,9.8,Medium,Sapota,0.7941,1
3844.9,39.2,Sandy,21.6,4.9,Low,Pomegranate,0.5933,0
2540.4,23.5,Sandy,77.9,8.8,Medium,Coconut,0.852,1
1471.0,22.2,Red,44.5,11.2,Low,Banana,0.7965,1
1031.5,19.0,Loamy,43.9,8.4,High,Guava,0.7859,0
906.8,33.9,Sandy,63.0,10.4,High,Lemon,0.763,0
965.2,19.8,Clay,37.4,4.7,Medium,Jackfruit,0.7636,1
2041.6,28.9,Sandy,30.7,9.3,Low,Coconut,0.7689,1
3627.1,33.1,Black,58.7,11.0,Low,Lemon,0.6575,1
913.9,35.5,Red,18.9,6.8,Low,Pomegranate,0.8238,1
3201.6,16.5,Alluvial,47.3,10.3,Low,Jackfruit,0.6275,0
3052.0,16.1,Clay,37.8,5.0,Low,Amla,0.5629,0
441.7,26.8,Clay,21.8,7.4,Medium,Mango,0.5434,0
494.5,37.4,Black,15.6,8.4,Low,Pomegranate,0.7499,1
2776.2,26.2,Clay,40.3,11.0,Medium,Jackfruit,0.8063,1
1449.1,33.5,Clay,56.3,11.1,High,Amla,0.9022,1
2137.1,28.4,Red,16.4,11.1,Medium,Lemon,0.6488,1
2032.0,35.9,Loamy,56.9,10.0,High,Jackfruit,0.7611,1
764.5,32.0,Loamy,68.5,10.8,High,Jackfruit,0.7652,1
3210.7,43.0,Clay,64.0,10.9,Low,Papaya,0.3908,0
1227.2,31.5,Alluvial,63.7,10.5,High,Sapota,0.7725,1
4111.0,25.5,Sandy,86.4,9.9,Medium,Amla,0.619,1
1239.9,34.4,Red,88.6,10.2,Medium,Coconut,0.7691,1
1653.1,26.7,Loamy,89.3,4.5,Medium,Jackfruit,0.7268,0
1678.7,17.6,Red,32.1,10.3,Medium,Lemon,0.7107,1
3167.5,47.9,Loamy,77.2,10.5,Low,Guava,0.5033,1
3863.0,43.9,Sandy,84.7,4.1,Low,Banana,0.3615,1
1433.8,24.4,Alluvial,74.7,7.4,Medium,Mango,0.6679,1
1542.6,46.4,Clay,24.9,10.8,High,Jackfruit,0.5673,1
962.4,37.1,Black,51.6,7.5,High,Mango,0.7465,0
1028.6,33.7,Sandy,61.7,7.2,Low,Papaya,0.7353,0
1634.5,15.5,Alluvial,81.8,8.9,Medium,Lemon,0.7196,0
1929.1,39.9,Alluvial,86.5,7.7,Medium,Coconut,0.7322,1
1883.2,28.7,Alluvial,76.2,9.9,Medium,Banana,0.666,1
1127.6,18.4,Black,69.4,4.6,Medium,Coconut,0.641,0
1743.8,38.6,Alluvial,87.4,5.8,High,Jackfruit,0.616,1
1521.8,18.2,Loamy,73.6,10.5,Medium,Amla,0.9506,1
729.1,22.9,Loamy,59.1,9.3,Low,Lemon,0.7487,0
1428.4,21.9,Loamy,39.8,9.2,High,Mango,0.7419,1
1983.0,36.4,Red,63.8,5.9,Low,Banana,0.7142,1
1043.5,35.9,Alluvial,80.0,7.2,High,Coconut,0.8251,1
3772.0,46.3,Sandy,62.5,6.1,High,Sapota,0.5485,1
1172.7,32.2,Alluvial,72.2,6.4,Medium,Coconut,0.7573,1
3622.9,39.8,Sandy,80.1,5.5,Medium,Guava,0.5284,1
936.2,33.4,Loamy,11.1,11.2,Medium,Pomegranate,0.8305,1
2554.8,12.5,Loamy,49.4,11.9,High,Banana,0.5931,0
1682.3,20.7,Loamy,81.9,8.1,High,Jackfruit,0.7165,1
1180.6,36.2,Loamy,75.3,3.2,Low,Lemon,0.7025,1
1702.8,19.9,Red,86.2,9.4,High,Banana,0.7122,1
1369.9,25.9,Alluvial,25.9,8.9,High,Mango,0.7306,1
1705.1,30.5,Clay,44.4,5.8,Medium,Guava,0.8344,1
2279.3,39.3,Red,46.7,6.1,High,Coconut,0.7802,1
1525.6,37.4,Red,22.1,6.9,Medium,Lemon,0.6576,1
1849.4,25.5,Loamy,45.3,8.5,High,Coconut,0.8386,1
2281.8,24.6,Red,23.0,9.0,Medium,Papaya,0.6303,1
2981.6,18.8,Alluvial,81.8,8.9,Medium,Sapota,0.5701,1
2094.7,29.8,Sandy,24.3,6.1,Medium,Guava,0.7712,1
1185.1,24.6,Alluvial,68.9,5.8,Medium,Papaya,0.6842,1
1379.7,33.7,Sandy,21.9,5.0,Low,Guava,0.8364,1
1150.1,44.4,Alluvial,17.7,5.7,Low,Lemon,0.5999,1
4187.8,40.0,Clay,47.6,8.1,Medium,Banana,0.5368,1
2113.4,16.0,Clay,12.7,10.5,High,Sapota,0.6087,0
2428.2,19.4,Clay,88.0,8.1,High,Banana,0.748,0
2717.6,10.9,Red,51.6,11.7,Low,Amla,0.5699,1
505.4,34.5,Alluvial,15.3,6.9,Low,Amla,0.8507,1
1787.9,25.9,Alluvial,76.2,10.6,Medium,Coconut,0.7746,1
493.4,24.3,Sandy,49.8,10.4,Medium,Pomegranate,0.8177,1
1251.0,22.9,Clay,22.1,9.5,Low,Banana,0.6854,1
460.2,28.3,Loamy,37.0,6.2,Low,Lemon,0.6738,0
1183.7,32.8,Loamy,94.0,6.1,Medium,Amla,0.7654,1
1513.0,23.9,Alluvial,51.0,11.0,High,Papaya,0.6948,0
1201.9,35.2,Sandy,77.7,6.3,Low,Coconut,0.7853,1
1218.3,39.7,Loamy,47.1,7.4,High,Papaya,0.7008,0
318.9,16.3,Red,31.3,10.4,Low,Lemon,0.6708,1
1315.2,36.7,Black,30.2,7.1,Medium,Pomegranate,0.796,0
2358.5,25.9,Loamy,64.9,9.0,Medium,Banana,0.7531,1
567.5,19.3,Red,52.8,9.0,Medium,Lemon,0.7434,1
2739.7,26.7,Clay,44.6,5.7,Medium,Banana,0.7453,1
2896.8,36.5,Red,57.4,9.7,Medium,Banana,0.7338,1
763.7,31.7,Loamy,53.2,7.3,Low,Papaya,0.7506,1
1953.0,20.5,Clay,65.1,9.8,Medium,Jackfruit,0.7899,0
826.1,17.1,Sandy,54.8,9.4,Medium,Pomegranate,0.7228,1
2455.1,38.4,Alluvial,43.5,7.3,High,Banana,0.7767,0
1168.4,24.0,Red,81.3,6.0,Low,Sapota,0.809,1
559.8,41.5,Red,42.0,11.4,Low,Amla,0.8724,1
1224.4,20.2,Loamy,79.7,10.7,High,Coconut,0.6582,0
2219.5,31.7,Red,25.1,10.6,High,Jackfruit,0.7396,1
665.4,18.1,Black,46.6,11.3,Medium,Sapota,0.7768,1
1663.9,25.8,Alluvial,43.1,10.7,Low,Amla,0.8796,1
1126.9,43.9,Red,26.8,8.3,Medium,Amla,0.8571,1
4085.2,12.5,Alluvial,18.5,11.1,Medium,Amla,0.5632,1
1414.7,20.2,Red,20.9,6.3,Medium,Papaya,0.659,1
2661.5,18.6,Clay,31.2,10.4,Medium,Pomegranate,0.5444,1
336.7,14.9,Red,74.8,6.3,Low,Lemon,0.5935,0
1817.9,38.1,Red,48.9,6.3,High,Banana,0.726,1
2103.1,35.7,Alluvial,73.1,9.0,Medium,Papaya,0.7233,1
1061.7,28.4,Red,45.3,11.5,Medium,Pomegranate,0.8771,1
412.1,35.2,Red,40.5,10.5,Medium,Lemon,0.7262,1
1205.8,32.6,Loamy,21.6,6.2,Medium,Mango,0.7231,1
2499.5,25.1,Sandy,37.8,3.1,Low,Mango,0.6266,0
2137.4,33.1,Red,61.7,6.8,Medium,Papaya,0.754,1
1872.7,27.5,Loamy,78.9,8.1,Medium,Sapota,0.861,1
1043.9,23.6,Loamy,49.5,11.5,Low,Amla,0.8442,1
1175.6,34.7,Red,70.4,6.9,High,Jackfruit,0.7153,0
2248.6,47.8,Red,7.9,8.0,Low,Sapota,0.4432,1
1024.1,39.8,Black,59.2,9.6,High,Pomegranate,0.8262,1
759.9,27.1,Sandy,27.2,10.4,Medium,Amla,0.9334,1
460.3,24.3,Alluvial,84.0,6.0,High,Lemon,0.739,1
616.9,20.1,Alluvial,22.0,6.5,Medium,Sapota,0.8098,1
455.4,40.7,Red,40.3,10.7,Medium,Papaya,0.5422,0
1373.8,40.0,Alluvial,9.6,6.9,Low,Amla,0.8176,1
2788.1,25.5,Alluvial,55.6,6.1,Low,Banana,0.6637,1
860.5,25.8,Clay,67.3,7.4,Medium,Jackfruit,0.7566,0
1515.0,27.0,Red,45.0,8.9,Medium,Guava,0.9165,1
698.1,23.9,Sandy,53.3,10.9,Medium,Papaya,0.6971,1
1728.0,34.8,Sandy,32.2,11.3,High,Guava,0.8376,1
1700.4,33.1,Loamy,24.0,8.0,Low,Papaya,0.729,0
1996.0,27.9,Loamy,37.4,6.9,High,Lemon,0.7912,1
1845.2,30.2,Red,92.1,7.4,Low,Banana,0.8254,1
807.6,22.4,Loamy,45.7,7.4,Medium,Coconut,0.7071,0
1542.0,25.5,Sandy,82.0,8.7,Medium,Lemon,0.6834,1
721.3,17.6,Alluvial,86.3,8.7,Medium,Jackfruit,0.6603,0
835.8,33.7,Sandy,16.0,9.2,High,Lemon,0.8068,1
3725.8,20.6,Black,22.5,10.9,Low,Mango,0.5026,0
902.3,17.7,Sandy,35.2,10.8,Medium,Pomegranate,0.761,1
1438.1,33.2,Sandy,83.1,5.2,Low,Sapota,0.8292,1
1784.8,43.7,Loamy,26.8,8.2,Medium,Amla,0.7694,0
1883.6,30.0,Loamy,56.4,10.0,Medium,Banana,0.8118,1
252.6,39.1,Red,12.8,11.0,Medium,Pomegranate,0.8259,1
822.7,25.5,Alluvial,36.6,7.7,High,Papaya,0.7724,0
570.8,20.9,Red,18.5,7.1,Medium,Pomegranate,0.7525,1
2781.2,30.4,Alluvial,70.4,7.4,Low,Coconut,0.768,1
1493.5,22.5,Red,75.2,6.8,Low,Pomegranate,0.6994,0
1018.4,21.0,Loamy,80.4,8.3,Low,Jackfruit,0.7452,1
1511.9,22.3,Red,43.8,10.0,Medium,Mango,0.7594,1
1617.1,38.1,Loamy,61.1,10.4,High,Lemon,0.6966,1
425.8,35.5,Black,66.6,8.9,Low,Amla,0.9096,1
1337.5,15.2,Alluvial,58.7,7.7,Medium,Amla,0.8902,0
2928.0,46.9,Alluvial,92.5,7.3,Medium,Sapota,0.4762,0
233.2,38.4,Sandy,45.1,11.0,Low,Pomegranate,0.6619,0
869.5,40.7,Black,48.5,10.7,Medium,Sapota,0.7733,1
2273.8,26.2,Clay,67.0,8.8,Medium,Jackfruit,0.7891,1
553.2,38.2,Black,85.3,8.8,Medium,Amla,0.869,1
436.6,24.4,Alluvial,63.5,7.0,High,Sapota,0.7157,1
1060.0,37.2,Alluvial,77.0,6.1,High,Mango,0.6662,1
1563.5,28.0,Alluvial,80.5,7.4,High,Banana,0.7576,1
2142.9,19.5,Red,58.4,9.7,Low,Papaya,0.638,0
264.7,19.9,Sandy,50.0,8.4,Medium,Amla,0.8052,1
450.7,18.2,Clay,89.5,9.7,Low,Lemon,0.6792,1
2147.2,27.7,Loamy,46.9,6.2,High,Jackfruit,0.8159,1
2041.5,21.0,Clay,69.0,10.3,Medium,Amla,0.7405,1
939.8,30.9,Sandy,88.3,7.8,Medium,Guava,0.7434,1
3435.1,44.0,Clay,32.4,7.3,Medium,Coconut,0.4134,1
4025.4,20.0,Alluvial,31.5,9.2,Medium,Coconut,0.4959,1
2963.9,33.1,Black,66.1,6.5,Medium,Lemon,0.4927,1
2705.7,36.0,Sandy,44.4,9.5,High,Coconut,0.8519,1
3410.3,42.1,Clay,15.4,11.7,Low,Mango,0.3877,0
1231.2,27.3,Red,36.1,10.5,Low,Coconut,0.8354,0
3950.0,16.7,Black,78.5,10.8,Medium,Pomegranate,0.5176,1
2122.5,27.2,Black,48.8,7.8,Medium,Mango,0.7325,1
1927.9,19.7,Black,88.9,8.7,High,Pomegranate,0.5368,1
934.7,43.8,Sandy,48.8,11.3,Medium,Amla,0.9251,1
1463.0,25.4,Clay,37.6,10.8,Medium,Banana,0.7799,1
1836.4,25.4,Loamy,82.1,7.4,Medium,Banana,0.7441,1
2411.0,31.6,Loamy,50.1,6.4,Medium,Coconut,0.8066,1
1358.4,23.3,Black,73.8,10.6,Medium,Pomegranate,0.6617,1
982.7,20.3,Alluvial,29.8,7.1,Medium,Lemon,0.8154,1
1705.7,29.4,Sandy,41.6,9.3,Medium,Sapota,0.8371,1
2589.3,20.8,Loamy,59.7,8.2,Medium,Coconut,0.7718,1
451.7,32.2,Loamy,90.5,7.9,Low,Banana,0.5272,0
1599.2,28.0,Clay,75.7,5.0,Medium,Guava,0.8418,1
1161.0,36.7,Sandy,64.3,9.7,High,Papaya,0.8455,1
2306.5,26.9,Sandy,55.5,7.3,Low,Coconut,0.8029,1
3682.0,39.8,Red,52.4,5.4,High,Jackfruit,0.5081,1
1028.8,44.8,Clay,80.2,9.9,Low,Sapota,0.6677,1
2660.7,18.6,Loamy,83.5,10.2,Medium,Banana,0.7087,0
787.4,29.6,Alluvial,94.4,7.9,High,Coconut,0.5726,1
2243.7,34.6,Sandy,85.6,8.2,Medium,Coconut,0.8155,1
2723.6,28.7,Alluvial,70.8,11.2,Medium,Jackfruit,0.7311,1
492.1,18.7,Clay,58.0,10.1,Medium,Guava,0.7901,1
871.5,33.1,Alluvial,55.2,5.9,High,Lemon,0.7246,1
686.9,37.0,Loamy,52.1,6.0,Low,Papaya,0.6624,1
2737.2,12.0,Red,92.5,3.1,Medium,Banana,0.5663,0
1377.0,13.2,Black,70.1,7.7,High,Sapota,0.6704,0
3382.2,25.5,Black,78.9,7.6,Medium,Banana,0.654,0
576.4,38.0,Alluvial,81.2,5.2,Low,Guava,0.7286,0
1100.9,36.2,Clay,29.7,9.4,Low,Jackfruit,0.7408,1
606.4,15.7,Loamy,80.8,5.5,Medium,Lemon,0.6773,1
1100.2,19.2,Loamy,50.4,10.6,Medium,Mango,0.7355,1
2723.5,35.2,Clay,89.9,7.4,Medium,Jackfruit,0.7838,1
497.6,36.7,Red,74.5,10.0,Medium,Pomegranate,0.8088,1
1381.3,22.6,Clay,39.9,5.5,Low,Jackfruit,0.7981,0
2295.1,34.7,Sandy,44.2,6.1,Low,Coconut,0.8242,1
1647.4,36.6,Sandy,89.0,6.6,High,Guava,0.761,0
1266.4,33.1,Red,51.5,9.7,High,Sapota,0.7932,1
747.5,11.3,Sandy,51.0,11.1,Medium,Amla,0.711,1
2076.5,38.7,Sandy,88.4,9.7,Low,Guava,0.6571,0
3319.9,21.7,Red,51.8,10.7,Low,Sapota,0.6067,1
339.7,18.1,Sandy,55.7,7.1,Medium,Pomegranate,0.7272,0
443.2,38.7,Clay,84.0,9.4,Low,Guava,0.6631,1
2506.5,20.6,Loamy,94.5,10.6,Medium,Coconut,0.7531,0
2594.8,32.4,Clay,87.4,8.5,Medium,Jackfruit,0.6865,1
991.9,26.8,Red,79.5,5.8,Low,Guava,0.7773,1
2328.7,35.2,Loamy,51.7,4.9,Medium,Jackfruit,0.8089,0
1771.7,37.2,Alluvial,27.5,10.4,Low,Jackfruit,0.7765,1
3248.3,22.9,Sandy,6.7,8.8,High,Papaya,0.5146,1
359.5,18.9,Alluvial,38.4,7.9,Low,Guava,0.7973,1
1315.5,23.9,Loamy,22.0,9.8,High,Amla,0.9074,1
1322.1,33.0,Red,71.6,11.3,Low,Banana,0.6879,0
3154.0,30.6,Clay,72.8,4.1,Medium,Amla,0.6156,1
579.8,30.0,Alluvial,26.6,11.3,Medium,Pomegranate,0.8411,1
1216.0,18.5,Sandy,60.7,7.5,High,Lemon,0.76,0
1547.8,27.1,Clay,75.3,5.7,Low,Guava,0.8172,1
1441.7,29.3,Alluvial,65.3,10.9,High,Coconut,0.7616,1
1340.2,27.4,Red,64.3,10.3,Medium,Lemon,0.8051,1
786.6,37.1,Alluvial,56.1,6.9,High,Guava,0.8027,1
1064.6,27.3,Alluvial,68.8,10.7,Medium,Guava,0.8452,1
1772.2,34.1,Sandy,85.5,8.3,Medium,Guava,0.8123,0
3431.8,32.0,Red,63.2,3.4,Medium,Coconut,0.6292,1
1097.1,23.9,Loamy,54.3,8.3,Medium,Banana,0.7046,0
2169.2,31.8,Alluvial,77.0,10.7,Medium,Coconut,0.7578,0
1728.9,34.9,Alluvial,93.5,8.7,Medium,Jackfruit,0.7325,1
1506.2,21.2,Clay,23.7,10.8,Low,Guava,0.8728,1
2736.9,31.2,Sandy,73.1,9.6,High,Coconut,0.7531,1
1626.6,32.2,Alluvial,75.7,6.5,High,Papaya,0.6922,1
333.4,21.3,Clay,56.6,8.9,High,Amla,0.84,1
1698.4,22.6,Alluvial,72.3,9.7,Medium,Papaya,0.7175,1
2799.2,21.1,Alluvial,35.3,11.0,High,Jackfruit,0.7914,1
214.7,29.0,Black,40.0,7.5,Medium,Pomegranate,0.7486,0
1173.3,37.5,Loamy,82.0,9.0,High,Lemon,0.6948,1
3178.4,11.9,Black,76.1,8.8,Low,Sapota,0.5203,0
1471.8,18.2,Red,73.6,11.4,Low,Guava,0.7959,1
1773.3,36.0,Sandy,55.1,7.7,Medium,Sapota,0.7297,1
3688.6,42.7,Loamy,89.0,11.0,Low,Guava,0.4934,0
779.1,39.3,Loamy,23.2,9.8,High,Papaya,0.7373,1
2520.2,28.0,Red,62.6,9.2,High,Banana,0.7907,1
529.3,26.5,Sandy,31.4,10.2,Medium,Amla,0.9447,1
2347.6,12.5,Sandy,19.5,11.5,Medium,Papaya,0.5824,1
534.9,25.1,Red,86.2,9.6,Low,Jackfruit,0.6233,0
2624.5,40.4,Loamy,84.6,7.9,Medium,Sapota,0.5905,1
1986.3,21.0,Loamy,29.3,5.7,Medium,Papaya,0.6458,1
404.2,17.4,Black,42.6,11.3,Medium,Pomegranate,0.8122,1
1096.8,24.3,Loamy,57.4,10.4,Low,Papaya,0.738,1
1529.7,37.2,Alluvial,73.2,6.5,Medium,Papaya,0.6889,1
1736.6,33.0,Sandy,66.4,8.3,Low,Papaya,0.7489,1
1667.8,15.6,Clay,23.6,5.8,Low,Mango,0.5013,1
1341.2,38.4,Sandy,46.7,6.4,High,Lemon,0.7337,1
762.1,39.3,Red,48.9,9.8,Medium,Coconut,0.6473,1
583.9,30.3,Black,72.4,8.3,High,Mango,0.5975,0
902.1,36.0,Loamy,90.1,6.7,Medium,Coconut,0.7094,1
711.8,37.1,Alluvial,31.0,7.4,High,Pomegranate,0.8128,1
261.3,17.5,Black,47.0,8.1,Low,Pomegranate,0.7111,1
810.5,35.6,Alluvial,41.9,8.1,Low,Guava,0.8753,1
1387.0,23.8,Loamy,41.9,11.1,Medium,Pomegranate,0.7347,1
651.9,39.2,Red,72.4,6.3,Medium,Amla,0.7982,1
940.8,28.4,Sandy,46.5,7.9,Medium,Pomegranate,0.8412,1
4117.6,47.9,Black,82.5,3.4,Medium,Amla,0.4144,1
4019.0,37.2,Alluvial,71.0,11.4,High,Guava,0.6595,1
1506.5,20.6,Red,47.8,6.2,High,Papaya,0.7029,1
984.1,36.8,Alluvial,84.2,7.6,Medium,Coconut,0.7956,1
523.3,40.7,Red,55.0,7.8,High,Papaya,0.6088,1
3330.1,14.7,Loamy,27.9,4.3,Medium,Sapota,0.4321,1
1436.8,21.6,Loamy,41.2,9.5,High,Papaya,0.694,0
2523.6,33.4,Clay,94.6,7.8,Low,Banana,0.7878,0
3975.4,26.0,Clay,75.5,4.9,High,Coconut,0.5514,1
755.3,19.3,Alluvial,78.8,6.6,Low,Lemon,0.7345,0
971.1,35.7,Alluvial,38.1,9.8,High,Amla,0.9168,1
1921.0,29.8,Alluvial,36.1,10.7,Medium,Amla,0.8069,1
1728.8,34.9,Sandy,56.8,10.6,Medium,Sapota,0.841,1
2115.5,27.3,Red,48.7,9.4,Medium,Banana,0.8043,1
509.8,21.8,Alluvial,68.2,7.5,Low,Pomegranate,0.7442,1
1048.7,16.5,Red,64.4,8.9,Low,Pomegranate,0.754,1
3031.6,20.1,Loamy,84.5,10.4,Low,Banana,0.6782,0
2021.6,21.4,Loamy,67.9,8.6,Medium,Guava,0.7982,0
1430.8,35.0,Red,37.6,7.6,Medium,Sapota,0.8296,1
2975.1,24.1,Black,47.3,7.7,Medium,Pomegranate,0.5889,1
3795.8,47.5,Red,68.6,11.6,Medium,Papaya,0.4267,0
2062.4,37.6,Sandy,73.6,10.0,High,Sapota,0.7735,1
1352.3,34.5,Loamy,51.0,10.4,Medium,Pomegranate,0.6844,1
2734.6,28.6,Loamy,29.6,9.7,Low,Jackfruit,0.7839,1
832.3,21.8,Loamy,66.5,6.2,Low,Papaya,0.7084,1
2926.0,13.5,Red,69.2,7.9,High,Pomegranate,0.5208,0
1599.9,40.6,Red,40.8,7.7,Low,Amla,0.8741,1
3152.1,42.7,Red,13.6,8.2,Low,Pomegranate,0.6,1
1263.4,40.2,Sandy,49.6,8.4,Low,Papaya,0.7493,1
2781.4,42.5,Loamy,53.7,4.7,Medium,Lemon,0.4553,0
3607.3,29.9,Loamy,25.6,4.1,High,Guava,0.6745,1
2393.8,21.4,Sandy,67.5,8.0,Medium,Jackfruit,0.6909,1
1207.0,31.6,Loamy,15.4,8.4,Low,Pomegranate,0.7383,0
1648.6,34.9,Red,18.6,4.3,High,Lemon,0.721,1
428.7,30.2,Black,47.7,11.2,High,Pomegranate,0.8329,1
815.0,30.5,Alluvial,41.9,10.5,Medium,Mango,0.7791,1
539.2,26.9,Sandy,53.7,5.9,Medium,Guava,0.7779,1
4193.9,24.5,Alluvial,91.8,7.5,Low,Amla,0.534,0
1010.9,40.9,Loamy,28.3,10.0,Medium,Amla,0.8577,0
2885.2,45.7,Black,81.9,5.5,High,Amla,0.4226,0
1663.7,25.3,Red,35.8,6.3,Medium,Amla,0.8931,1
340.0,37.2,Black,34.8,9.0,Medium,Pomegranate,0.7976,1
1095.6,30.3,Loamy,82.6,3.5,Medium,Amla,0.704,1
2957.6,36.5,Loamy,29.5,5.5,Low,Jackfruit,0.6981,1
1564.3,22.4,Loamy,52.3,5.8,Low,Lemon,0.7861,1
1770.5,47.7,Red,82.5,11.2,Medium,Amla,0.5998,1
1438.1,21.8,Sandy,51.8,5.5,Medium,Guava,0.7851,1
3070.4,29.0,Red,73.1,8.9,Low,Banana,0.7378,1
1910.3,19.8,Red,47.3,9.1,Medium,Mango,0.6773,1
1951.5,29.3,Alluvial,32.8,10.6,Low,Papaya,0.6617,1
3705.5,23.9,Loamy,22.5,7.6,Medium,Amla,0.6791,0
773.8,35.6,Sandy,23.3,10.4,Medium,Guava,0.8347,1
836.7,26.1,Clay,17.4,5.1,High,Lemon,0.7328,0
3526.3,47.7,Loamy,61.1,10.0,Medium,Banana,0.4903,0
747.0,20.3,Sandy,74.5,9.0,High,Sapota,0.7814,1
1741.4,25.9,Sandy,69.6,11.4,High,Papaya,0.8028,1
1611.3,27.9,Red,39.7,8.2,Low,Coconut,0.7549,0
769.1,21.5,Red,38.9,10.3,High,Coconut,0.6848,0
454.8,31.4,Alluvial,49.9,11.3,Low,Guava,0.6803,1
1428.8,29.4,Alluvial,59.6,6.6,Medium,Banana,0.7445,1
1594.5,16.5,Sandy,70.3,10.4,Low,Amla,0.7792,1
1737.4,22.9,Alluvial,42.2,8.0,High,Jackfruit,0.8518,0
747.1,29.4,Red,86.8,10.7,Medium,Guava,0.8281,1
2352.4,37.1,Clay,21.9,8.5,High,Pomegranate,0.5773,0
1650.8,26.7,Red,22.7,6.0,Medium,Lemon,0.6955,1
979.1,35.1,Alluvial,49.3,8.7,Low,Lemon,0.8647,1
1221.4,21.5,Alluvial,81.4,8.8,Medium,Lemon,0.8304,0
871.4,46.0,Sandy,40.5,6.0,Medium,Lemon,0.6657,1
602.7,43.1,Clay,21.0,9.8,High,Amla,0.8776,1
1521.7,37.9,Red,12.6,4.2,Low,Papaya,0.6355,1
1348.3,47.5,Clay,54.3,7.3,Low,Papaya,0.5588,0
3202.4,22.4,Alluvial,13.9,11.2,High,Amla,0.6579,1
1668.6,24.3,Sandy,48.8,5.6,Low,Papaya,0.7402,1
920.9,17.8,Loamy,81.4,6.1,Medium,Guava,0.7584,1
610.9,34.6,Sandy,79.6,10.8,Medium,Guava,0.8646,1
2040.6,39.3,Loamy,66.0,6.6,High,Papaya,0.7471,1
2544.5,18.5,Alluvial,67.9,10.1,High,Mango,0.6533,1
1337.5,37.8,Alluvial,42.7,10.3,High,Lemon,0.7514,1
2475.5,27.5,Alluvial,36.2,10.4,Medium,Coconut,0.7421,1
2770.3,43.3,Alluvial,34.6,10.5,High,Banana,0.5714,1
1992.8,43.6,Black,54.4,5.4,Medium,Jackfruit,0.6242,0
645.3,18.1,Alluvial,47.6,11.7,Medium,Guava,0.8199,1
2184.8,39.6,Alluvial,67.9,6.6,Medium,Jackfruit,0.7538,0
203.5,35.9,Sandy,91.0,9.6,Low,Jackfruit,0.4444,0
854.1,27.3,Alluvial,42.2,8.6,Low,Lemon,0.8411,1
2874.9,22.4,Black,9.1,4.6,High,Papaya,0.4196,1
1203.7,23.1,Red,26.4,9.0,Medium,Papaya,0.7059,1
551.1,10.2,Clay,65.6,8.5,Low,Banana,0.4713,0
3254.0,37.4,Alluvial,29.3,8.0,Low,Jackfruit,0.626,1
2253.5,24.0,Alluvial,81.8,7.2,High,Jackfruit,0.7717,1
2191.3,18.0,Black,74.9,9.5,Low,Amla,0.7077,1
959.8,39.7,Alluvial,47.2,9.9,High,Amla,0.8864,1
2193.3,34.5,Clay,80.8,7.7,Low,Guava,0.7713,1
681.0,25.9,Alluvial,51.3,11.1,Medium,Lemon,0.7974,1
1625.4,26.7,Loamy,72.4,8.7,Medium,Coconut,0.8276,1
2649.8,25.5,Red,42.7,7.9,Medium,Jackfruit,0.7045,1
1106.0,15.2,Red,80.3,5.2,High,Sapota,0.6277,1
668.2,33.9,Loamy,20.3,6.5,Medium,Mango,0.713,1
1876.1,36.5,Clay,50.3,11.5,Medium,Banana,0.7531,0
403.4,18.4,Red,29.7,7.9,Low,Mango,0.5757,1
1012.2,21.8,Alluvial,72.7,11.4,Medium,Jackfruit,0.6956,1
823.0,27.9,Black,32.8,9.8,Medium,Amla,0.8874,1
1088.4,26.3,Loamy,45.5,9.0,Medium,Banana,0.7578,1
453.8,19.8,Alluvial,26.7,6.7,Medium,Lemon,0.7657,0
3235.5,12.2,Sandy,23.1,7.0,Low,Lemon,0.5184,0
1848.0,34.0,Red,17.9,9.4,Medium,Amla,0.8341,1
2349.7,26.0,Red,35.3,6.0,Medium,Coconut,0.7452,1
1502.0,24.9,Alluvial,67.0,11.2,Medium,Mango,0.7673,1
401.5,35.5,Sandy,39.7,7.0,Medium,Amla,0.9681,1
1199.6,35.2,Black,22.1,7.1,High,Pomegranate,0.7605,0
556.0,25.8,Alluvial,23.0,10.3,Medium,Guava,0.7901,1
691.4,29.1,Alluvial,44.3,8.7,High,Guava,0.8272,1
2516.4,27.3,Black,45.1,7.5,High,Mango,0.807,1
3318.4,21.6,Alluvial,73.3,7.1,High,Papaya,0.6077,0
1350.9,38.0,Red,90.9,4.9,Medium,Banana,0.7212,1
1658.6,37.2,Red,92.9,6.7,Medium,Coconut,0.751,1
1617.9,20.5,Sandy,53.1,7.2,Low,Coconut,0.845,1
3828.8,31.0,Sandy,67.4,9.7,High,Coconut,0.5849,1
1002.5,28.3,Loamy,36.4,9.2,High,Papaya,0.7593,0
640.8,39.1,Clay,20.8,9.4,Low,Amla,0.9128,1
2404.5,19.3,Clay,65.1,11.0,High,Coconut,0.6313,0
1654.5,28.3,Red,82.8,9.1,Low,Mango,0.7222,0
1551.5,20.4,Red,76.1,5.5,Medium,Banana,0.7625,0
1799.2,16.2,Red,49.4,9.8,Medium,Lemon,0.7255,1
2385.0,29.9,Clay,76.4,10.2,Low,Jackfruit,0.7554,0
1109.2,19.1,Sandy,26.1,6.5,High,Lemon,0.8166,1
2126.1,27.3,Red,89.6,9.8,Medium,Jackfruit,0.73,1
1306.3,45.1,Alluvial,68.8,10.1,High,Banana,0.7156,1
363.9,16.2,Loamy,5.3,11.1,High,Amla,0.7776,0
869.2,36.7,Loamy,27.6,10.8,Medium,Lemon,0.8594,1
504.0,31.3,Sandy,41.0,10.3,High,Coconut,0.661,1
1322.8,22.3,Red,30.9,4.2,High,Guava,0.81,1
1600.9,30.5,Sandy,37.8,8.7,Low,Lemon,0.7516,1
937.6,37.7,Loamy,27.7,10.5,High,Pomegranate,0.8125,0
2510.1,36.2,Alluvial,61.5,10.1,Medium,Mango,0.7432,0
701.4,20.5,Loamy,50.3,10.8,Medium,Guava,0.782,1
3688.1,37.3,Alluvial,7.2,6.1,Medium,Banana,0.5024,1
3546.0,37.5,Sandy,51.6,6.5,Medium,Coconut,0.6513,1
598.8,33.8,Alluvial,34.3,9.0,Medium,Amla,0.8898,0
1906.8,32.7,Alluvial,48.1,9.6,High,Banana,0.8619,1
2233.4,17.5,Red,52.1,8.2,Medium,Jackfruit,0.7982,1
1361.3,18.3,Alluvial,64.7,6.4,Low,Jackfruit,0.7712,1
1053.3,36.5,Alluvial,57.3,10.1,Medium,Amla,0.9062,1
2172.3,16.9,Loamy,74.1,11.3,Low,Coconut,0.7076,1
700.9,35.8,Loamy,47.0,9.1,High,Coconut,0.6717,1
909.2,37.9,Black,35.8,6.6,Medium,Pomegranate,0.8544,1
1414.3,39.1,Alluvial,56.7,4.8,Medium,Banana,0.7155,1
2364.3,20.7,Alluvial,77.7,8.0,Medium,Coconut,0.736,0
3634.1,16.4,Sandy,73.4,6.3,Medium,Pomegranate,0.5455,0
2056.6,26.6,Alluvial,34.5,5.4,Low,Sapota,0.7671,1
732.8,35.3,Clay,62.9,8.7,Medium,Guava,0.807,1
569.5,20.9,Red,59.7,10.8,Medium,Sapota,0.7447,1
1159.2,32.0,Clay,74.8,10.1,Medium,Jackfruit,0.7681,1
1477.9,30.9,Red,31.2,11.0,Medium,Sapota,0.7974,1
1573.8,13.7,Red,68.3,11.3,Low,Lemon,0.7625,1
2666.0,23.6,Loamy,43.8,10.1,Low,Jackfruit,0.798,1
1645.0,19.0,Alluvial,63.4,7.8,Low,Lemon,0.8039,1
1295.9,37.8,Black,14.1,6.8,Medium,Pomegranate,0.7155,0
3835.0,27.6,Sandy,90.1,5.7,High,Pomegranate,0.4674,1
1763.4,31.5,Sandy,30.2,9.6,Low,Papaya,0.72,1
2054.1,25.2,Loamy,31.3,7.1,Medium,Coconut,0.7653,0
2013.0,31.9,Black,30.6,9.5,Medium,Mango,0.7462,1
1789.1,19.3,Red,78.1,6.1,Low,Mango,0.6226,0
3730.6,23.8,Clay,48.6,9.9,Low,Sapota,0.5965,1
1221.6,22.2,Loamy,54.6,6.9,Medium,Guava,0.8712,1
632.7,37.6,Sandy,68.2,9.8,High,Lemon,0.7753,1
1194.2,21.9,Loamy,49.6,8.1,High,Jackfruit,0.812,1
970.1,20.1,Black,68.1,8.8,Medium,Pomegranate,0.7505,0
3909.4,34.9,Red,64.2,5.2,High,Banana,0.6697,1
1514.3,29.3,Red,74.0,9.8,Medium,Coconut,0.8084,1
1074.3,21.5,Clay,26.8,9.0,Low,Guava,0.7965,0
2406.0,24.1,Red,64.5,10.3,Low,Jackfruit,0.8242,1
763.1,18.5,Loamy,55.2,9.9,Low,Mango,0.6921,1
925.1,35.4,Alluvial,50.6,10.2,Medium,Banana,0.7722,1
346.7,34.0,Black,71.3,9.4,High,Pomegranate,0.77,1
2065.7,31.6,Loamy,81.0,7.1,Low,Coconut,0.7577,1
1352.0,36.1,Red,39.8,10.6,Medium,Banana,0.7912,0
719.0,19.6,Alluvial,64.3,7.7,High,Jackfruit,0.6694,1
1839.1,27.6,Clay,48.8,7.8,High,Guava,0.8621,1
2272.6,24.2,Loamy,71.9,5.1,Medium,Banana,0.7385,1
3283.9,20.6,Sandy,41.7,3.3,High,Banana,0.5192,1
1117.1,31.4,Black,63.6,11.1,Low,Amla,0.8601,1
940.3,36.8,Red,18.3,7.8,High,Guava,0.7347,0
838.4,32.6,Clay,77.3,10.7,Low,Jackfruit,0.8011,1
1828.9,31.9,Red,64.2,6.6,Low,Coconut,0.7711,1
1173.6,42.1,Alluvial,67.6,9.5,Medium,Amla,0.9322,1
778.3,39.5,Alluvial,53.2,6.5,Low,Jackfruit,0.6731,0
1579.1,38.4,Black,29.2,10.2,Medium,Sapota,0.8214,1
1770.3,39.3,Red,37.6,6.3,Low,Papaya,0.683,0
451.4,22.6,Red,15.4,8.9,Low,Pomegranate,0.8041,1
1248.7,18.1,Black,12.2,8.1,Low,Guava,0.6164,0
309.1,47.2,Alluvial,57.8,5.7,Low,Sapota,0.4911,0
618.4,34.8,Red,9.1,9.2,Medium,Amla,0.8521,1
1966.7,28.3,Alluvial,48.8,9.4,High,Mango,0.7601,0
1038.3,41.9,Red,47.7,8.2,Medium,Mango,0.6731,0
1389.0,47.9,Black,68.0,11.7,Medium,Jackfruit,0.56,0
2838.0,40.3,Loamy,29.5,9.2,High,Mango,0.546,1
1068.8,35.2,Loamy,92.9,10.7,Medium,Amla,0.835,1
2345.8,41.4,Loamy,39.9,11.3,High,Papaya,0.5877,1
1236.9,25.2,Red,22.6,11.4,Medium,Amla,0.9189,1
1053.4,22.4,Clay,18.6,8.6,Medium,Guava,0.8472,1
819.5,19.4,Black,26.9,6.6,Low,Mango,0.6764,0
2045.6,24.9,Sandy,60.6,10.0,Low,Papaya,0.6363,1
1136.1,34.5,Loamy,36.8,9.4,Medium,Papaya,0.6668,1
2996.5,25.0,Alluvial,80.9,4.7,Low,Jackfruit,0.7209,1
1840.3,36.5,Red,67.7,5.6,Low,Guava,0.8225,1
597.4,31.4,Loamy,44.9,10.4,Medium,Guava,0.762,0
2233.4,31.5,Loamy,88.5,4.9,Medium,Banana,0.6738,1
922.9,34.1,Alluvial,80.2,5.9,Low,Sapota,0.7391,0
2337.5,33.5,Red,91.3,8.0,High,Coconut,0.8242,1
908.9,21.1,Loamy,54.6,5.9,High,Guava,0.7598,1
327.5,38.7,Sandy,44.2,9.3,Medium,Amla,0.9083,1
2472.4,37.7,Alluvial,76.6,9.2,Medium,Coconut,0.8177,1
2511.8,34.9,Red,30.5,10.8,Medium,Banana,0.8126,1
2877.5,35.0,Alluvial,26.0,5.4,Medium,Jackfruit,0.6263,0
1381.8,37.0,Black,56.5,7.5,High,Pomegranate,0.7622,1
864.6,22.6,Alluvial,70.0,7.1,Low,Mango,0.806,1
3666.4,10.7,Clay,26.5,10.8,Medium,Pomegranate,0.4161,0
1219.5,28.9,Sandy,68.1,9.8,Medium,Lemon,0.7752,1
2457.7,37.5,Clay,40.5,3.6,Low,Lemon,0.4262,0
449.2,22.3,Clay,61.5,7.9,High,Amla,0.8633,1
825.7,14.3,Sandy,67.2,7.7,High,Papaya,0.5348,1
1936.8,37.7,Loamy,81.9,10.3,Medium,Guava,0.7914,1
1088.4,22.5,Clay,16.1,10.1,Low,Guava,0.755,1
535.6,41.1,Alluvial,60.7,6.8,Medium,Pomegranate,0.6994,1
1670.8,20.3,Sandy,68.5,10.8,Medium,Coconut,0.6692,0
769.8,35.5,Loamy,60.9,7.8,Medium,Coconut,0.779,1
1429.0,39.8,Loamy,26.8,9.8,Medium,Mango,0.6973,0
1214.2,44.4,Loamy,34.0,7.3,High,Pomegranate,0.7018,0
2019.8,31.2,Clay,44.9,5.8,Medium,Guava,0.8324,1
3196.7,25.5,Alluvial,10.7,3.1,High,Pomegranate,0.5417,1
1528.0,46.8,Clay,9.5,3.6,Medium,Coconut,0.414,0
1075.9,19.1,Loamy,52.6,9.5,Medium,Lemon,0.8382,1
1325.9,23.1,Red,73.2,4.5,Medium,Jackfruit,0.7648,1
1212.3,15.9,Black,11.2,6.9,Medium,Amla,0.8436,1
1342.2,22.9,Red,90.9,6.7,Medium,Coconut,0.7715,1
3474.8,44.1,Black,17.8,11.5,High,Pomegranate,0.4776,1
646.5,25.6,Red,22.8,10.2,Medium,Mango,0.6994,0
1946.5,38.3,Red,64.5,11.0,High,Banana,0.7689,1
2410.8,14.5,Loamy,66.7,4.2,Medium,Sapota,0.6026,0
2122.1,29.4,Loamy,41.8,6.7,Low,Jackfruit,0.7941,1
2669.4,19.8,Clay,82.5,10.1,High,Jackfruit,0.7281,1
1454.3,33.7,Loamy,23.7,7.6,Medium,Papaya,0.6501,1
1613.6,18.6,Loamy,25.2,8.0,High,Mango,0.7103,1
2127.3,31.0,Sandy,77.0,9.8,Medium,Coconut,0.79,1
2002.3,40.5,Red,25.9,5.6,Medium,Mango,0.7645,1
400.8,20.1,Alluvial,63.1,7.1,Low,Pomegranate,0.7719,1
2417.8,21.9,Alluvial,32.1,9.4,Medium,Jackfruit,0.7627,0
1632.9,25.3,Clay,15.0,6.1,Medium,Guava,0.7685,1
1666.7,16.5,Clay,87.8,8.7,Medium,Jackfruit,0.676,0
1545.8,34.6,Alluvial,64.6,9.9,High,Sapota,0.8233,1
1636.9,23.7,Red,84.3,5.7,High,Guava,0.8185,1
1054.3,10.4,Loamy,74.9,10.4,Medium,Mango,0.5254,0
1895.6,20.5,Loamy,47.7,7.8,Medium,Lemon,0.7826,0
3092.1,44.2,Loamy,6.5,9.9,Medium,Amla,0.6736,0
3800.4,40.7,Clay,30.2,6.4,Low,Jackfruit,0.5515,1
1258.2,21.3,Alluvial,64.1,5.4,Low,Banana,0.7158,1
1908.9,31.4,Sandy,62.4,11.1,Low,Papaya,0.8026,1
514.1,21.6,Black,63.2,8.2,Low,Pomegranate,0.7308,1
1779.8,22.3,Red,77.2,10.2,Medium,Sapota,0.8682,0
1299.6,40.2,Loamy,67.3,7.5,Low,Mango,0.7186,1
2295.4,25.9,Red,70.6,7.1,Medium,Lemon,0.5793,0
1178.6,38.1,Loamy,32.9,8.2,Medium,Pomegranate,0.7649,1
2762.0,34.2,Clay,76.4,4.7,Medium,Banana,0.7614,1
1289.0,47.0,Sandy,73.4,11.5,Medium,Jackfruit,0.6271,1
884.7,19.0,Alluvial,72.1,10.5,Medium,Guava,0.8459,1
3739.5,36.6,Sandy,46.9,7.6,Medium,Mango,0.5256,1
882.4,32.2,Black,46.5,8.3,High,Mango,0.6519,1
2504.7,31.5,Red,28.6,8.5,Medium,Guava,0.7576,1
2555.9,37.6,Clay,94.4,8.0,Low,Banana,0.6366,0
740.0,25.4,Alluvial,42.8,10.3,Medium,Papaya,0.7088,1
3679.5,12.5,Sandy,78.0,10.1,Low,Pomegranate,0.4394,1
1725.9,36.7,Clay,58.0,7.7,High,Banana,0.8405,1
1808.6,37.5,Loamy,36.2,6.2,Low,Guava,0.7558,1
1364.9,38.0,Loamy,65.6,7.6,High,Guava,0.8398,1
2183.0,34.7,Sandy,87.9,5.6,Medium,Sapota,0.6418,1
1581.0,23.4,Alluvial,61.9,9.7,Low,Banana,0.6806,1
1839.1,34.9,Red,49.7,7.1,Medium,Coconut,0.7603,1
1690.2,17.6,Alluvial,45.5,9.7,Low,Sapota,0.6994,1
2650.2,40.2,Black,6.6,11.4,High,Jackfruit,0.5267,1
1063.2,46.0,Loamy,66.0,5.0,Medium,Banana,0.5946,0
2669.1,47.0,Alluvial,69.1,11.4,High,Banana,0.5985,1
1833.1,39.2,Black,25.4,8.8,Medium,Sapota,0.754,1
2044.9,36.2,Alluvial,63.3,6.9,High,Mango,0.7799,1
1336.1,21.9,Alluvial,81.8,5.7,Medium,Guava,0.7791,1
755.7,34.2,Red,59.5,6.3,Medium,Lemon,0.8196,1
1588.3,39.2,Alluvial,31.8,10.4,High,Jackfruit,0.7602,1
2287.9,34.0,Red,28.0,5.6,Medium,Jackfruit,0.7588,0
1208.7,26.5,Alluvial,31.8,6.7,Medium,Sapota,0.8376,1
3916.0,38.0,Loamy,33.4,3.6,High,Pomegranate,0.6116,0
1899.7,29.4,Alluvial,84.4,8.2,Medium,Coconut,0.7513,1
1384.5,35.2,Sandy,53.4,6.7,Low,Coconut,0.7095,1
2319.8,34.7,Loamy,39.5,9.5,High,Papaya,0.6875,1
1933.1,40.1,Loamy,65.9,11.9,Low,Amla,0.743,1
212.1,21.2,Clay,15.1,10.5,Medium,Amla,0.7693,1
2384.6,34.8,Red,51.5,11.9,Medium,Guava,0.7455,1
3943.3,29.4,Alluvial,5.2,6.4,High,Guava,0.5926,1
2629.7,33.4,Sandy,15.9,7.0,Low,Sapota,0.6004,0
1622.1,35.5,Loamy,46.6,6.3,Medium,Coconut,0.7075,1
857.8,36.2,Loamy,12.3,6.7,Medium,Pomegranate,0.7376,1
1003.8,16.3,Clay,69.6,10.9,Low,Amla,0.764,1
1263.7,37.4,Red,79.2,8.5,Medium,Amla,0.8797,1
2058.2,37.5,Red,65.9,11.3,High,Mango,0.8065,0
3847.2,37.3,Clay,14.5,5.2,High,Guava,0.5588,1
1704.1,32.6,Loamy,8.1,9.4,Medium,Sapota,0.7732,1
1683.5,39.9,Alluvial,43.6,8.5,High,Amla,0.8436,1
700.0,12.1,Black,74.9,9.4,Medium,Lemon,0.6056,1
2788.1,36.8,Loamy,65.5,6.8,High,Jackfruit,0.6793,1
1507.4,40.9,Alluvial,61.1,7.0,Medium,Amla,0.9097,0
1261.0,31.6,Loamy,86.7,10.0,Medium,Guava,0.8069,1
2155.2,37.8,Loamy,39.3,6.1,Low,Banana,0.6936,0
1523.6,24.4,Loamy,29.7,6.3,Medium,Mango,0.7331,0
1675.3,24.5,Loamy,69.2,5.3,Medium,Sapota,0.8073,1
320.4,32.5,Loamy,55.1,10.6,Low,Coconut,0.5442,0
2356.2,38.0,Sandy,29.6,8.6,Medium,Papaya,0.6412,0
1847.6,40.3,Sandy,47.8,11.3,Medium,Papaya,0.7313,1
2297.9,26.2,Alluvial,79.8,10.2,Low,Banana,0.6976,0
483.0,15.8,Sandy,78.4,10.9,Medium,Lemon,0.7344,0
1101.3,25.8,Loamy,66.3,10.4,Low,Mango,0.7928,1
1172.2,39.7,Red,81.0,11.1,High,Coconut,0.7407,1
2026.8,38.9,Red,32.5,6.1,Medium,Mango,0.7455,1
1622.7,39.1,Sandy,28.1,7.0,Medium,Guava,0.8344,0
384.6,36.2,Red,49.7,5.8,Medium,Jackfruit,0.6327,1
1572.8,39.9,Loamy,63.4,9.3,Medium,Jackfruit,0.6916,1
367.3,32.0,Clay,38.7,9.7,Low,Amla,0.8124,1
2136.5,33.6,Black,68.6,10.9,Medium,Mango,0.6666,1
925.0,38.9,Loamy,74.6,8.0,High,Papaya,0.6369,0
2187.1,27.4,Clay,62.0,7.1,High,Sapota,0.6888,1
2330.7,22.5,Black,85.7,10.9,High,Pomegranate,0.5285,0
2377.4,34.9,Sandy,33.8,4.1,High,Sapota,0.6086,0
1468.6,30.4,Red,20.0,7.1,Medium,Papaya,0.7631,1
925.9,21.5,Black,36.3,9.5,Low,Sapota,0.8608,1
1991.2,37.4,Loamy,69.9,11.0,Medium,Sapota,0.821,0
4096.8,42.3,Black,11.1,6.1,High,Pomegranate,0.533,1
1805.5,38.7,Red,58.8,8.0,Medium,Banana,0.7329,1
3501.1,10.6,Clay,80.6,5.0,Medium,Sapota,0.4474,1
3796.9,47.0,Sandy,63.8,5.1,Medium,Lemon,0.4221,1
2682.8,27.7,Alluvial,93.8,9.7,Medium,Coconut,0.7849,1
3222.9,27.9,Alluvial,69.6,7.1,Medium,Banana,0.7104,0
1076.6,37.6,Clay,48.9,6.3,High,Jackfruit,0.7408,1
1521.0,33.9,Red,45.2,3.9,High,Pomegranate,0.6799,1
274.0,38.5,Alluvial,27.0,8.3,Medium,Pomegranate,0.7167,1
905.9,20.1,Clay,89.7,7.0,High,Banana,0.6164,1
2195.7,35.3,Clay,88.1,9.1,Medium,Jackfruit,0.7292,1
1342.9,31.3,Black,61.2,9.9,Low,Amla,0.8921,1
2117.0,31.3,Clay,41.8,11.8,High,Lemon,0.6162,1
724.8,18.7,Clay,55.5,5.8,Medium,Coconut,0.5403,1
1642.9,27.5,Sandy,34.3,10.0,High,Sapota,0.805,1
1668.0,18.0,Alluvial,23.0,5.8,High,Guava,0.805,0
1736.6,33.7,Red,35.3,7.0,High,Papaya,0.6403,0
1495.5,28.0,Alluvial,12.0,7.2,High,Amla,0.897,1
510.7,29.7,Red,74.3,10.3,High,Papaya,0.5987,1
355.4,43.2,Clay,39.7,9.2,Low,Amla,0.9188,1
603.8,25.5,Alluvial,22.7,6.2,Low,Papaya,0.6364,1
2059.8,29.3,Loamy,94.5,6.1,Medium,Banana,0.7125,0
263.3,23.0,Alluvial,78.7,8.4,Medium,Mango,0.5606,1
915.7,28.3,Loamy,53.5,6.3,Medium,Sapota,0.8037,1
729.0,31.4,Loamy,81.5,8.0,High,Mango,0.7833,1
1659.0,16.7,Black,54.1,7.6,Medium,Sapota,0.7848,1
1068.7,20.6,Loamy,59.1,11.5,Medium,Papaya,0.7699,1
1388.4,36.1,Red,85.6,7.0,Medium,Sapota,0.7478,1
1725.6,29.2,Alluvial,43.6,10.3,Medium,Guava,0.8944,0
315.4,35.1,Red,31.2,6.3,Low,Amla,0.804,0
730.1,34.0,Sandy,70.8,9.3,High,Papaya,0.686,1
1409.8,27.8,Sandy,67.4,8.2,High,Sapota,0.7257,0
1026.0,26.8,Clay,16.0,10.0,Low,Guava,0.8263,1
1123.2,21.5,Loamy,74.2,10.6,High,Sapota,0.7977,0
1829.8,18.7,Black,41.3,7.6,Medium,Sapota,0.7429,1
2109.7,18.4,Red,64.8,7.1,Low,Coconut,0.6895,0
2319.3,23.3,Sandy,27.3,11.1,Low,Papaya,0.7528,0
3034.5,47.9,Black,40.2,10.8,High,Coconut,0.5553,0
1536.2,38.4,Loamy,64.3,10.9,High,Mango,0.8067,1
224.0,40.5,Black,88.2,5.3,Medium,Jackfruit,0.4868,1
1366.0,25.2,Alluvial,35.2,9.2,Medium,Guava,0.8149,1
3227.9,19.3,Red,73.5,9.9,Medium,Jackfruit,0.6999,0
855.7,30.0,Loamy,83.9,6.3,Low,Coconut,0.7362,1
586.6,38.4,Black,25.6,9.8,Medium,Pomegranate,0.8593,1
1844.3,29.7,Alluvial,46.1,11.0,Medium,Papaya,0.7548,1
565.3,33.8,Alluvial,74.8,6.7,Medium,Amla,0.8284,0
943.2,20.7,Loamy,79.6,6.0,High,Guava,0.8118,1
1163.3,18.7,Alluvial,59.3,11.2,High,Papaya,0.6638,1
1766.5,10.3,Black,17.8,5.8,High,Lemon,0.5475,0
2221.4,24.3,Red,74.8,8.0,Medium,Banana,0.7473,0
2976.3,44.8,Clay,19.9,8.1,Low,Lemon,0.3344,1
1153.3,18.7,Black,57.6,6.2,High,Sapota,0.7284,0
494.7,17.3,Loamy,73.9,5.6,Low,Lemon,0.6218,0
2190.3,22.6,Loamy,93.1,7.5,High,Coconut,0.7023,1
2711.1,36.0,Sandy,79.6,3.9,Low,Jackfruit,0.7549,0
2924.9,22.6,Alluvial,33.9,6.8,High,Jackfruit,0.7012,1
416.6,23.1,Sandy,25.0,6.8,Medium,Pomegranate,0.839,1
1297.8,38.3,Alluvial,71.8,11.1,Medium,Coconut,0.7868,1
2378.1,26.6,Clay,42.4,11.0,Medium,Guava,0.7392,1
435.0,27.1,Sandy,36.5,5.9,Medium,Lemon,0.7597,1
2693.1,26.7,Sandy,42.7,9.0,High,Coconut,0.6932,0
1712.6,17.0,Loamy,77.4,10.4,High,Guava,0.7795,1
2218.9,40.3,Black,60.5,7.6,Medium,Mango,0.7767,1
1617.7,26.2,Loamy,53.8,11.0,High,Guava,0.8079,1
899.4,29.1,Clay,40.9,4.3,Low,Mango,0.697,1
824.8,38.9,Loamy,54.4,6.6,Medium,Jackfruit,0.6386,1
1249.1,39.3,Sandy,20.5,10.9,Medium,Papaya,0.6792,0
4199.0,37.5,Sandy,15.3,7.7,Medium,Mango,0.5115,0
2739.8,24.7,Clay,86.8,11.7,Low,Guava,0.6295,1
832.2,10.8,Black,75.6,3.7,High,Guava,0.5116,1
864.5,22.1,Sandy,64.1,9.3,Medium,Coconut,0.8053,1
927.5,34.0,Red,43.4,10.6,High,Lemon,0.7709,1
3648.8,21.9,Red,53.4,10.6,High,Mango,0.6537,0
1253.1,18.5,Clay,17.3,8.5,Medium,Amla,0.8521,1
1321.3,33.2,Loamy,85.7,9.9,High,Sapota,0.7916,1
626.0,22.7,Sandy,51.3,11.2,Low,Pomegranate,0.824,0
3082.3,35.0,Red,68.4,5.4,High,Pomegranate,0.6248,1
2098.9,17.9,Sandy,61.9,7.8,Medium,Guava,0.729,0
861.6,27.9,Black,80.8,8.1,Medium,Mango,0.707,1
325.6,27.4,Red,17.6,8.2,Medium,Lemon,0.6445,0
1177.5,40.5,Alluvial,79.3,6.8,Medium,Mango,0.638,1
1724.3,24.7,Red,38.0,10.2,High,Coconut,0.7992,0
2965.8,39.1,Red,60.0,7.4,Medium,Banana,0.7162,1
1293.4,31.6,Sandy,28.9,8.0,Medium,Sapota,0.8682,1
2065.0,32.2,Loamy,41.8,8.7,Medium,Sapota,0.7531,1
237.4,20.2,Loamy,12.6,10.3,Low,Pomegranate,0.7269,1
1867.8,14.9,Alluvial,75.9,7.4,Medium,Lemon,0.6754,1
1284.2,33.8,Clay,76.2,9.5,Medium,Guava,0.8579,1
2212.3,42.0,Loamy,33.7,7.1,Medium,Mango,0.6824,0
1121.5,35.9,Loamy,16.8,9.4,Medium,Guava,0.8834,0
3477.2,20.9,Alluvial,79.8,10.2,High,Sapota,0.6488,1
1411.4,24.5,Alluvial,22.4,5.7,High,Papaya,0.699,1
2862.9,40.0,Clay,62.9,9.4,Low,Amla,0.7056,1
2901.3,22.8,Loamy,62.4,10.5,High,Banana,0.7123,0
1780.8,38.5,Alluvial,81.7,11.1,Low,Jackfruit,0.6995,1
655.6,35.2,Alluvial,57.8,11.1,Medium,Sapota,0.7749,1
639.9,41.9,Red,77.4,6.3,Medium,Papaya,0.4853,0
1515.7,17.8,Loamy,41.3,6.9,High,Banana,0.7083,1
849.8,22.8,Red,30.7,10.3,Low,Papaya,0.7034,1
756.0,24.9,Clay,28.6,7.6,Medium,Jackfruit,0.7275,1
704.0,32.9,Alluvial,51.6,9.4,Medium,Amla,0.8599,1
565.9,21.5,Red,72.1,6.9,Medium,Sapota,0.7845,1
2684.0,30.6,Clay,82.4,8.3,Low,Lemon,0.5032,0
1693.4,47.8,Black,67.2,11.1,High,Sapota,0.6432,1
482.9,40.4,Alluvial,52.6,8.7,Low,Mango,0.6407,1
1129.8,43.1,Red,62.5,6.4,High,Sapota,0.7349,0
1009.0,20.1,Sandy,10.4,11.3,Medium,Pomegranate,0.8119,1
3617.1,12.9,Loamy,21.6,6.6,High,Jackfruit,0.4751,0
1159.5,17.0,Sandy,34.6,8.1,Medium,Sapota,0.7293,0
2013.0,25.3,Loamy,40.7,8.4,Low,Banana,0.7224,1
1016.6,29.5,Sandy,27.4,6.3,Low,Amla,0.876,1
1470.5,20.7,Sandy,52.3,10.8,High,Sapota,0.8941,1
877.0,20.6,Sandy,21.7,7.5,Medium,Amla,0.8731,1
928.1,40.5,Black,52.6,7.2,Low,Pomegranate,0.7618,0
2782.6,31.8,Red,52.8,4.9,Medium,Jackfruit,0.7747,1
1246.3,44.1,Black,34.9,10.0,High,Amla,0.8713,1
2332.2,18.9,Alluvial,48.8,5.9,High,Lemon,0.655,0
1174.2,42.7,Clay,53.5,11.1,High,Papaya,0.646,1
1860.6,15.7,Sandy,61.8,4.6,Medium,Lemon,0.6995,1
1626.2,33.3,Alluvial,60.3,6.6,Medium,Papaya,0.7211,1
1428.6,19.8,Sandy,29.5,5.9,Medium,Sapota,0.83,1
1065.2,17.8,Loamy,41.6,9.9,High,Lemon,0.79,1
787.0,24.7,Red,17.5,6.6,High,Amla,0.9003,1
2599.3,22.6,Red,34.0,7.2,Low,Coconut,0.8023,0
1656.5,35.0,Clay,52.1,10.6,Medium,Guava,0.8984,1
1345.3,33.9,Loamy,63.1,9.0,High,Sapota,0.7353,1
712.9,33.8,Alluvial,19.4,9.6,High,Sapota,0.8284,1
1719.0,43.3,Clay,69.3,7.4,Low,Amla,0.8476,1
1223.7,41.1,Black,42.5,3.2,High,Pomegranate,0.7289,1
942.9,24.2,Red,88.6,3.6,Low,Mango,0.6126,0
701.0,30.7,Loamy,53.0,7.2,Low,Amla,0.942,1
1177.0,24.9,Loamy,77.5,9.0,High,Amla,0.8183,1
1594.3,34.7,Loamy,39.2,11.3,High,Sapota,0.8468,1
3898.0,16.8,Clay,92.5,7.0,Low,Pomegranate,0.4408,0
597.2,20.2,Alluvial,45.6,10.1,Medium,Papaya,0.6168,1
1519.1,23.3,Red,89.3,11.3,Medium,Jackfruit,0.7218,1
2721.1,30.5,Red,35.1,9.5,Medium,Coconut,0.8147,1
2382.2,22.0,Loamy,50.4,10.7,Medium,Banana,0.8078,1
1242.3,38.7,Loamy,50.8,11.3,Low,Mango,0.7215,1
1309.5,19.7,Clay,72.1,10.4,Medium,Banana,0.705,1
836.5,31.0,Black,72.0,8.6,Low,Pomegranate,0.7694,1
846.5,21.1,Red,66.2,5.8,Low,Guava,0.8595,1
1865.1,23.3,Loamy,87.3,9.9,Low,Coconut,0.7645,1
790.8,36.0,Red,27.8,7.8,Medium,Amla,0.8124,1
389.4,30.7,Alluvial,30.7,6.9,High,Pomegranate,0.7549,1
1231.4,44.3,Alluvial,42.3,7.9,Low,Amla,0.8393,1
2302.0,39.8,Sandy,73.2,6.3,High,Coconut,0.7624,0
2032.6,21.7,Red,79.3,10.9,Low,Mango,0.7293,0
547.6,23.4,Loamy,76.7,5.6,Low,Lemon,0.7234,1
371.7,23.0,Clay,46.0,8.6,High,Guava,0.7496,1
851.3,24.6,Black,28.5,5.5,Medium,Sapota,0.8135,1
1327.9,20.8,Red,46.0,10.3,Medium,Coconut,0.8087,0
2856.8,38.2,Loamy,13.5,6.7,Medium,Lemon,0.4182,0
1357.8,27.8,Black,60.7,6.7,Medium,Mango,0.8008,1
593.9,34.6,Black,59.2,7.2,High,Pomegranate,0.8576,1
4191.8,22.1,Black,15.6,6.6,Low,Lemon,0.5266,0
1306.6,24.8,Alluvial,31.0,7.5,High,Mango,0.7687,1
871.6,25.7,Alluvial,50.5,9.8,Medium,Pomegranate,0.781,1
2360.2,22.8,Loamy,93.0,5.5,Medium,Coconut,0.6888,1
1747.0,27.6,Alluvial,36.6,8.2,Medium,Lemon,0.7551,1
1621.8,36.8,Sandy,35.4,10.0,Medium,Papaya,0.6794,1
618.1,18.6,Black,71.5,6.9,High,Pomegranate,0.7028,1
4032.5,18.4,Loamy,84.8,11.4,Medium,Mango,0.4992,1
735.9,23.7,Black,14.5,11.2,High,Pomegranate,0.7633,1
4030.4,38.9,Loamy,77.9,5.4,Medium,Jackfruit,0.6059,1
2757.4,19.2,Alluvial,20.0,8.4,Low,Jackfruit,0.6907,1
1499.2,30.1,Loamy,74.2,11.3,High,Coconut,0.7619,0
1562.7,16.4,Alluvial,26.3,11.2,High,Amla,0.8536,1
974.7,31.6,Black,21.9,8.0,Low,Pomegranate,0.8434,1
1047.9,15.0,Sandy,48.5,8.1,High,Amla,0.8152,1
1000.4,20.4,Sandy,31.3,10.1,High,Pomegranate,0.7955,1
428.1,27.2,Red,60.7,7.7,High,Guava,0.7692,1
1045.2,32.2,Alluvial,79.3,6.8,Medium,Mango,0.7288,0
3520.3,44.2,Black,32.4,3.8,Low,Jackfruit,0.3757,0
1092.4,43.8,Loamy,53.4,8.3,High,Coconut,0.6833,0
1428.3,36.4,Loamy,62.9,8.2,Medium,Mango,0.7144,1
3979.3,29.7,Loamy,84.8,3.3,Low,Pomegranate,0.4595,0
807.8,15.7,Clay,58.5,6.6,Low,Amla,0.8289,1
2267.0,25.4,Red,86.7,9.5,High,Jackfruit,0.6953,0
1557.0,17.6,Sandy,38.9,9.9,Medium,Lemon,0.8062,1
952.7,22.6,Alluvial,40.7,8.3,Medium,Guava,0.832,1
513.7,25.3,Loamy,24.3,8.0,High,Pomegranate,0.8063,1
1522.5,26.6,Red,26.3,9.6,High,Sapota,0.8486,1
1037.8,30.8,Sandy,13.5,10.0,Medium,Pomegranate,0.8445,1
472.2,25.1,Black,41.0,9.5,High,Amla,0.8782,1
2069.6,35.7,Clay,62.9,5.9,Low,Guava,0.7446,0
3459.9,13.9,Clay,44.6,12.0,Medium,Pomegranate,0.4549,0
1777.0,32.1,Sandy,35.6,8.7,Medium,Sapota,0.8184,0
2124.3,33.3,Red,64.1,3.9,Medium,Jackfruit,0.6945,1
428.7,35.0,Black,50.9,11.3,High,Pomegranate,0.8267,1
646.9,30.8,Alluvial,32.5,5.5,Medium,Guava,0.9239,0
1777.3,39.9,Red,41.6,11.4,Medium,Jackfruit,0.6678,1
656.9,16.0,Loamy,34.8,7.3,Medium,Lemon,0.8111,1
2279.0,26.0,Alluvial,64.7,9.4,High,Coconut,0.7736,1
1682.5,44.6,Sandy,51.6,3.0,Low,Pomegranate,0.5027,0
1454.8,22.8,Alluvial,53.1,10.5,Medium,Banana,0.7367,1
2574.3,15.3,Black,21.7,6.2,Medium,Amla,0.6228,0
2958.3,19.7,Clay,27.7,9.5,High,Jackfruit,0.708,1
845.7,36.2,Loamy,50.8,6.9,High,Mango,0.7706,0
780.8,21.6,Sandy,76.8,6.9,High,Amla,0.8355,1
1120.3,30.5,Alluvial,51.8,9.1,High,Banana,0.6855,1
524.2,25.3,Sandy,16.8,7.9,Medium,Amla,0.8824,1
1851.3,25.1,Black,39.5,8.4,Medium,Jackfruit,0.7669,1
3085.2,16.6,Alluvial,60.0,3.8,High,Sapota,0.4988,0
3651.5,10.1,Red,69.6,10.5,Medium,Mango,0.4109,1
1036.6,31.9,Alluvial,32.5,7.3,High,Jackfruit,0.7316,1
903.1,30.0,Sandy,63.2,10.7,Medium,Pomegranate,0.8113,1
652.8,19.3,Alluvial,23.0,6.5,Low,Sapota,0.8013,0
1399.7,28.0,Red,53.3,10.2,Low,Coconut,0.8487,1
1290.8,26.8,Loamy,25.6,7.7,Medium,Pomegranate,0.8184,1
324.1,31.6,Black,36.4,7.1,Low,Amla,0.7163,1
2098.4,36.9,Loamy,89.3,6.1,Low,Coconut,0.782,1
2277.3,28.3,Red,27.2,6.0,Medium,Jackfruit,0.7503,1
356.6,38.4,Red,54.5,8.5,Medium,Guava,0.7026,1
559.6,39.3,Black,27.7,4.6,Medium,Sapota,0.6659,1
2140.9,18.4,Loamy,51.4,7.5,Medium,Mango,0.6519,1
1868.8,29.6,Red,76.9,6.1,Medium,Jackfruit,0.7746,1
1893.9,32.5,Red,82.1,6.4,Low,Lemon,0.6344,1
1466.2,29.5,Sandy,68.5,10.6,Low,Coconut,0.778,0
782.1,43.4,Black,29.2,11.8,Low,Mango,0.6728,1
556.2,24.8,Alluvial,41.3,7.5,High,Coconut,0.6774,1
1754.1,33.4,Sandy,52.4,8.4,Low,Papaya,0.7834,1
2092.8,29.7,Alluvial,47.4,5.9,High,Sapota,0.6984,1
1563.2,37.1,Sandy,58.7,10.8,Low,Papaya,0.7375,1
1011.2,38.2,Loamy,62.1,8.6,Medium,Pomegranate,0.8228,0
1210.7,15.1,Sandy,22.4,11.7,Low,Banana,0.4512,0
2131.2,19.1,Red,40.9,7.9,High,Papaya,0.7037,0
360.6,21.3,Sandy,46.9,7.9,Low,Pomegranate,0.8254,1
872.7,31.8,Loamy,27.6,7.2,Low,Pomegranate,0.7828,1
462.7,20.3,Sandy,45.3,8.2,High,Guava,0.7933,1
2790.9,25.5,Black,67.1,10.1,Medium,Jackfruit,0.7431,1
2260.1,24.3,Loamy,71.7,10.7,Low,Coconut,0.7982,0
2520.7,40.0,Black,69.7,6.0,Low,Mango,0.6856,0
519.6,26.1,Alluvial,53.4,10.3,High,Mango,0.6544,1
1170.4,30.7,Black,58.0,7.6,Low,Pomegranate,0.7844,1
2296.9,36.9,Loamy,82.7,8.6,High,Jackfruit,0.7581,1
2499.2,29.0,Alluvial,64.0,7.1,Low,Banana,0.7259,1
1266.2,40.4,Black,13.2,8.4,Medium,Pomegranate,0.674,0
1904.4,29.7,Loamy,5.4,3.3,High,Coconut,0.6323,1
609.4,33.6,Sandy,69.5,7.8,Medium,Guava,0.8209,1
2559.1,29.6,Loamy,76.1,9.0,Medium,Mango,0.7829,1
2565.3,24.5,Loamy,46.5,10.8,Medium,Mango,0.6682,1
1631.9,31.1,Loamy,69.9,10.9,Medium,Amla,0.827,1
640.2,29.6,Loamy,59.4,11.3,Medium,Papaya,0.6567,0
2074.7,37.5,Sandy,80.9,7.2,Medium,Banana,0.6885,1
2572.8,27.8,Red,79.4,11.5,High,Banana,0.7583,1
993.2,36.4,Red,7.0,9.1,Medium,Amla,0.7965,1
586.3,22.7,Sandy,46.3,8.5,High,Papaya,0.6551,1
1977.8,35.8,Red,21.5,6.5,Medium,Guava,0.8625,1
1184.9,35.4,Loamy,69.6,11.3,Medium,Pomegranate,0.757,1
3272.0,39.4,Alluvial,38.2,6.7,Low,Lemon,0.4702,0
905.4,28.9,Sandy,81.3,6.5,High,Coconut,0.7289,1
821.8,32.3,Loamy,56.4,8.4,Medium,Papaya,0.705,1
1317.7,26.7,Red,66.6,8.9,High,Pomegranate,0.7117,0
1642.1,29.5,Sandy,67.2,10.6,Medium,Amla,0.8704,1
2817.5,14.7,Clay,19.7,5.6,Medium,Jackfruit,0.641,0
960.8,12.5,Clay,54.9,10.4,Medium,Papaya,0.5086,0
707.1,31.7,Red,36.7,10.3,Medium,Mango,0.8027,1
2952.0,27.8,Clay,70.9,4.7,High,Banana,0.724,1
1860.0,17.0,Alluvial,22.9,6.9,Medium,Lemon,0.6348,0
2231.8,26.6,Alluvial,38.3,8.8,Medium,Mango,0.7421,1
966.4,22.7,Loamy,45.8,7.5,Medium,Pomegranate,0.8305,1
1689.1,16.8,Black,72.6,6.4,High,Amla,0.675,0
796.2,25.4,Alluvial,36.9,5.0,Medium,Sapota,0.7747,1
1603.7,25.8,Loamy,66.7,8.3,Low,Papaya,0.704,1
929.8,22.0,Red,55.5,6.1,Low,Banana,0.654,0
244.5,33.7,Black,72.5,8.6,Low,Pomegranate,0.6958,0
1215.3,35.5,Black,30.5,11.2,Medium,Amla,0.8604,1
597.7,33.0,Red,55.5,10.6,High,Guava,0.8781,1
1595.9,23.4,Alluvial,33.6,6.8,Low,Jackfruit,0.7499,1
3147.7,36.4,Alluvial,35.3,3.9,Medium,Guava,0.6338,0
820.6,16.8,Sandy,59.8,7.7,Medium,Lemon,0.7866,1
871.6,35.2,Loamy,55.6,11.0,Low,Jackfruit,0.7713,1
696.7,15.1,Red,15.1,10.7,Medium,Coconut,0.4608,0
565.6,40.4,Red,21.5,7.5,Low,Papaya,0.5987,0
433.0,27.9,Loamy,68.2,7.7,Medium,Sapota,0.7534,1
436.5,34.5,Loamy,10.4,10.9,Low,Amla,0.8568,1
1495.0,42.9,Clay,90.9,5.6,High,Pomegranate,0.3641,0
749.8,23.7,Alluvial,38.1,10.7,Medium,Coconut,0.7272,1
1232.1,33.8,Loamy,32.3,6.6,Medium,Amla,0.9492,1
1361.0,23.6,Red,66.2,8.3,Medium,Pomegranate,0.7761,0
1042.9,22.8,Alluvial,62.5,9.1,High,Lemon,0.8228,0
1238.3,32.9,Alluvial,30.4,11.3,Medium,Mango,0.7609,1
779.3,37.9,Clay,44.9,9.1,Low,Guava,0.7647,1
412.0,30.7,Loamy,33.2,10.2,High,Pomegranate,0.8181,1
1248.2,39.9,Loamy,27.8,7.2,High,Papaya,0.6833,1
2255.9,17.1,Loamy,47.8,6.6,Medium,Jackfruit,0.7343,1
1194.5,37.5,Loamy,57.0,6.9,Low,Guava,0.7558,1
2181.6,36.4,Alluvial,25.8,6.9,Medium,Papaya,0.699,0
347.8,40.5,Alluvial,28.7,6.7,Medium,Amla,0.8575,1
1002.0,43.8,Red,34.0,3.1,High,Guava,0.666,1
569.8,21.1,Alluvial,23.8,10.6,Low,Mango,0.7481,1
1156.1,37.5,Alluvial,64.1,6.3,Medium,Coconut,0.719,1
2372.7,39.9,Red,71.4,9.5,Medium,Papaya,0.6317,1
3373.0,30.5,Sandy,62.0,4.1,Low,Lemon,0.6139,1
1817.7,20.1,Alluvial,27.1,6.7,Medium,Lemon,0.753,1
1664.4,16.9,Alluvial,63.0,10.7,High,Jackfruit,0.6674,1
2966.7,20.3,Loamy,90.3,7.2,Medium,Coconut,0.6617,1
2340.3,17.0,Alluvial,32.0,5.8,High,Mango,0.6525,1
1281.0,30.3,Red,49.4,8.2,Low,Pomegranate,0.8149,1
2799.2,28.1,Clay,83.9,6.7,High,Banana,0.7581,1
1464.4,33.3,Sandy,63.2,8.4,Low,Guava,0.8228,0
2792.1,29.2,Loamy,78.4,6.5,Medium,Coconut,0.7922,1
1404.1,28.7,Sandy,78.3,6.5,Medium,Guava,0.7863,1
1404.7,43.5,Black,49.1,7.4,Medium,Amla,0.8568,1
1247.6,22.3,Alluvial,39.8,6.5,Medium,Coconut,0.6899,1
1134.4,10.2,Alluvial,64.8,8.6,Medium,Pomegranate,0.5861,1
1025.6,37.0,Clay,70.9,4.6,Medium,Guava,0.8142,1
1202.9,39.9,Sandy,60.8,11.1,Medium,Pomegranate,0.6661,1
1210.6,27.2,Loamy,67.4,10.0,High,Pomegranate,0.6899,1
1438.5,22.1,Loamy,36.9,8.6,Medium,Lemon,0.7644,0
2216.5,20.4,Alluvial,71.5,10.4,Medium,Mango,0.6798,1
808.1,15.7,Sandy,75.5,9.0,Medium,Amla,0.8176,1
1449.6,39.0,Red,73.1,8.7,High,Banana,0.7068,0
2406.3,35.2,Red,57.8,10.3,Medium,Mango,0.7203,0
802.7,16.2,Red,12.0,10.2,Medium,Pomegranate,0.747,0
1506.1,21.4,Clay,34.1,7.8,High,Amla,0.8107,1
1529.1,19.3,Alluvial,44.1,9.8,Medium,Lemon,0.779,1
2529.7,35.6,Alluvial,28.7,7.1,High,Lemon,0.6092,1
1383.6,41.5,Black,66.2,7.0,Medium,Pomegranate,0.6283,0
1589.7,32.5,Loamy,28.1,10.0,High,Sapota,0.7683,0
550.6,15.8,Loamy,74.0,8.6,Medium,Amla,0.864,1
1935.9,30.8,Loamy,76.4,9.3,Medium,Papaya,0.7093,1
747.5,22.8,Loamy,87.4,7.3,High,Jackfruit,0.6097,1
1253.6,31.0,Alluvial,32.4,9.7,Medium,Guava,0.8318,1
1366.7,29.8,Loamy,61.5,8.9,Low,Lemon,0.8693,0
1635.0,40.0,Sandy,47.6,7.8,High,Guava,0.7521,1
2824.3,31.0,Clay,31.6,3.7,Low,Coconut,0.6623,1
1068.9,30.1,Black,37.2,5.3,Medium,Sapota,0.8365,1
697.7,33.7,Alluvial,45.6,8.3,Medium,Guava,0.8244,1
3622.2,16.5,Loamy,19.0,6.5,Medium,Coconut,0.5484,1
1451.2,37.7,Alluvial,73.6,5.1,High,Papaya,0.7351,1
3568.0,23.0,Black,50.1,9.2,Medium,Pomegranate,0.6752,1
1289.2,29.1,Red,30.2,10.3,Medium,Jackfruit,0.7798,1
2853.5,15.4,Alluvial,52.4,10.5,Medium,Amla,0.6102,1
1999.7,26.9,Alluvial,80.0,6.7,Medium,Jackfruit,0.8081,1
2121.0,38.1,Alluvial,81.0,6.3,Medium,Sapota,0.7689,1
780.3,36.3,Alluvial,24.5,8.9,Medium,Sapota,0.8184,1
749.8,23.4,Sandy,50.2,7.4,High,Papaya,0.6948,0
1967.0,22.6,Loamy,55.9,7.0,Medium,Mango,0.8333,1
4012.6,42.4,Clay,78.7,5.4,Medium,Lemon,0.3836,0
2359.5,43.0,Black,25.4,8.6,Low,Sapota,0.5862,0
634.0,19.4,Clay,41.3,10.2,Medium,Amla,0.8559,1
453.7,15.8,Red,60.5,8.2,Low,Amla,0.8428,1
566.3,41.7,Alluvial,58.3,10.6,Medium,Amla,0.8095,0
517.6,35.4,Alluvial,74.3,8.0,High,Mango,0.6955,1
1110.0,33.1,Sandy,63.4,6.2,Medium,Guava,0.7245,1
1490.6,25.2,Red,58.2,7.1,Low,Amla,0.8619,1
1750.2,23.7,Clay,69.1,8.9,High,Banana,0.792,1
589.6,22.9,Loamy,46.7,9.6,Low,Papaya,0.6468,0
1915.6,20.8,Red,86.1,6.2,Medium,Jackfruit,0.7744,1
351.2,17.0,Red,56.9,11.1,Medium,Amla,0.84,0
679.2,26.8,Red,26.5,10.1,High,Mango,0.8034,1
1417.8,23.4,Alluvial,77.8,8.2,Low,Mango,0.7408,1
1598.2,24.5,Red,29.5,5.6,Medium,Lemon,0.8062,1
1703.2,27.5,Sandy,49.0,10.5,Low,Guava,0.8979,1
1940.6,36.8,Red,73.7,11.0,High,Mango,0.7853,1
1883.9,24.4,Red,79.2,8.1,High,Mango,0.6814,1
2988.9,21.6,Clay,35.4,9.4,Low,Jackfruit,0.6907,0
377.2,27.8,Black,15.0,11.1,Medium,Amla,0.8156,1
1180.5,38.0,Loamy,46.0,11.9,Medium,Guava,0.7978,1
712.5,28.9,Alluvial,80.7,7.4,Medium,Mango,0.6813,1
1067.7,20.3,Loamy,35.6,8.8,Medium,Papaya,0.7197,1
955.2,36.3,Loamy,45.4,10.2,Low,Coconut,0.8248,1
872.0,28.2,Clay,45.9,7.2,Low,Jackfruit,0.7847,1
1907.5,30.8,Sandy,71.4,6.4,Medium,Guava,0.8132,1
268.1,17.9,Sandy,31.2,10.2,High,Pomegranate,0.6935,1
290.0,32.7,Alluvial,10.8,10.4,Medium,Amla,0.764,1
1813.7,26.5,Sandy,58.7,8.7,High,Lemon,0.6351,0
723.4,44.0,Sandy,56.9,7.3,Low,Lemon,0.6357,1
2629.0,30.4,Loamy,47.3,8.9,Medium,Coconut,0.7258,0
1363.6,35.6,Loamy,41.2,9.6,Low,Lemon,0.7688,1
1743.0,17.4,Red,30.5,9.3,Medium,Jackfruit,0.7283,1
2759.4,35.5,Loamy,64.9,6.1,Low,Banana,0.7794,1
1474.3,35.9,Red,36.9,6.7,Medium,Amla,0.9028,1
334.3,47.2,Clay,91.9,10.1,Medium,Sapota,0.4132,1
2109.5,40.7,Black,53.1,7.7,Medium,Sapota,0.7774,1
393.8,35.3,Loamy,57.7,8.8,Low,Lemon,0.7162,1
1199.5,32.6,Alluvial,55.0,5.7,High,Banana,0.8086,1
431.3,34.0,Sandy,17.3,9.6,High,Pomegranate,0.828,1
916.4,39.5,Red,67.4,9.1,Medium,Jackfruit,0.7799,1
2343.0,22.8,Clay,74.3,5.4,High,Guava,0.7784,1
818.2,23.0,Loamy,47.9,11.3,Low,Sapota,0.7369,0
1741.0,31.7,Loamy,49.6,8.0,Low,Lemon,0.7127,1
2243.0,34.6,Red,51.1,9.2,Medium,Papaya,0.7086,1
1412.7,39.8,Red,36.9,4.6,Medium,Jackfruit,0.6654,0
1209.1,28.9,Sandy,51.9,10.2,Low,Guava,0.896,1
258.1,35.3,Sandy,18.8,8.0,Medium,Pomegranate,0.7177,0
518.1,10.8,Black,74.3,7.9,Low,Banana,0.3248,1
1685.6,16.9,Loamy,42.4,8.1,High,Guava,0.8292,1
613.3,24.7,Loamy,61.0,8.2,Medium,Lemon,0.804,0
1481.9,34.1,Red,74.0,8.6,Low,Coconut,0.7629,1
2921.5,37.7,Alluvial,62.2,7.7,Low,Banana,0.6665,1
1119.4,17.4,Alluvial,35.6,7.1,Medium,Pomegranate,0.7051,0
795.1,29.7,Alluvial,45.4,9.9,Medium,Sapota,0.726,1
3444.4,12.9,Clay,69.2,7.8,Medium,Guava,0.5144,1
580.3,25.9,Loamy,83.3,9.1,High,Lemon,0.74,1
3374.3,32.7,Black,70.2,8.9,Medium,Amla,0.5746,1
1995.3,25.7,Alluvial,57.2,6.2,Medium,Papaya,0.7289,1
2642.2,16.2,Red,37.1,7.0,Medium,Jackfruit,0.7051,1
1951.5,39.3,Loamy,36.9,6.8,Low,Banana,0.6625,1
785.8,24.7,Sandy,23.2,5.7,High,Lemon,0.7005,1
2013.1,29.1,Loamy,80.1,10.7,Medium,Guava,0.7508,1
3693.3,45.8,Clay,22.6,6.0,Low,Amla,0.673,1
1504.4,18.0,Clay,26.5,9.4,Medium,Amla,0.8907,1
1390.5,28.2,Alluvial,33.3,9.2,Medium,Jackfruit,0.8689,1
486.2,34.2,Loamy,81.7,9.7,High,Guava,0.8279,1
388.9,42.1,Black,47.0,10.7,Low,Amla,0.8429,1
473.4,41.4,Sandy,28.6,9.2,High,Guava,0.7492,1
1356.3,20.2,Alluvial,30.7,9.7,Medium,Amla,0.9133,1
593.5,20.8,Loamy,58.8,7.1,Medium,Mango,0.758,1
2674.2,17.1,Red,42.7,10.7,High,Jackfruit,0.7054,1
1557.0,25.6,Loamy,86.2,10.4,High,Banana,0.7195,1
1586.6,20.1,Alluvial,86.6,4.4,Medium,Amla,0.6636,1
2699.2,20.2,Alluvial,30.6,4.1,Medium,Guava,0.6003,0
853.0,24.6,Loamy,49.9,8.6,Low,Amla,0.8998,1
2376.7,15.9,Loamy,27.6,9.6,High,Mango,0.6598,1
3678.4,20.1,Black,38.2,8.3,High,Jackfruit,0.6321,0
1349.5,27.2,Sandy,37.1,8.2,Medium,Pomegranate,0.7741,0
2290.7,13.7,Alluvial,36.7,3.4,Low,Papaya,0.5544,1
404.4,18.1,Loamy,31.7,7.9,Medium,Sapota,0.6661,0
1793.3,26.1,Red,33.7,7.4,High,Mango,0.7856,0
1248.7,19.8,Alluvial,31.6,6.9,Medium,Papaya,0.7193,0
1667.2,30.9,Red,33.9,7.5,Medium,Papaya,0.7002,0
3218.3,19.4,Sandy,53.5,11.9,High,Mango,0.4838,1
1308.4,42.5,Red,48.7,7.9,Low,Jackfruit,0.6908,0
2804.3,29.0,Black,64.5,7.3,Low,Amla,0.6394,0
543.5,34.8,Alluvial,15.0,7.5,Medium,Pomegranate,0.8333,1
975.8,46.6,Sandy,74.4,4.0,Low,Amla,0.7392,1
1351.8,25.4,Alluvial,56.3,7.7,Low,Banana,0.824,1
1157.5,32.6,Red,78.8,5.3,Low,Sapota,0.7944,0
1657.3,39.5,Red,22.5,9.5,High,Amla,0.9037,0
2877.0,32.2,Alluvial,81.7,7.0,High,Coconut,0.7636,1
332.9,40.3,Red,20.0,10.2,Medium,Pomegranate,0.74,1
2617.5,42.5,Red,81.3,6.5,High,Pomegranate,0.4526,1
2099.2,28.7,Alluvial,87.8,5.2,Low,Sapota,0.7139,1
4063.9,19.7,Alluvial,11.1,8.9,Medium,Banana,0.4399,1
852.7,39.0,Loamy,24.2,10.8,Medium,Sapota,0.7878,0
3316.2,33.3,Clay,12.1,9.5,High,Banana,0.6819,1
2088.9,32.4,Sandy,55.4,7.8,Low,Papaya,0.7197,1
1620.7,30.8,Alluvial,24.9,9.7,Low,Mango,0.7777,1
1629.9,21.2,Sandy,69.3,5.3,Medium,Papaya,0.712,1
2311.9,29.4,Red,63.2,4.1,High,Papaya,0.6849,1
2049.4,33.2,Red,70.3,10.2,High,Guava,0.7723,0
1935.1,35.7,Red,21.8,10.3,Low,Sapota,0.7996,1
924.0,19.9,Red,64.0,8.9,Medium,Lemon,0.8066,1
504.0,27.2,Loamy,61.4,5.5,Medium,Sapota,0.7525,0
1617.7,32.4,Sandy,34.6,11.4,High,Lemon,0.8024,1
2018.4,36.4,Black,30.3,9.2,Medium,Mango,0.7579,1
630.2,29.6,Alluvial,53.4,10.5,Medium,Mango,0.7502,1
2119.3,25.1,Alluvial,61.4,10.7,Low,Guava,0.7621,1
1679.7,33.5,Black,24.0,10.7,Medium,Sapota,0.7819,1
1145.7,18.3,Alluvial,27.3,5.8,Medium,Papaya,0.6607,0
966.4,32.4,Clay,58.0,11.4,Medium,Guava,0.819,1
871.4,40.7,Black,83.5,7.8,Low,Mango,0.6681,1
3170.9,25.7,Black,47.6,6.7,High,Mango,0.6294,1
1289.7,19.6,Sandy,43.3,9.6,Medium,Lemon,0.8349,1
568.0,31.2,Red,88.2,9.3,High,Sapota,0.7508,0
754.6,34.6,Red,44.4,11.2,Medium,Papaya,0.6872,0
2748.7,22.4,Black,25.4,8.4,High,Lemon,0.6488,0
712.6,27.1,Loamy,60.3,7.2,Medium,Guava,0.8768,1
2607.6,27.3,Alluvial,25.8,7.2,Low,Jackfruit,0.7201,1
3140.9,33.3,Clay,68.7,7.1,High,Banana,0.7124,0
522.7,33.3,Sandy,22.5,6.5,Low,Lemon,0.7697,1
1232.1,28.0,Loamy,20.1,8.0,High,Lemon,0.7398,1
1900.3,27.3,Clay,52.1,10.1,Medium,Banana,0.7538,1
1200.0,30.3,Black,67.1,9.1,High,Mango,0.8248,1
1646.5,19.1,Black,85.6,6.5,Low,Sapota,0.7312,0
2031.8,22.6,Alluvial,31.3,4.6,Medium,Jackfruit,0.7402,0
945.7,20.3,Loamy,85.0,10.3,Low,Banana,0.6675,1
2026.2,34.6,Alluvial,66.6,6.8,Medium,Banana,0.8073,1
1258.9,23.6,Clay,88.5,11.3,High,Banana,0.7351,0
2118.8,21.7,Loamy,19.8,9.7,High,Papaya,0.6226,1
738.8,36.0,Clay,46.4,7.7,Medium,Guava,0.8164,1
1839.3,36.4,Loamy,46.4,10.8,Medium,Jackfruit,0.7345,0
4198.2,29.8,Clay,56.1,11.3,High,Pomegranate,0.4987,0
1982.9,29.6,Sandy,40.1,6.1,Low,Coconut,0.8073,1
1324.5,35.1,Clay,35.0,8.9,Medium,Guava,0.7601,0
2149.4,21.9,Loamy,57.6,7.1,Low,Sapota,0.7536,1
2327.3,32.7,Clay,81.9,5.8,Medium,Banana,0.7619,1
949.5,32.4,Sandy,80.6,7.6,Medium,Lemon,0.7861,1
890.6,16.1,Loamy,5.8,10.3,High,Amla,0.8628,1
1869.4,28.6,Black,53.5,7.4,High,Amla,0.7907,1
2961.6,22.9,Loamy,77.4,3.5,Medium,Mango,0.5343,1
4121.8,20.4,Alluvial,79.3,7.5,Low,Sapota,0.6173,1
1044.9,35.0,Red,40.7,5.1,Low,Jackfruit,0.7714,0
698.5,29.9,Sandy,42.6,8.7,Medium,Papaya,0.7058,1
1789.4,12.4,Loamy,36.7,10.3,Low,Amla,0.7133,1
2906.0,25.5,Loamy,89.9,7.0,Medium,Coconut,0.7135,1
1435.8,31.6,Alluvial,57.2,8.8,Medium,Lemon,0.7996,1
2649.1,31.1,Sandy,12.3,4.2,High,Jackfruit,0.6363,1
4072.4,42.7,Sandy,91.4,9.0,Low,Pomegranate,0.4502,0
1330.3,26.8,Red,75.5,10.5,Medium,Sapota,0.8369,1
2801.4,45.6,Alluvial,90.5,9.8,Medium,Lemon,0.3701,0
1316.2,30.1,Alluvial,25.2,4.7,Medium,Jackfruit,0.7843,0
1394.6,26.1,Loamy,53.1,7.0,Medium,Pomegranate,0.7283,0
319.9,32.5,Alluvial,75.4,7.4,Medium,Papaya,0.539,1
740.9,17.3,Sandy,42.8,8.3,Low,Banana,0.5521,1
1010.8,41.9,Black,82.8,8.8,Medium,Mango,0.608,0
592.3,39.4,Red,33.2,9.7,High,Guava,0.6942,0
1313.8,19.2,Alluvial,84.9,10.8,High,Guava,0.7925,1
2234.1,16.5,Red,77.8,6.0,Medium,Jackfruit,0.6911,0
2861.2,24.3,Red,32.5,7.1,Medium,Jackfruit,0.7297,1
3895.3,34.3,Clay,78.9,3.5,Medium,Guava,0.5312,1
1228.4,31.5,Loamy,83.9,7.5,Low,Guava,0.822,1
976.5,32.3,Alluvial,72.3,8.4,High,Coconut,0.8201,1
1799.7,33.3,Clay,40.5,6.7,Medium,Jackfruit,0.8608,0
1546.1,28.5,Clay,80.2,8.7,High,Coconut,0.7275,1
815.5,32.8,Alluvial,56.5,9.2,High,Coconut,0.6563,1
1939.5,27.0,Alluvial,30.5,9.7,Medium,Jackfruit,0.7453,1
389.7,22.0,Sandy,17.8,11.3,Medium,Pomegranate,0.823,0
864.6,35.1,Red,70.7,10.4,High,Coconut,0.7514,1
2858.6,30.7,Clay,53.8,7.6,High,Banana,0.7465,1
406.6,41.4,Red,37.1,10.5,High,Pomegranate,0.7996,1
745.7,16.1,Black,74.7,10.7,Low,Amla,0.8275,1
1371.4,36.1,Sandy,63.8,6.9,Medium,Sapota,0.8136,1
1561.1,27.7,Red,57.7,7.2,Low,Jackfruit,0.8162,0
2189.8,34.1,Black,52.3,11.2,Medium,Mango,0.768,1
945.3,27.4,Loamy,52.8,10.8,Medium,Pomegranate,0.8743,1
885.5,21.4,Alluvial,74.7,8.4,Medium,Lemon,0.7371,1
1018.8,25.8,Alluvial,29.0,7.8,Medium,Amla,0.8311,1
274.0,21.8,Sandy,42.0,8.8,Low,Pomegranate,0.8136,1
2078.4,20.6,Sandy,40.3,10.4,Low,Sapota,0.6753,1
1916.3,40.2,Red,78.0,4.6,Medium,Lemon,0.6355,1
1451.1,15.8,Alluvial,71.9,10.6,High,Amla,0.7875,0
2334.3,38.1,Alluvial,67.6,7.3,Medium,Papaya,0.7358,1
2121.7,30.3,Red,55.2,5.7,Medium,Sapota,0.7556,0
2313.0,26.3,Sandy,74.9,6.2,Medium,Papaya,0.5892,0
347.2,21.6,Loamy,68.1,6.7,High,Pomegranate,0.8299,1
1975.7,19.9,Loamy,28.6,8.7,High,Guava,0.7549,0
630.2,33.4,Red,69.6,9.0,Medium,Mango,0.7255,0
2238.7,38.8,Clay,88.3,9.9,Medium,Banana,0.7274,1
538.2,38.5,Sandy,64.0,10.5,High,Pomegranate,0.8409,1
2494.5,35.4,Red,63.8,5.0,Low,Pomegranate,0.6126,0
1608.3,39.3,Red,65.8,10.7,Medium,Papaya,0.7124,0
1241.9,31.3,Red,25.6,9.0,Medium,Papaya,0.7266,0
1441.1,38.6,Sandy,56.5,7.5,Low,Coconut,0.6949,0
2129.0,24.7,Alluvial,27.5,7.1,Medium,Papaya,0.7542,1
4057.0,11.8,Sandy,60.4,8.7,High,Lemon,0.4856,1
714.1,36.2,Black,57.2,10.2,Medium,Sapota,0.8799,1
2526.1,27.4,Alluvial,28.5,9.5,Medium,Mango,0.6687,1
2758.7,22.9,Red,65.4,5.8,High,Jackfruit,0.7261,1
1296.2,21.4,Red,23.3,8.3,Medium,Sapota,0.8304,1
1057.1,32.5,Sandy,66.0,7.9,High,Coconut,0.8644,1
1333.1,20.5,Black,10.3,8.1,Medium,Amla,0.886,1
989.0,18.1,Black,65.8,6.6,Low,Mango,0.7234,0
442.6,35.7,Red,78.3,7.1,Medium,Sapota,0.7423,1
2248.4,24.7,Sandy,79.8,8.3,Medium,Papaya,0.6433,1
2180.3,29.5,Alluvial,20.4,10.3,Low,Papaya,0.6979,1
2319.3,29.9,Alluvial,61.6,6.2,Medium,Jackfruit,0.7248,0
2515.2,19.8,Alluvial,81.4,10.2,Medium,Coconut,0.7031,1
1630.6,40.0,Clay,41.9,10.8,Medium,Guava,0.7858,0
3937.1,11.4,Sandy,48.7,4.4,High,Jackfruit,0.4253,1
1566.3,31.5,Loamy,51.1,7.7,Low,Amla,0.8276,1
2261.1,22.0,Red,61.2,8.6,Low,Coconut,0.7333,1
2145.8,30.5,Red,59.4,7.1,High,Jackfruit,0.7934,0
858.6,24.6,Sandy,73.4,8.9,Medium,Pomegranate,0.8057,0
2024.5,33.2,Clay,67.2,8.8,High,Guava,0.802,0
2326.4,16.6,Alluvial,58.4,6.2,Low,Jackfruit,0.6947,0
1155.9,14.7,Loamy,9.1,6.1,Low,Amla,0.7919,1
1530.3,26.5,Sandy,22.1,9.8,Medium,Guava,0.8603,1
1730.2,21.0,Sandy,31.3,5.8,High,Jackfruit,0.7559,1
2330.5,33.1,Alluvial,86.1,6.5,Low,Coconut,0.8037,1
722.9,31.7,Loamy,27.8,10.2,Medium,Guava,0.8373,0
2289.5,14.7,Sandy,43.4,11.4,Low,Lemon,0.6035,1
933.9,34.7,Sandy,37.1,6.5,Medium,Pomegranate,0.8137,1
2044.2,18.8,Alluvial,64.4,9.0,Medium,Papaya,0.7128,1
714.6,23.4,Clay,56.3,6.2,Low,Amla,0.936,1
2462.8,22.0,Red,37.5,7.6,High,Jackfruit,0.7588,1
587.4,14.5,Loamy,14.7,11.4,High,Amla,0.8155,1
2200.1,40.7,Sandy,41.4,11.0,Medium,Papaya,0.6526,1
890.9,28.9,Loamy,41.2,10.3,High,Papaya,0.7189,0
1913.9,21.1,Red,94.4,8.3,High,Coconut,0.5926,0
1942.0,23.5,Black,27.6,6.5,High,Mango,0.7631,1
2733.9,13.7,Clay,57.4,3.6,Medium,Amla,0.5639,1
638.9,26.4,Loamy,22.2,6.0,Medium,Mango,0.696,0
1400.9,35.2,Clay,74.0,7.4,Low,Guava,0.8102,1
1117.8,35.5,Alluvial,21.4,5.1,Low,Sapota,0.7638,0
1025.7,15.3,Sandy,78.4,9.0,Medium,Lemon,0.7455,1
1124.7,35.7,Clay,75.5,5.1,Medium,Jackfruit,0.8478,0
2444.1,26.8,Loamy,14.2,3.0,Medium,Lemon,0.562,1
1804.6,26.2,Loamy,72.7,5.7,Low,Banana,0.7832,1
2557.4,20.7,Black,38.0,3.8,High,Banana,0.6435,1
2012.2,28.2,Loamy,43.5,10.6,Medium,Papaya,0.7143,1
2005.7,26.5,Clay,36.4,5.0,Medium,Jackfruit,0.7683,1
1037.5,31.7,Red,45.4,8.7,Medium,Pomegranate,0.8118,1
844.9,28.7,Black,66.6,10.7,Low,Sapota,0.8546,0
554.9,41.0,Sandy,34.3,7.3,Low,Sapota,0.7512,1
1624.6,36.8,Red,88.9,7.2,Medium,Jackfruit,0.7794,1
1012.0,25.0,Red,50.3,9.7,Medium,Coconut,0.7759,1
959.1,16.6,Red,48.4,5.6,Medium,Sapota,0.7989,1
1251.6,13.4,Sandy,5.1,6.9,Low,Lemon,0.6637,1
3468.3,19.8,Red,20.4,9.0,High,Mango,0.4633,0
2015.5,27.3,Red,49.6,6.7,Medium,Pomegranate,0.619,0
1132.2,29.8,Alluvial,70.9,10.0,High,Guava,0.8239,1
1103.2,36.4,Alluvial,29.0,6.9,Medium,Sapota,0.7868,0
952.3,38.9,Loamy,40.9,9.7,High,Amla,0.9247,1
2124.1,10.1,Sandy,76.6,4.2,Medium,Sapota,0.5586,1
1180.9,27.8,Red,49.0,10.4,Medium,Lemon,0.8403,0
1499.3,18.3,Alluvial,34.6,11.4,High,Jackfruit,0.7269,1
1327.0,26.8,Black,10.7,10.9,Medium,Guava,0.7269,1
396.2,20.6,Alluvial,83.7,10.1,Medium,Lemon,0.6531,1
2764.3,30.1,Loamy,58.0,9.3,Medium,Coconut,0.7926,1
1342.1,31.3,Alluvial,56.5,7.0,Medium,Sapota,0.8538,1
1035.5,23.7,Black,46.3,7.2,High,Pomegranate,0.7414,1
1843.0,20.0,Loamy,50.8,5.4,High,Jackfruit,0.7519,1
1372.2,30.8,Clay,54.5,9.2,High,Amla,0.844,1
2530.6,23.2,Sandy,75.7,9.0,High,Coconut,0.8078,1
1650.9,32.7,Black,76.9,9.6,Medium,Sapota,0.8315,1
1380.3,22.5,Alluvial,64.9,11.0,Medium,Pomegranate,0.6924,0
2201.1,20.8,Loamy,66.5,6.0,Low,Jackfruit,0.7367,0
2216.0,46.1,Alluvial,80.0,6.3,Medium,Mango,0.6621,0
1899.1,31.1,Clay,75.3,6.3,Low,Banana,0.8281,1
1318.2,19.6,Red,36.5,7.0,Medium,Mango,0.677,1
2539.2,29.2,Sandy,75.8,6.1,Medium,Coconut,0.8087,1
1960.0,19.0,Red,52.7,8.6,Low,Banana,0.6623,1
935.6,19.6,Red,43.7,10.8,High,Pomegranate,0.8689,1
988.1,24.4,Loamy,89.6,7.5,Low,Banana,0.6379,0
1096.8,36.6,Sandy,81.7,10.9,High,Lemon,0.731,1
1168.8,28.2,Sandy,45.6,11.1,Medium,Papaya,0.7869,1
922.6,46.0,Red,24.7,5.9,Medium,Mango,0.5816,1
1555.9,43.7,Red,61.8,9.4,Low,Amla,0.7632,1
748.9,18.6,Sandy,30.3,6.7,Medium,Jackfruit,0.6271,1
866.9,38.6,Black,65.7,11.9,Medium,Papaya,0.6819,0
1590.5,38.1,Sandy,35.3,8.5,Low,Lemon,0.7311,0
4131.7,16.9,Sandy,48.3,10.9,High,Papaya,0.4352,1
1165.5,36.9,Loamy,57.1,11.9,High,Guava,0.7679,1
464.2,30.6,Loamy,53.4,8.4,Medium,Pomegranate,0.7953,1
2085.9,30.8,Clay,59.8,3.9,High,Coconut,0.7771,1
848.4,30.2,Red,30.4,11.5,High,Sapota,0.7861,1
2970.6,33.9,Sandy,47.5,6.8,Medium,Coconut,0.6563,1
873.1,36.2,Alluvial,28.6,8.8,High,Jackfruit,0.7402,1
487.4,25.8,Black,83.3,9.0,Medium,Mango,0.7001,1
1697.4,22.1,Red,13.1,9.5,Medium,Amla,0.8501,1
1123.9,38.9,Black,53.5,10.2,High,Amla,0.9432,1
1674.8,28.3,Sandy,56.4,9.5,Medium,Amla,0.8444,0
1602.9,33.0,Alluvial,50.0,7.9,Medium,Lemon,0.799,1
1627.8,33.7,Red,64.8,9.2,High,Amla,0.8612,1
1148.5,27.4,Loamy,25.1,11.1,Low,Pomegranate,0.8873,0
1411.1,32.1,Clay,82.2,11.8,Low,Jackfruit,0.7552,1
880.5,21.5,Red,51.9,9.7,Low,Papaya,0.7169,1
459.2,35.1,Alluvial,37.3,10.6,Medium,Pomegranate,0.8445,1
1675.1,32.5,Loamy,82.6,7.9,Medium,Lemon,0.6996,1
794.0,22.0,Red,26.4,6.3,High,Lemon,0.7442,1
708.4,21.5,Loamy,37.1,10.9,High,Pomegranate,0.8879,1
604.5,29.5,Red,44.1,6.5,Medium,Lemon,0.7752,1
890.4,36.0,Red,65.0,8.6,Medium,Papaya,0.7242,1
1030.0,18.8,Alluvial,30.0,5.3,Medium,Guava,0.7889,1
3551.2,11.6,Red,63.7,7.1,Medium,Pomegranate,0.4305,0
2715.7,35.2,Alluvial,57.9,9.5,Low,Lemon,0.6899,1
3951.0,34.9,Loamy,6.8,6.4,High,Coconut,0.4919,1
1087.5,29.0,Loamy,94.6,7.7,High,Coconut,0.7527,1
977.1,26.4,Black,68.4,8.7,Low,Pomegranate,0.8421,1
1392.0,23.9,Clay,76.5,6.2,High,Guava,0.7981,0
702.1,20.1,Red,20.0,9.4,Medium,Guava,0.8637,1
477.0,21.7,Black,65.8,7.0,Medium,Mango,0.6625,0
2406.9,12.8,Clay,83.6,5.9,Low,Papaya,0.4177,0
993.7,16.1,Alluvial,26.6,6.3,Medium,Lemon,0.6996,1
1514.9,18.9,Alluvial,68.1,6.3,Medium,Lemon,0.7492,0
873.3,40.9,Clay,5.6,7.8,Medium,Banana,0.5179,1
2974.0,31.3,Clay,90.8,7.6,Medium,Coconut,0.5991,0
806.8,41.4,Loamy,58.0,8.1,Medium,Amla,0.8455,1
1631.4,22.2,Loamy,60.0,10.5,Medium,Sapota,0.8534,1
1005.6,40.9,Alluvial,12.5,5.4,High,Banana,0.5643,0
463.1,33.5,Clay,50.8,3.9,High,Jackfruit,0.6412,1
1984.4,29.5,Sandy,33.9,11.2,Medium,Guava,0.7543,1
356.6,45.6,Red,13.6,9.1,Low,Guava,0.5541,0
980.2,30.2,Loamy,21.6,9.6,High,Pomegranate,0.7954,1
914.8,36.0,Clay,21.4,12.0,Medium,Papaya,0.586,0
572.4,20.0,Alluvial,27.3,5.8,Medium,Guava,0.818,1
812.3,38.1,Sandy,14.6,10.3,Medium,Amla,0.8297,1
644.3,25.2,Loamy,42.7,7.2,Medium,Pomegranate,0.8219,1
2640.5,20.8,Clay,40.0,9.0,Medium,Jackfruit,0.8007,1
764.4,28.1,Sandy,50.6,9.8,Medium,Pomegranate,0.8642,1
710.8,28.7,Red,41.3,4.7,Low,Jackfruit,0.707,1
730.5,41.4,Alluvial,76.4,10.9,Medium,Mango,0.6617,0
2354.2,22.1,Loamy,39.7,9.0,Medium,Papaya,0.6876,0
1665.5,31.3,Sandy,29.2,7.2,High,Papaya,0.7597,0
1619.7,17.6,Alluvial,29.5,11.1,High,Jackfruit,0.7427,1
3414.4,13.9,Alluvial,10.0,9.7,High,Papaya,0.382,0
1348.5,19.1,Loamy,38.8,8.2,Medium,Mango,0.6812,0
1959.1,34.3,Red,79.2,7.6,Medium,Sapota,0.7959,1
1128.1,18.7,Sandy,60.3,7.9,Low,Pomegranate,0.7376,1
507.4,17.0,Sandy,68.6,6.1,Medium,Amla,0.7758,0
2911.0,45.2,Sandy,31.5,6.8,High,Pomegranate,0.5012,1
479.3,32.8,Alluvial,53.6,8.6,Medium,Pomegranate,0.8747,1
866.2,33.5,Red,69.8,8.8,Medium,Sapota,0.7858,1
1242.3,20.8,Loamy,47.6,9.1,Medium,Pomegranate,0.8009,1
1851.3,19.5,Clay,79.8,8.8,Low,Sapota,0.7005,1
3453.1,16.2,Loamy,71.0,8.8,High,Coconut,0.4568,1
1153.1,18.3,Sandy,60.0,6.8,Medium,Guava,0.9148,1
1780.6,17.0,Sandy,36.9,7.0,Low,Sapota,0.8397,1
2488.4,21.3,Clay,94.7,9.1,Medium,Banana,0.7813,1
640.5,40.4,Alluvial,30.1,8.2,Medium,Papaya,0.6628,1
1242.6,39.0,Red,71.8,9.6,High,Banana,0.7003,1
808.5,39.8,Loamy,76.3,10.1,Low,Papaya,0.7116,1
1929.0,38.7,Black,39.4,6.7,Medium,Mango,0.7087,1
257.9,29.0,Clay,30.5,4.5,Medium,Jackfruit,0.602,1
1737.2,14.9,Red,55.3,6.6,Medium,Lemon,0.717,0
1271.4,40.2,Loamy,55.9,3.3,Medium,Amla,0.7665,1
1028.5,33.1,Red,23.7,5.5,Medium,Lemon,0.7989,1
880.2,33.6,Clay,11.7,3.7,High,Sapota,0.7342,1
610.7,28.0,Loamy,68.1,6.9,Medium,Sapota,0.8509,1
1170.5,22.6,Red,53.2,6.8,Medium,Pomegranate,0.7558,1
2412.1,20.6,Loamy,84.7,6.2,Medium,Banana,0.768,1
1154.4,20.3,Alluvial,76.0,10.0,Medium,Banana,0.721,1
1475.3,24.3,Loamy,58.1,9.2,High,Papaya,0.7244,1
1810.4,43.8,Black,39.6,9.6,Low,Mango,0.632,1
1155.8,27.3,Alluvial,16.4,6.9,Medium,Pomegranate,0.8841,1
1995.2,32.8,Red,26.2,10.6,Medium,Guava,0.8574,1
991.1,37.9,Loamy,84.1,9.6,Low,Banana,0.5895,0
2712.3,43.4,Alluvial,7.5,11.1,Low,Jackfruit,0.5223,1
824.8,40.2,Loamy,49.3,10.4,High,Papaya,0.6926,1
2329.5,34.8,Red,82.8,6.4,Medium,Jackfruit,0.7403,1
3612.5,21.2,Black,18.7,10.8,Low,Papaya,0.5208,0
540.9,21.3,Loamy,64.3,9.9,High,Lemon,0.7849,0
2836.8,31.4,Alluvial,55.8,7.4,Medium,Coconut,0.8535,0
821.4,23.7,Black,74.3,8.6,High,Sapota,0.8087,1
941.5,38.1,Sandy,30.5,11.1,Low,Papaya,0.7185,1
3857.9,31.0,Sandy,12.1,3.7,Low,Pomegranate,0.5284,0
1288.5,37.5,Sandy,73.7,9.4,Low,Papaya,0.6066,0
479.3,27.3,Loamy,40.2,10.5,Medium,Lemon,0.7735,0
2948.9,34.9,Clay,50.0,11.4,Medium,Banana,0.6684,1
1272.3,26.2,Sandy,61.3,9.5,Medium,Sapota,0.8283,1
820.5,28.0,Black,46.9,8.7,Low,Amla,0.8491,1
547.8,32.5,Loamy,57.2,9.6,Low,Pomegranate,0.7177,0
1505.0,44.5,Loamy,64.0,3.9,Low,Lemon,0.5852,1
1082.7,21.5,Alluvial,78.7,11.3,Medium,Lemon,0.7785,1
2135.5,37.9,Loamy,38.3,5.6,High,Sapota,0.7247,0
3851.7,32.7,Loamy,81.2,5.1,Low,Banana,0.5422,0
1560.2,17.2,Alluvial,72.7,6.1,Low,Lemon,0.7552,1
2519.7,25.5,Black,59.6,3.3,Low,Amla,0.5298,0
1695.8,38.3,Alluvial,62.2,10.1,Low,Guava,0.8359,1
1688.9,27.7,Sandy,24.1,9.2,Medium,Papaya,0.7851,1
2764.5,17.4,Black,72.4,7.1,Medium,Jackfruit,0.6641,1
1002.7,29.2,Black,34.8,10.0,Medium,Mango,0.7162,1
1740.4,22.8,Red,28.8,6.9,Medium,Sapota,0.7965,1
2339.4,10.5,Red,32.5,3.6,High,Jackfruit,0.6275,1
613.0,28.2,Red,43.0,4.0,Medium,Papaya,0.6712,1
2944.4,28.0,Sandy,84.0,9.9,Low,Coconut,0.7375,1
547.1,19.4,Alluvial,64.0,9.8,Medium,Jackfruit,0.6597,0
300.2,16.4,Red,44.2,9.5,Medium,Guava,0.6068,1
2581.4,28.3,Black,14.1,3.6,High,Jackfruit,0.7193,1
2441.1,12.7,Red,88.7,4.2,Medium,Coconut,0.5518,1
3031.2,12.1,Clay,63.3,7.3,Low,Amla,0.5966,1
1527.1,21.5,Red,83.7,7.6,Low,Guava,0.7751,0
517.9,15.4,Red,32.6,10.9,High,Amla,0.8338,1
1408.3,20.3,Red,34.1,10.9,Low,Sapota,0.853,1
1291.4,27.8,Loamy,34.3,6.1,Medium,Papaya,0.7549,1
3004.3,33.1,Clay,79.2,6.8,Medium,Banana,0.7657,1
673.9,17.7,Loamy,72.7,6.9,High,Sapota,0.7058,0
2310.4,21.8,Black,40.1,7.2,High,Mango,0.705,1
1132.1,39.4,Alluvial,43.8,9.9,Medium,Banana,0.7075,0
513.3,38.3,Sandy,38.9,9.4,Medium,Sapota,0.7324,1
1117.0,36.8,Sandy,64.2,9.9,Medium,Papaya,0.7161,0
906.4,23.3,Sandy,26.3,7.5,Medium,Coconut,0.7215,1
2119.6,26.2,Alluvial,49.5,9.2,High,Coconut,0.8303,1
2700.0,30.1,Loamy,92.2,7.0,Medium,Banana,0.7102,1
1122.4,38.1,Sandy,38.9,8.9,Medium,Sapota,0.8058,1
1592.7,38.9,Loamy,64.7,6.2,High,Mango,0.7697,0
1162.0,29.5,Sandy,58.7,8.5,Medium,Papaya,0.8209,0
1214.3,18.6,Red,85.5,4.6,Low,Papaya,0.6347,1
585.5,35.4,Alluvial,73.2,11.5,High,Pomegranate,0.7834,0
939.4,29.0,Black,11.5,11.2,High,Pomegranate,0.7687,0
2253.1,22.4,Alluvial,73.5,7.3,Low,Coconut,0.8073,1
1940.4,37.7,Black,22.7,9.5,Medium,Mango,0.8174,0
1000.5,18.7,Red,83.1,6.8,Low,Mango,0.7026,1
1674.1,33.9,Loamy,61.2,6.7,Medium,Amla,0.8237,1
1957.7,19.2,Clay,57.5,6.9,High,Jackfruit,0.748,1
1343.1,30.7,Sandy,41.4,6.9,Low,Sapota,0.806,1
1485.4,35.1,Black,63.3,7.9,Medium,Sapota,0.8489,1
423.9,22.8,Alluvial,42.2,8.4,High,Pomegranate,0.7962,0
2653.4,20.3,Alluvial,33.3,9.8,Medium,Coconut,0.7548,1
3182.4,19.3,Loamy,68.2,9.8,Low,Lemon,0.6116,1
1420.2,41.6,Alluvial,70.2,5.7,Low,Mango,0.6314,1
1595.8,36.2,Black,47.0,7.3,Low,Amla,0.821,0
651.4,38.8,Loamy,15.0,10.3,Low,Pomegranate,0.8001,0
1038.2,40.2,Clay,54.3,6.1,Low,Amla,0.8066,0
2277.0,33.9,Loamy,84.6,6.3,Medium,Banana,0.8374,1
691.7,19.2,Alluvial,36.7,6.3,Low,Mango,0.732,0
357.3,39.3,Red,16.4,11.4,Medium,Pomegranate,0.7813,1
3714.5,35.2,Clay,34.5,11.3,Medium,Banana,0.6098,0
1658.2,31.4,Red,57.0,9.2,Medium,Banana,0.7686,1
810.3,18.5,Sandy,31.1,8.8,Low,Sapota,0.8568,1
1022.1,27.8,Red,31.5,8.1,Medium,Sapota,0.8321,1
2284.0,21.0,Alluvial,54.0,4.1,Medium,Sapota,0.6111,1
401.0,20.6,Alluvial,38.8,6.8,Medium,Sapota,0.7491,0
2842.0,39.1,Sandy,82.1,11.4,Low,Coconut,0.6863,1
1421.1,18.0,Clay,48.9,11.3,Medium,Sapota,0.7151,1
1796.4,22.1,Alluvial,32.5,11.3,Low,Coconut,0.7491,1
2657.0,30.1,Alluvial,52.7,5.0,Medium,Jackfruit,0.7085,0
2443.6,35.4,Clay,15.2,4.3,High,Banana,0.6609,1
745.2,13.2,Alluvial,80.3,6.9,Medium,Sapota,0.71,1
3325.2,23.5,Sandy,22.6,7.1,Low,Amla,0.6768,1
472.1,37.9,Loamy,49.6,8.1,Medium,Sapota,0.7457,1
1710.2,26.5,Sandy,71.2,11.0,Low,Lemon,0.7696,0
3415.3,17.7,Alluvial,75.5,11.8,High,Sapota,0.5878,1
3442.6,19.0,Loamy,69.0,7.3,Low,Sapota,0.5507,1
2374.8,27.6,Black,63.0,9.2,High,Amla,0.6534,1
721.2,38.7,Black,23.0,11.4,High,Sapota,0.8397,1
2178.4,28.0,Loamy,29.6,8.1,Low,Guava,0.7344,1
555.9,26.5,Red,80.2,8.1,Low,Lemon,0.6948,1
3590.8,25.3,Clay,25.4,3.6,High,Coconut,0.5258,1
1380.2,30.3,Sandy,65.7,10.4,Low,Sapota,0.8426,1
1969.6,40.5,Red,88.4,11.8,Medium,Banana,0.7135,1
838.0,33.0,Clay,46.0,8.5,Medium,Amla,0.9509,1
2961.6,44.7,Red,28.7,4.1,Low,Coconut,0.5574,1
742.5,40.1,Loamy,52.5,7.3,Low,Sapota,0.8454,1
904.3,20.1,Black,11.9,10.0,Medium,Guava,0.7192,1
605.9,34.9,Loamy,46.2,11.0,Medium,Mango,0.6879,0
850.4,35.9,Sandy,12.7,6.7,High,Amla,0.8488,1
1584.1,37.1,Sandy,79.4,7.3,High,Papaya,0.7109,1
681.6,35.4,Sandy,35.4,7.8,High,Papaya,0.7822,1
767.6,21.2,Red,64.7,10.6,Medium,Mango,0.7415,1
1259.2,34.0,Sandy,84.5,11.1,Medium,Lemon,0.7239,1
2285.2,10.2,Red,43.6,3.9,Low,Papaya,0.5198,1
1138.1,16.6,Loamy,29.6,8.8,Low,Pomegranate,0.8003,1
1500.5,33.8,Loamy,76.1,7.5,Low,Jackfruit,0.8334,1
515.4,25.9,Red,79.0,6.1,Medium,Mango,0.6321,1
1592.3,17.4,Red,84.7,6.4,Medium,Guava,0.8066,1
510.8,17.8,Alluvial,28.3,5.5,High,Sapota,0.752,1
316.5,16.2,Alluvial,39.8,9.7,Low,Guava,0.6564,1
763.3,19.9,Alluvial,27.7,10.0,Medium,Pomegranate,0.8059,1
459.1,17.1,Loamy,57.9,7.0,Medium,Pomegranate,0.7563,1
934.7,20.1,Alluvial,66.8,6.8,Low,Sapota,0.8172,1
2823.1,26.4,Alluvial,64.7,6.8,Medium,Coconut,0.8541,1
711.7,20.1,Loamy,15.0,9.7,Low,Guava,0.7785,1
3124.8,28.9,Loamy,22.1,4.0,Medium,Amla,0.6036,0
2165.5,22.1,Red,49.9,10.4,Medium,Sapota,0.7549,1
1470.6,15.5,Red,66.3,7.0,High,Amla,0.7235,1
1214.0,36.0,Alluvial,45.8,8.6,High,Jackfruit,0.7699,1
432.6,30.0,Red,53.5,11.1,Medium,Pomegranate,0.7733,1
1123.0,37.7,Loamy,56.0,8.2,Medium,Mango,0.7377,1
2522.9,39.9,Black,32.9,4.6,Low,Jackfruit,0.6732,1
2951.2,37.7,Red,11.2,9.6,High,Jackfruit,0.645,0
2924.6,11.4,Clay,39.7,10.1,Medium,Sapota,0.396,1
2953.1,26.0,Clay,84.0,5.9,Low,Lemon,0.5149,0
865.9,16.4,Loamy,38.1,11.3,Medium,Lemon,0.7369,1
2394.5,42.0,Alluvial,84.2,10.8,Medium,Mango,0.6155,1
1832.2,30.2,Clay,50.2,4.7,Medium,Banana,0.7705,0
2059.0,37.0,Clay,77.3,4.4,Medium,Jackfruit,0.7482,1
1079.2,31.1,Loamy,28.7,9.6,Low,Mango,0.765,1
1186.0,36.7,Alluvial,54.1,6.3,Low,Guava,0.8093,0
265.1,22.4,Sandy,89.9,8.9,Low,Banana,0.5515,0
2148.5,25.6,Alluvial,57.7,7.6,Low,Mango,0.7631,1
1893.9,19.5,Black,42.6,10.6,High,Sapota,0.8895,0
833.2,33.1,Black,67.7,3.0,Low,Sapota,0.793,1
2817.2,23.8,Loamy,47.6,11.0,Medium,Banana,0.7451,1
814.7,32.4,Red,71.9,9.9,High,Papaya,0.7326,0
972.1,26.4,Red,33.3,10.6,Low,Sapota,0.7578,1
697.6,39.9,Loamy,36.3,9.5,Medium,Pomegranate,0.7423,1
2337.3,15.1,Clay,9.8,4.1,Medium,Banana,0.5536,0
1274.6,31.5,Loamy,15.3,5.7,High,Lemon,0.7238,1
2827.9,21.1,Loamy,37.0,6.2,Medium,Coconut,0.6465,1
1318.8,28.4,Sandy,19.0,7.5,High,Pomegranate,0.742,1
656.9,35.5,Loamy,54.4,9.8,High,Pomegranate,0.7935,1
1631.7,18.2,Loamy,56.6,7.6,Low,Amla,0.8185,1
519.6,17.7,Sandy,72.0,8.2,Medium,Guava,0.7025,1
1943.2,35.5,Clay,48.0,10.8,Medium,Banana,0.8069,0
451.9,35.2,Loamy,31.1,6.1,Low,Mango,0.7017,1
1864.6,34.3,Red,54.0,11.5,Medium,Papaya,0.7619,1
3056.2,10.6,Loamy,49.4,3.4,Low,Sapota,0.4254,0
1794.7,26.4,Alluvial,25.3,9.1,High,Sapota,0.7976,1
1139.9,30.9,Alluvial,69.1,6.4,Low,Papaya,0.7416,1
530.2,38.9,Sandy,32.0,11.0,Medium,Amla,0.8333,1
2698.0,36.8,Red,46.8,6.9,Medium,Coconut,0.8376,1
389.8,19.2,Black,79.9,10.8,Low,Banana,0.4662,1
430.0,36.1,Black,27.5,8.4,Low,Amla,0.8345,1
1368.7,20.6,Loamy,65.9,9.9,High,Pomegranate,0.8106,1
1458.8,33.4,Sandy,38.6,10.4,Medium,Guava,0.9222,1
1604.6,38.7,Loamy,54.0,8.1,High,Lemon,0.6997,1
2301.2,18.3,Black,6.1,4.4,Low,Pomegranate,0.4986,1
2173.0,37.6,Loamy,56.0,9.4,Medium,Sapota,0.7495,1
2026.3,30.9,Alluvial,47.0,11.1,Medium,Papaya,0.7674,1
3647.8,24.1,Black,79.7,3.6,High,Papaya,0.3982,1
336.3,34.2,Sandy,84.6,9.5,High,Sapota,0.6824,1
1881.8,30.9,Alluvial,17.8,10.3,Medium,Guava,0.8068,0
3606.3,28.5,Clay,54.8,4.9,Medium,Sapota,0.5653,1
1609.3,29.9,Sandy,68.1,11.1,Medium,Papaya,0.6718,1
1603.6,32.8,Loamy,79.0,11.0,Low,Lemon,0.819,1
2106.1,38.0,Loamy,59.7,10.9,Medium,Papaya,0.6842,0
1203.8,29.6,Loamy,21.5,8.7,Medium,Pomegranate,0.8045,1
2727.6,35.7,Clay,36.1,10.0,High,Jackfruit,0.8057,0
2451.8,29.8,Sandy,90.7,10.3,Low,Lemon,0.6537,1
2034.9,35.0,Alluvial,37.9,11.0,High,Guava,0.7485,1
1089.3,37.9,Sandy,52.7,8.7,High,Amla,0.8661,1
1822.6,13.1,Loamy,63.4,5.7,Medium,Coconut,0.6164,1
413.3,34.2,Alluvial,25.8,9.3,Low,Pomegranate,0.8461,1
1435.5,35.2,Alluvial,25.0,5.7,High,Guava,0.8897,1
1222.8,25.7,Sandy,29.1,7.0,Medium,Amla,0.8276,1
1520.5,24.8,Alluvial,87.7,8.1,Medium,Coconut,0.8274,1
1670.3,31.7,Alluvial,27.4,11.4,Medium,Guava,0.828,0
1259.5,32.6,Loamy,54.4,8.9,Medium,Pomegranate,0.7791,1
1506.8,21.0,Red,84.4,10.4,Medium,Sapota,0.7449,1
1611.9,17.9,Loamy,64.7,6.7,Medium,Amla,0.8476,1
854.1,28.3,Loamy,74.5,9.1,Medium,Sapota,0.829,1
1591.7,18.0,Alluvial,70.3,6.6,Low,Sapota,0.7902,1
1331.8,30.3,Loamy,12.4,6.8,Low,Pomegranate,0.7352,1
1772.7,32.9,Black,57.8,10.3,Medium,Sapota,0.8502,1
1860.0,24.1,Loamy,75.9,8.7,Low,Sapota,0.7841,1
347.8,23.9,Sandy,33.0,11.8,Low,Jackfruit,0.6352,0
1316.1,26.0,Black,30.4,10.0,High,Pomegranate,0.797,1
482.8,23.3,Alluvial,38.3,8.2,High,Mango,0.6093,0
1384.0,35.9,Loamy,33.5,11.4,Medium,Pomegranate,0.7944,1
1943.3,28.4,Sandy,27.4,9.0,High,Papaya,0.7201,1
4058.1,38.9,Black,44.8,5.8,High,Mango,0.5311,1
1384.9,34.4,Black,68.4,6.5,Medium,Amla,0.8482,1
1813.0,18.0,Clay,70.6,6.5,High,Jackfruit,0.7243,0
483.5,18.3,Alluvial,36.1,10.1,Low,Pomegranate,0.8602,1
2485.9,35.0,Clay,20.2,3.2,Low,Pomegranate,0.5448,0
3533.8,14.2,Clay,73.6,5.5,High,Papaya,0.2495,0
1434.7,20.1,Red,92.5,8.8,Medium,Coconut,0.7041,1
1520.0,27.8,Clay,12.8,7.5,Low,Sapota,0.7575,1
1573.9,29.3,Loamy,62.6,8.9,High,Mango,0.7981,1
3284.9,31.7,Sandy,52.9,8.2,Low,Lemon,0.6404,1
3350.3,32.2,Sandy,59.3,4.6,Medium,Jackfruit,0.5032,0
1152.1,31.8,Loamy,82.9,7.3,Medium,Sapota,0.7794,1
1163.7,28.2,Black,22.6,7.2,Low,Amla,0.9645,1
3645.5,44.4,Clay,29.4,7.6,Medium,Jackfruit,0.5108,0
563.0,19.7,Alluvial,65.2,8.5,Low,Lemon,0.884,1
2703.5,20.5,Loamy,64.0,8.1,Low,Coconut,0.755,1
4067.3,40.0,Black,48.9,4.5,Low,Papaya,0.4168,1
1573.9,28.3,Red,21.7,6.1,High,Mango,0.793,1
2951.6,23.4,Alluvial,76.9,6.2,Medium,Coconut,0.7669,1
1753.6,26.8,Red,78.8,8.5,Low,Mango,0.7169,1
3015.2,34.7,Clay,68.2,6.3,Medium,Banana,0.757,1
1457.8,40.4,Red,50.1,7.2,High,Pomegranate,0.7178,1
670.7,26.2,Loamy,48.4,11.0,Low,Pomegranate,0.7882,1
3051.0,25.4,Sandy,67.9,11.6,High,Jackfruit,0.5804,1
981.4,10.3,Clay,22.1,11.0,Low,Banana,0.4451,0
1043.6,37.9,Red,36.7,5.2,Medium,Jackfruit,0.7204,0
2438.5,29.0,Sandy,75.6,8.0,High,Pomegranate,0.6333,1
632.3,36.0,Sandy,62.6,9.7,Medium,Pomegranate,0.8746,1
2063.0,35.1,Sandy,79.8,4.4,Medium,Sapota,0.7471,1
2408.0,27.5,Loamy,89.3,7.3,High,Jackfruit,0.7586,0
2151.9,22.2,Red,38.2,6.1,Medium,Guava,0.724,1
260.0,27.0,Loamy,63.3,8.5,Medium,Amla,0.7669,1
2929.7,32.8,Alluvial,87.5,11.5,Medium,Banana,0.7087,1
842.9,26.3,Clay,30.1,5.8,Medium,Jackfruit,0.7631,0
2521.3,46.4,Alluvial,67.3,4.4,High,Amla,0.5043,1
711.0,39.0,Alluvial,86.5,10.7,Medium,Sapota,0.7834,1
1646.5,38.7,Red,34.7,7.7,Medium,Lemon,0.7273,1
1943.1,38.2,Sandy,25.5,6.9,Medium,Coconut,0.7031,1
2827.2,20.5,Loamy,65.8,8.1,Low,Banana,0.6847,1
1549.3,35.7,Clay,27.9,10.2,Low,Sapota,0.7305,1
2321.9,36.2,Red,67.3,8.4,Medium,Mango,0.7476,0
2232.2,36.5,Red,57.5,8.4,Medium,Jackfruit,0.7622,1
1040.9,34.6,Alluvial,49.3,10.7,High,Lemon,0.8162,1
525.5,16.7,Sandy,23.5,7.8,Medium,Guava,0.7372,0
1002.1,22.6,Alluvial,70.3,9.9,Medium,Coconut,0.7898,1
1164.1,32.3,Black,89.9,10.7,Low,Amla,0.7722,1
2184.5,26.4,Loamy,90.9,4.9,Medium,Guava,0.7515,0
881.2,27.1,Alluvial,25.4,9.2,High,Jackfruit,0.6923,1
2093.3,29.8,Loamy,42.0,6.4,Medium,Mango,0.7409,0
492.2,19.5,Sandy,84.3,10.4,Low,Lemon,0.699,1
1173.6,25.6,Red,42.1,7.5,Low,Banana,0.8244,1
2844.0,22.2,Red,31.6,9.9,Low,Coconut,0.68,1
436.0,17.8,Alluvial,49.5,7.5,Low,Sapota,0.6436,0
2251.0,45.4,Loamy,71.3,8.1,Low,Guava,0.6251,1
2347.2,33.6,Red,73.4,9.2,High,Banana,0.7858,1
2748.1,19.1,Loamy,42.4,11.2,High,Jackfruit,0.8085,1
560.9,33.0,Loamy,10.5,9.4,Medium,Amla,0.899,1
2320.4,26.9,Loamy,59.9,8.6,High,Mango,0.7859,1
1783.9,31.4,Loamy,44.6,6.3,Medium,Banana,0.8167,0
1313.8,15.7,Alluvial,12.4,7.4,Medium,Coconut,0.7026,0
442.6,32.9,Sandy,55.4,8.9,Low,Sapota,0.7601,0
1981.1,38.3,Sandy,61.2,10.6,Medium,Papaya,0.8067,1
2992.0,11.9,Red,61.0,11.1,Medium,Lemon,0.5147,1
2110.2,34.6,Alluvial,77.8,6.9,High,Papaya,0.6995,1
1195.5,31.4,Loamy,6.8,9.4,Medium,Amla,0.8951,1
1442.3,27.3,Sandy,74.1,7.8,High,Lemon,0.7351,1
1501.2,27.8,Loamy,84.1,5.8,Medium,Mango,0.6705,1
1670.5,23.5,Alluvial,28.1,10.8,Medium,Papaya,0.665,1
930.9,32.7,Alluvial,62.1,9.3,High,Sapota,0.8337,1
3153.0,22.7,Clay,86.6,3.7,High,Banana,0.669,1
1051.0,37.0,Red,84.1,10.9,High,Lemon,0.6858,1
1792.2,28.1,Clay,26.5,3.5,Low,Jackfruit,0.7435,1
3355.8,14.6,Loamy,92.5,7.2,Medium,Amla,0.5564,1
1415.5,43.7,Alluvial,79.8,8.2,Low,Amla,0.756,0
2189.1,13.4,Red,71.7,5.0,High,Papaya,0.5381,0
2812.0,31.8,Loamy,69.7,9.9,Medium,Coconut,0.7908,1
992.3,37.5,Black,81.6,6.3,Medium,Mango,0.8207,1
1024.8,39.1,Clay,5.1,9.9,High,Amla,0.9179,1
2318.2,38.3,Red,84.9,8.5,Medium,Amla,0.63,1
2429.2,42.6,Clay,43.4,8.5,Medium,Lemon,0.372,0
825.6,36.4,Alluvial,38.3,9.6,High,Pomegranate,0.8465,1
1277.7,30.3,Sandy,55.0,9.5,High,Pomegranate,0.7307,1
1224.7,32.8,Alluvial,48.2,10.1,Low,Papaya,0.8108,1
2062.5,30.2,Black,26.8,10.6,Medium,Mango,0.7588,1
1614.0,27.6,Loamy,39.5,10.3,High,Sapota,0.7913,1
923.4,18.6,Black,23.0,9.2,Medium,Amla,0.859,1
733.5,21.3,Loamy,83.1,9.0,Medium,Lemon,0.757,1
924.5,41.4,Black,34.9,8.6,Medium,Pomegranate,0.8107,1
1807.4,22.4,Alluvial,82.4,9.7,Low,Sapota,0.7864,0
1605.3,38.9,Alluvial,30.6,10.5,Low,Jackfruit,0.7185,0
867.3,14.9,Loamy,15.8,9.0,High,Lemon,0.7566,0
2900.2,28.0,Red,35.0,8.0,Medium,Jackfruit,0.725,1
1168.2,24.0,Red,71.0,8.4,Medium,Pomegranate,0.7283,1
2338.7,39.9,Loamy,38.6,8.3,Medium,Coconut,0.747,1
2467.2,23.5,Black,39.3,6.7,Medium,Mango,0.7113,0
1351.6,18.1,Sandy,69.7,8.9,High,Guava,0.8068,1
3939.4,35.1,Black,32.3,8.6,Medium,Papaya,0.449,1
1398.2,26.1,Black,68.1,6.1,Low,Pomegranate,0.6975,1
1390.2,25.2,Sandy,54.7,7.3,High,Pomegranate,0.7474,1
1658.3,16.2,Sandy,5.8,7.9,High,Lemon,0.7237,1
2491.2,24.3,Clay,57.9,9.7,High,Jackfruit,0.7785,1
3863.0,23.3,Alluvial,55.5,8.6,Medium,Banana,0.5914,0
317.8,33.7,Black,94.1,8.3,Low,Pomegranate,0.6691,1
1016.6,34.8,Loamy,68.2,10.6,Low,Pomegranate,0.822,1
788.0,36.1,Alluvial,56.4,6.3,Medium,Lemon,0.7558,1
3034.3,21.4,Clay,65.5,3.0,High,Amla,0.6486,1
2806.9,35.0,Red,86.2,6.2,Medium,Jackfruit,0.7615,1
586.4,32.3,Sandy,29.3,5.9,Medium,Lemon,0.8078,1
396.5,35.6,Sandy,6.1,8.1,Low,Amla,0.8324,1
795.6,22.0,Loamy,84.7,6.0,Medium,Sapota,0.7837,1
3420.0,18.7,Loamy,28.0,3.3,Low,Guava,0.5576,0
2637.0,33.2,Black,31.7,10.5,Medium,Guava,0.6529,1
2807.3,34.2,Loamy,59.7,9.6,Low,Banana,0.702,1
801.7,26.3,Loamy,45.0,11.6,Low,Jackfruit,0.7147,1
1010.5,36.5,Red,35.1,7.9,High,Coconut,0.8551,1
3045.8,35.2,Red,6.2,10.1,High,Jackfruit,0.7003,0
1056.6,34.5,Alluvial,17.9,7.6,Medium,Guava,0.8369,1
3197.6,40.5,Loamy,13.6,10.3,High,Jackfruit,0.5652,0
3395.8,23.7,Loamy,72.9,8.5,Medium,Pomegranate,0.6051,1
1724.2,35.5,Red,20.2,10.6,Medium,Papaya,0.7415,1
941.9,30.6,Loamy,45.4,11.3,High,Coconut,0.7596,1
1671.4,31.1,Red,14.0,10.2,High,Mango,0.6756,1
730.0,38.7,Sandy,11.8,8.5,Medium,Pomegranate,0.7467,1
2397.3,12.2,Black,66.3,7.2,High,Mango,0.4892,1
1374.9,30.2,Red,60.1,9.4,Medium,Jackfruit,0.8233,0
1233.7,35.4,Clay,28.5,11.4,Low,Jackfruit,0.8038,0
2293.0,19.2,Alluvial,29.7,8.0,High,Mango,0.7431,1
1033.0,36.1,Sandy,46.5,10.2,Medium,Coconut,0.7753,1
803.5,16.9,Loamy,76.1,5.8,Medium,Guava,0.7061,1
1093.5,16.2,Sandy,72.2,10.0,Medium,Sapota,0.7669,0
2129.2,24.4,Red,41.0,8.9,Medium,Guava,0.7942,1
1043.9,42.0,Black,7.7,10.6,Low,Mango,0.6544,0
772.5,27.8,Alluvial,80.9,11.4,Medium,Sapota,0.8359,1
1303.3,22.9,Red,76.1,6.9,Low,Guava,0.8392,1
1177.8,16.3,Alluvial,45.0,8.0,Medium,Guava,0.7188,0
537.3,20.1,Alluvial,78.9,10.6,Medium,Guava,0.7398,1
403.9,25.4,Loamy,42.3,9.0,Medium,Sapota,0.7154,1
1572.0,15.2,Clay,39.5,6.4,Medium,Sapota,0.6418,1
2075.3,38.6,Loamy,78.8,8.0,High,Banana,0.7314,1
1207.8,40.8,Loamy,52.6,8.1,High,Pomegranate,0.698,0
921.0,14.5,Clay,76.8,9.9,Low,Amla,0.757,0
380.7,35.5,Red,73.3,8.9,Medium,Pomegranate,0.7627,1
1631.8,14.3,Loamy,77.0,5.4,High,Banana,0.5923,1
1861.3,26.9,Alluvial,40.2,4.5,Medium,Banana,0.7221,1
751.8,28.2,Clay,84.0,5.2,Medium,Jackfruit,0.6466,1
1016.6,23.4,Red,26.2,9.5,Medium,Pomegranate,0.8407,1
465.0,38.3,Alluvial,69.4,10.3,Medium,Pomegranate,0.8002,1
1387.9,33.8,Alluvial,48.5,7.2,Low,Mango,0.7381,1
1098.7,21.4,Red,71.1,8.0,High,Pomegranate,0.8129,1
4101.0,14.6,Black,33.2,10.0,High,Pomegranate,0.6205,0
2127.7,19.4,Alluvial,43.4,11.3,Medium,Sapota,0.7026,1
441.1,16.7,Loamy,31.6,10.1,Low,Pomegranate,0.8063,1
1248.2,26.8,Loamy,51.5,8.5,Medium,Jackfruit,0.7733,1
1918.0,28.7,Sandy,34.6,5.4,Medium,Sapota,0.7825,1
1336.1,38.1,Sandy,71.6,6.2,Medium,Papaya,0.7174,0
2315.2,29.7,Alluvial,71.7,5.7,Medium,Papaya,0.6531,0
1282.9,38.4,Alluvial,46.3,6.0,Medium,Mango,0.6812,0
2509.4,34.6,Black,46.3,7.8,Medium,Mango,0.7143,1
1184.3,32.3,Clay,68.4,7.2,High,Banana,0.7312,0
2232.8,14.3,Alluvial,24.9,12.0,Medium,Banana,0.6699,0
1047.4,23.2,Sandy,43.8,6.6,Low,Pomegranate,0.8116,0
1215.6,20.2,Alluvial,63.9,7.5,Low,Amla,0.8334,1
262.3,24.3,Red,56.3,9.0,Medium,Pomegranate,0.6854,1
1768.3,14.3,Clay,74.9,9.5,Medium,Amla,0.7008,1
919.5,20.9,Loamy,47.5,7.6,Medium,Papaya,0.7731,0
2634.8,33.6,Alluvial,56.6,10.5,High,Coconut,0.7983,0
1704.6,26.7,Clay,79.9,8.1,Medium,Amla,0.7628,0
1663.5,22.1,Clay,86.1,8.5,Medium,Guava,0.7506,1
1295.2,20.3,Loamy,46.8,6.5,Medium,Lemon,0.7506,1
2435.8,32.6,Red,83.4,5.2,Medium,Banana,0.7119,1
1617.9,30.4,Alluvial,61.1,6.7,Low,Coconut,0.7942,1
1266.4,35.9,Loamy,65.5,5.6,Medium,Lemon,0.7,1
1741.1,20.6,Black,46.4,5.7,High,Sapota,0.7736,1
3136.2,35.4,Clay,47.4,3.0,High,Guava,0.605,0
1981.0,23.7,Sandy,48.3,9.9,Medium,Coconut,0.794,1
3432.5,34.1,Sandy,83.4,10.2,Medium,Mango,0.472,0
1779.9,16.2,Red,76.8,10.2,Medium,Amla,0.6581,1
948.2,42.9,Black,40.1,6.4,Low,Guava,0.6318,1
1902.7,25.7,Alluvial,75.5,5.7,High,Guava,0.7599,1
2836.5,20.2,Loamy,50.5,10.2,High,Coconut,0.7626,1
2336.3,27.3,Black,55.2,11.3,Medium,Mango,0.7334,1
1917.5,26.4,Sandy,58.5,5.8,Medium,Sapota,0.8067,1
2826.9,16.6,Red,69.8,8.1,Medium,Pomegranate,0.5925,0
3685.3,39.8,Black,29.6,11.2,High,Mango,0.659,0
1758.3,17.2,Loamy,79.6,10.9,Medium,Jackfruit,0.7705,1
650.3,24.2,Alluvial,50.9,7.5,Low,Pomegranate,0.8513,1
1530.6,25.6,Red,77.3,8.6,Medium,Banana,0.7169,1
4062.0,21.6,Sandy,8.3,5.6,Medium,Lemon,0.6006,1
2515.1,29.9,Clay,54.6,8.3,Medium,Banana,0.8065,1
2906.6,34.2,Loamy,41.2,8.2,Medium,Mango,0.628,1
743.8,38.7,Sandy,46.3,9.0,Medium,Coconut,0.6792,0
2941.2,38.7,Red,34.0,7.7,Low,Coconut,0.6734,0
1515.4,26.9,Clay,68.8,8.6,Medium,Jackfruit,0.7949,1
1103.3,30.8,Black,91.0,7.5,High,Guava,0.7058,1
1045.7,28.0,Red,68.2,10.7,High,Sapota,0.8409,1
1162.9,41.4,Sandy,51.4,10.3,Low,Sapota,0.7292,0
1649.2,23.5,Loamy,40.0,6.0,Low,Papaya,0.7032,1
2563.0,37.1,Alluvial,61.1,10.2,Medium,Jackfruit,0.7809,0
3683.1,29.0,Sandy,53.6,7.1,High,Pomegranate,0.6125,1
2544.3,21.1,Sandy,90.4,7.2,Medium,Coconut,0.7118,1
3372.0,47.6,Alluvial,85.3,6.7,Medium,Guava,0.477,1
3544.4,35.9,Alluvial,32.5,4.9,Medium,Amla,0.6691,1
1417.3,38.6,Loamy,82.2,8.5,High,Mango,0.7259,0
259.5,28.3,Black,73.4,6.9,Low,Pomegranate,0.6648,1
3731.8,20.6,Loamy,21.2,9.8,Low,Banana,0.4359,0
2972.2,38.3,Alluvial,46.0,6.9,Medium,Jackfruit,0.6651,1
2573.5,29.5,Alluvial,77.3,8.2,Medium,Jackfruit,0.7852,1
1399.9,14.8,Clay,15.2,9.1,Low,Guava,0.7484,1
1826.8,34.7,Sandy,94.3,5.8,High,Amla,0.7216,1
1307.9,38.6,Black,20.6,9.0,Low,Mango,0.7287,1
541.9,16.4,Red,24.4,11.4,Medium,Pomegranate,0.7714,1
2757.9,26.1,Alluvial,84.7,10.6,Medium,Jackfruit,0.7029,1
649.1,36.0,Red,79.4,8.1,High,Mango,0.5709,0
1190.6,30.2,Alluvial,46.0,6.4,High,Pomegranate,0.75,0
1232.8,36.7,Alluvial,51.8,6.9,Medium,Pomegranate,0.7869,1
2212.4,38.9,Red,89.5,10.2,High,Jackfruit,0.6726,1
434.7,15.0,Clay,17.5,8.4,Medium,Amla,0.8327,1
3020.7,27.0,Alluvial,33.0,11.7,Medium,Banana,0.7616,0
974.3,39.1,Red,29.7,11.3,Medium,Jackfruit,0.7241,1
3325.5,47.2,Black,73.2,4.9,Medium,Coconut,0.47,1
2575.3,26.3,Red,24.0,9.9,Low,Mango,0.6731,1
3794.8,19.0,Red,44.0,11.7,High,Pomegranate,0.6016,1
2183.9,37.3,Red,40.3,9.5,High,Coconut,0.7242,1
1305.3,36.1,Red,83.4,8.4,Medium,Lemon,0.7264,1
1266.7,37.5,Black,84.0,3.4,High,Mango,0.6997,0
1781.0,36.7,Sandy,32.1,9.5,Low,Coconut,0.7451,1
1731.2,39.0,Alluvial,16.8,8.5,High,Guava,0.7016,0
704.6,25.8,Red,89.4,5.0,Medium,Guava,0.8638,1
1667.2,43.2,Sandy,25.6,7.0,Medium,Amla,0.8242,0
940.0,40.6,Black,46.9,7.0,Medium,Banana,0.6192,0
2726.1,24.3,Red,67.8,6.6,Low,Jackfruit,0.7582,1
1563.3,38.2,Loamy,33.0,10.1,Medium,Coconut,0.766,1
1440.4,39.4,Red,63.2,5.2,Low,Guava,0.7966,1
1270.5,35.5,Alluvial,71.5,10.9,High,Guava,0.8767,1
491.9,36.3,Alluvial,40.1,8.8,Medium,Pomegranate,0.8944,1
2751.3,38.4,Alluvial,76.3,8.6,Medium,Coconut,0.7379,1
1676.4,22.2,Sandy,57.5,5.6,Low,Lemon,0.7051,0
1041.7,29.2,Loamy,51.8,10.4,High,Papaya,0.7145,1
938.3,28.2,Sandy,68.2,7.4,Medium,Lemon,0.7682,0
1129.6,33.0,Loamy,72.5,9.2,High,Mango,0.6859,1
1912.5,38.2,Loamy,34.9,10.7,Low,Mango,0.7959,1
1369.7,26.7,Alluvial,73.1,8.9,Medium,Jackfruit,0.7755,1
694.0,40.2,Black,77.0,7.0,Low,Mango,0.6781,0
2274.9,34.9,Black,51.9,7.0,Medium,Mango,0.7469,1
626.7,41.2,Alluvial,39.2,10.1,High,Mango,0.695,1
626.4,18.8,Alluvial,84.3,5.7,Low,Mango,0.6322,1
2563.5,38.6,Loamy,35.5,9.5,Low,Banana,0.6639,1
1714.3,24.9,Alluvial,52.7,10.2,Medium,Jackfruit,0.7715,1
1444.3,17.4,Clay,85.5,5.1,Medium,Jackfruit,0.8016,0
926.2,31.9,Red,62.1,4.9,Low,Banana,0.7249,1
2126.7,41.0,Black,74.3,10.1,Low,Sapota,0.7107,1
1849.2,29.9,Sandy,77.5,8.3,Medium,Coconut,0.8318,0
617.1,13.5,Alluvial,93.7,4.1,High,Papaya,0.4478,1
1531.6,31.1,Loamy,58.2,8.6,High,Jackfruit,0.8738,1
2466.8,40.0,Loamy,77.7,9.3,High,Mango,0.6488,0
794.8,28.0,Sandy,64.5,11.3,Medium,Sapota,0.8047,1
1556.3,22.2,Clay,45.0,9.6,High,Banana,0.7717,1
578.3,22.3,Alluvial,74.9,10.8,Low,Pomegranate,0.7103,1
1527.3,38.7,Loamy,22.5,7.2,Low,Guava,0.7257,1
4083.9,35.4,Loamy,92.5,10.5,Medium,Guava,0.6734,0
1050.1,40.3,Red,21.6,9.7,Low,Mango,0.6346,1
664.6,25.6,Sandy,26.9,11.5,Medium,Pomegranate,0.761,0
1298.0,20.9,Red,28.6,8.9,Medium,Jackfruit,0.7863,0
4059.6,20.8,Alluvial,82.5,3.6,High,Amla,0.5344,0
1193.1,40.5,Loamy,37.0,9.8,Low,Amla,0.8351,1
1318.9,30.5,Red,28.2,10.3,Medium,Jackfruit,0.8148,0
568.6,39.6,Sandy,78.0,8.6,Low,Sapota,0.7097,1
1078.0,47.0,Alluvial,75.2,4.0,Medium,Mango,0.5295,0
2033.0,36.5,Alluvial,76.9,9.2,High,Banana,0.7408,1
1968.8,22.8,Alluvial,75.5,6.4,Low,Guava,0.8092,1
1329.3,36.5,Black,20.8,9.1,Medium,Mango,0.8412,1
1575.7,25.2,Clay,38.9,4.9,High,Pomegranate,0.6088,1
2815.1,37.6,Red,59.6,4.7,High,Banana,0.6768,1
1808.3,24.2,Alluvial,81.7,6.5,Low,Mango,0.6907,1
1635.1,24.8,Red,55.6,6.5,High,Lemon,0.805,1
1108.5,14.9,Loamy,33.4,7.2,Low,Pomegranate,0.7167,1
965.4,34.5,Loamy,61.7,8.1,Low,Guava,0.8703,1
1095.8,34.8,Sandy,62.2,7.6,Medium,Pomegranate,0.807,1
571.3,35.3,Black,81.0,5.5,Low,Mango,0.6309,1
898.4,34.2,Sandy,17.1,8.8,Medium,Lemon,0.7452,0
210.0,27.3,Alluvial,60.0,10.6,High,Pomegranate,0.7296,1
1951.4,22.0,Clay,42.7,10.5,Low,Jackfruit,0.8052,1
2328.7,30.8,Alluvial,41.9,4.3,Low,Amla,0.679,1
401.6,28.3,Loamy,18.3,6.9,High,Banana,0.5574,1
617.2,38.1,Black,50.4,3.1,High,Jackfruit,0.5594,0
1799.3,33.4,Loamy,67.3,7.0,Medium,Amla,0.7524,1
2580.0,24.3,Alluvial,38.3,9.2,Low,Banana,0.7527,1
582.0,34.0,Loamy,69.4,8.2,Low,Amla,0.8006,1
857.2,29.4,Clay,15.4,6.7,Low,Sapota,0.7482,1
2585.5,35.0,Sandy,94.4,6.7,High,Coconut,0.7302,1
2153.6,15.7,Clay,35.8,6.7,Medium,Mango,0.562,1
1130.4,36.6,Black,23.4,5.6,High,Mango,0.7014,1
3019.4,27.7,Black,41.4,6.6,Low,Banana,0.649,1
679.5,46.5,Sandy,11.4,7.3,High,Sapota,0.6346,1
981.0,16.5,Alluvial,22.3,6.9,Low,Guava,0.7585,1
2914.3,17.9,Black,79.4,10.1,Medium,Jackfruit,0.6591,1
1246.7,31.8,Alluvial,79.2,6.5,Low,Papaya,0.6532,1
1149.6,21.7,Black,53.6,6.8,High,Pomegranate,0.7216,1
1984.4,34.0,Loamy,24.9,11.5,Low,Sapota,0.7194,0
4131.4,35.0,Clay,71.8,11.8,Medium,Lemon,0.5769,1
828.1,19.9,Sandy,72.3,9.7,Low,Sapota,0.8265,1
1149.1,28.8,Black,69.8,10.3,Low,Sapota,0.8036,0
2231.8,18.0,Red,87.2,5.2,Low,Jackfruit,0.7455,0
2571.8,34.9,Sandy,67.6,7.3,High,Coconut,0.8399,0
1759.9,33.6,Sandy,92.4,7.9,High,Coconut,0.8253,1
2268.2,33.5,Loamy,53.9,6.6,High,Jackfruit,0.7782,1
424.9,28.5,Alluvial,87.2,8.5,Low,Mango,0.642,1
1306.5,23.2,Sandy,40.2,11.1,Medium,Amla,0.8618,0
1406.2,21.0,Clay,28.9,6.2,Medium,Amla,0.7949,0
1502.3,23.3,Red,84.2,11.2,Low,Mango,0.6685,1
744.3,36.6,Black,15.1,9.5,Medium,Pomegranate,0.729,1
303.4,28.9,Clay,39.3,7.0,Low,Amla,0.8073,1
718.6,36.7,Alluvial,73.0,6.4,Low,Amla,0.899,1
1679.6,20.6,Black,45.6,10.1,Low,Amla,0.8115,0
2027.7,37.4,Red,6.6,5.4,Low,Sapota,0.7407,0
1461.6,23.0,Loamy,72.2,7.5,Medium,Jackfruit,0.7732,1
2104.8,18.6,Sandy,49.6,11.1,High,Guava,0.7875,1
2795.2,22.3,Sandy,88.4,7.1,Low,Guava,0.6206,1
2234.7,34.5,Loamy,66.7,8.1,Low,Banana,0.7033,1
1526.2,33.5,Loamy,53.2,6.2,Low,Mango,0.7166,1
530.9,37.6,Loamy,29.2,5.6,Low,Lemon,0.6658,1
2665.4,34.1,Red,70.4,6.9,High,Banana,0.8214,1
422.2,21.2,Alluvial,48.8,3.2,Low,Coconut,0.5614,1
1958.9,29.0,Alluvial,20.3,11.5,High,Papaya,0.7476,0
3414.8,44.7,Alluvial,69.5,8.7,Medium,Jackfruit,0.5,1
3969.1,17.9,Sandy,43.9,11.9,Medium,Pomegranate,0.6084,1
2304.2,41.1,Black,36.0,8.2,Medium,Mango,0.6754,1
218.1,19.0,Sandy,69.0,10.9,Medium,Pomegranate,0.705,1
1869.8,24.5,Loamy,74.0,6.2,High,Coconut,0.7974,1
1963.5,29.8,Loamy,79.5,8.4,Medium,Mango,0.7827,1
3142.8,33.0,Sandy,22.8,9.0,Medium,Jackfruit,0.5702,0
2242.1,16.1,Red,30.7,9.5,Medium,Jackfruit,0.7168,1
2337.7,36.6,Red,89.6,7.7,High,Banana,0.7807,1
1401.8,29.0,Sandy,58.2,10.6,Medium,Coconut,0.7556,0
1341.6,11.8,Sandy,68.2,5.9,Low,Papaya,0.5638,0
1708.1,24.2,Clay,8.4,10.3,High,Amla,0.7851,0
410.6,37.9,Loamy,46.9,9.9,Medium,Pomegranate,0.7852,1
1247.9,22.3,Loamy,50.5,9.0,Medium,Papaya,0.7796,1
1010.9,20.4,Loamy,20.5,6.5,Low,Guava,0.8506,1
1657.7,30.5,Red,91.7,8.7,Low,Coconut,0.7938,1
1467.6,37.6,Red,74.0,6.9,Low,Amla,0.8299,1
382.1,17.5,Black,44.8,8.5,High,Pomegranate,0.8141,1
1337.7,28.4,Alluvial,27.4,6.5,Medium,Amla,0.8764,1
2039.3,18.9,Black,29.2,11.4,Low,Sapota,0.7957,1
1845.7,34.8,Alluvial,61.5,7.4,Medium,Mango,0.8056,1
1165.0,23.0,Alluvial,86.6,8.1,Medium,Jackfruit,0.7373,0
959.5,22.7,Clay,75.9,11.4,Medium,Banana,0.6371,0
1493.4,16.8,Red,61.1,10.4,Medium,Sapota,0.7847,1
1928.0,20.3,Loamy,79.6,8.5,Medium,Guava,0.9134,1
3824.3,26.0,Red,15.3,10.6,Low,Banana,0.5608,1
2464.4,27.1,Black,63.2,7.0,High,Mango,0.7162,1
1692.9,19.2,Alluvial,29.4,7.1,Medium,Lemon,0.7823,1
2174.1,31.2,Sandy,31.8,6.8,Medium,Papaya,0.7044,0
1926.6,22.6,Red,42.0,8.4,High,Guava,0.8499,1
1957.6,21.0,Loamy,89.4,7.0,Low,Coconut,0.6856,1
1173.6,36.3,Sandy,65.9,11.0,Low,Pomegranate,0.7696,1
1465.2,23.2,Red,79.7,9.9,Medium,Coconut,0.8546,1
636.9,23.4,Black,32.2,8.1,High,Mango,0.6782,1
1778.5,30.3,Alluvial,86.2,8.2,Low,Banana,0.8169,1
1052.0,32.6,Alluvial,78.2,6.8,Medium,Coconut,0.8117,1
1975.2,16.0,Alluvial,57.3,3.4,Medium,Papaya,0.6361,0
1444.6,39.1,Clay,61.6,8.1,Low,Banana,0.69,0
990.4,20.3,Alluvial,93.6,11.5,Low,Banana,0.5891,0
622.8,36.5,Red,38.8,8.9,Medium,Guava,0.8567,1
1407.5,34.1,Clay,44.5,11.0,Medium,Amla,0.9342,1
2050.9,19.1,Alluvial,34.3,9.7,Medium,Mango,0.7907,1
2977.2,17.1,Loamy,7.8,10.8,High,Banana,0.556,1
2376.5,22.6,Red,29.8,8.0,Medium,Jackfruit,0.7881,1
1018.7,25.1,Alluvial,72.2,10.4,Medium,Banana,0.7522,1
1862.8,28.5,Loamy,67.5,5.8,Medium,Mango,0.7353,1
2551.7,26.5,Red,91.7,7.4,Medium,Pomegranate,0.4705,0
3173.7,29.2,Sandy,33.4,10.1,Medium,Amla,0.6652,0
2916.3,29.6,Red,70.6,8.8,Low,Jackfruit,0.6907,0
1237.3,41.4,Loamy,42.6,4.6,Low,Banana,0.6087,1
2657.7,14.5,Black,49.9,11.5,Low,Sapota,0.5272,1
1553.5,32.3,Alluvial,31.1,8.8,Medium,Lemon,0.7337,1
1264.5,29.2,Loamy,61.5,8.6,High,Jackfruit,0.7552,0
535.1,23.8,Sandy,47.0,10.0,Medium,Lemon,0.7459,1
1431.1,20.0,Loamy,6.0,7.5,High,Amla,0.8616,0
1739.4,20.4,Red,71.1,4.9,High,Banana,0.7264,1
3933.1,26.8,Alluvial,36.7,7.4,High,Papaya,0.5391,0
1854.8,20.1,Red,73.2,10.4,High,Papaya,0.6876,1
945.2,24.7,Loamy,56.0,9.0,Medium,Jackfruit,0.8148,1
1477.4,24.7,Red,67.9,8.6,High,Papaya,0.7466,1
2442.4,24.4,Sandy,85.4,10.5,Low,Jackfruit,0.7155,1
4115.8,29.1,Black,45.9,9.8,Medium,Mango,0.5663,1
958.9,20.4,Sandy,88.9,7.9,Low,Coconut,0.6826,0
1624.7,31.5,Sandy,23.6,8.2,Medium,Lemon,0.7807,1
3066.3,47.0,Sandy,9.5,3.3,High,Guava,0.4063,1
637.1,25.9,Red,22.1,9.1,Medium,Pomegranate,0.8073,1
3762.6,35.1,Red,88.0,8.1,Medium,Coconut,0.6737,1
487.3,35.5,Loamy,38.8,6.5,High,Lemon,0.777,1
2585.3,28.2,Loamy,17.8,10.1,High,Banana,0.6889,1
2487.1,38.6,Red,63.2,7.2,High,Jackfruit,0.706,1
3816.1,30.7,Clay,34.3,8.2,High,Lemon,0.5489,0
703.1,25.8,Sandy,94.7,3.6,High,Jackfruit,0.4934,1
2455.2,32.5,Alluvial,62.9,7.9,Low,Mango,0.7051,1
1671.3,22.3,Loamy,65.7,10.8,Medium,Lemon,0.7278,0
423.3,31.0,Sandy,46.3,9.0,Medium,Guava,0.7733,0
2107.6,18.5,Red,49.2,11.6,High,Amla,0.6902,1
3366.8,34.6,Sandy,72.0,4.7,Medium,Pomegranate,0.6331,1
2252.9,26.5,Loamy,73.7,9.8,Low,Mango,0.6672,1
1932.2,39.1,Red,67.6,6.3,Medium,Papaya,0.7173,1
494.1,17.9,Alluvial,87.9,10.9,High,Sapota,0.6761,1
2080.5,22.2,Loamy,87.0,6.0,Medium,Jackfruit,0.6806,1
1652.3,30.6,Alluvial,78.4,6.9,Medium,Guava,0.7977,1
2867.7,26.5,Sandy,90.8,9.5,Low,Mango,0.505,1
627.7,16.5,Clay,17.4,8.3,High,Guava,0.7641,0
2897.4,15.9,Clay,27.0,3.0,Low,Jackfruit,0.5943,1
1562.6,32.1,Sandy,43.6,5.7,Medium,Papaya,0.709,1
1453.8,20.8,Sandy,72.3,8.4,High,Papaya,0.7355,1
3644.0,33.4,Loamy,6.1,9.3,Medium,Mango,0.5869,0
1498.8,28.7,Alluvial,62.4,3.6,High,Coconut,0.7236,1
1404.0,23.8,Loamy,51.5,7.6,Low,Sapota,0.8288,1
718.6,25.5,Sandy,59.9,7.4,Medium,Guava,0.884,1
1834.3,36.3,Black,69.4,10.8,Medium,Mango,0.7394,1
2057.5,33.2,Sandy,47.0,9.6,Medium,Sapota,0.7388,1
1502.9,35.4,Sandy,46.1,9.7,Medium,Papaya,0.7396,0
1227.9,36.6,Black,31.9,5.8,High,Sapota,0.7744,1
1581.5,29.1,Red,35.3,7.3,Medium,Mango,0.7138,0
1383.2,20.7,Sandy,57.6,7.0,Low,Sapota,0.7417,1
3672.3,41.3,Clay,61.7,10.3,High,Sapota,0.4897,0
3754.0,20.3,Sandy,67.8,6.5,Low,Jackfruit,0.614,0
380.4,31.8,Sandy,21.3,11.9,Low,Banana,0.3721,0
827.0,24.4,Black,79.1,7.9,Medium,Sapota,0.8463,1
1986.8,33.1,Red,55.9,6.8,Medium,Coconut,0.8351,0
822.6,32.7,Loamy,10.3,5.4,Low,Amla,0.8272,1
299.9,45.9,Alluvial,11.3,7.3,Low,Coconut,0.4175,1
3046.6,37.1,Black,5.4,5.7,Medium,Amla,0.6564,1
1714.9,11.1,Red,71.0,10.1,Low,Banana,0.6014,1
1161.3,45.4,Loamy,62.1,7.6,Medium,Amla,0.76,1
1122.1,34.4,Loamy,23.7,5.8,Medium,Papaya,0.756,1
2846.0,19.3,Red,92.2,5.2,Medium,Banana,0.6584,1
2120.7,32.3,Red,32.6,7.6,Medium,Jackfruit,0.8742,1
569.8,32.6,Alluvial,35.7,7.8,Medium,Mango,0.7098,1
1956.3,32.3,Alluvial,49.5,7.9,High,Sapota,0.7634,1
3313.5,11.0,Red,48.4,6.7,High,Coconut,0.5442,1
1770.4,22.9,Clay,76.2,9.5,Medium,Banana,0.8114,1
1366.4,34.2,Sandy,35.5,10.5,Low,Coconut,0.8358,1
1552.9,37.6,Red,64.2,4.4,Low,Coconut,0.7164,1
1850.4,32.3,Sandy,39.9,9.5,High,Sapota,0.9231,1
4007.1,10.7,Red,37.1,10.9,Low,Banana,0.4406,1
2046.4,19.8,Loamy,76.7,10.5,High,Mango,0.6827,1
960.8,24.0,Red,70.9,8.9,High,Pomegranate,0.8828,1
1726.9,25.1,Red,80.2,7.5,Low,Guava,0.8345,1
1556.6,30.6,Sandy,23.1,9.3,High,Guava,0.8175,1
1921.3,29.5,Alluvial,58.9,9.5,High,Banana,0.8418,1
1441.5,22.5,Alluvial,22.1,10.3,Low,Guava,0.8239,1
1531.7,18.1,Loamy,18.0,8.3,Medium,Lemon,0.7573,1
919.6,23.6,Sandy,54.2,10.1,Medium,Coconut,0.7819,1
3809.1,11.3,Sandy,81.8,10.0,High,Jackfruit,0.3064,0
1561.2,25.9,Clay,18.3,10.1,High,Guava,0.8191,1
638.0,27.0,Sandy,66.8,6.0,High,Amla,0.8958,1
1934.8,33.4,Alluvial,58.9,8.8,Medium,Coconut,0.7507,1
1127.4,35.3,Alluvial,55.8,9.9,High,Pomegranate,0.7793,1
1605.0,29.6,Alluvial,41.2,9.6,Low,Guava,0.882,1
1286.6,21.2,Loamy,43.7,11.5,Medium,Amla,0.883,1
925.6,36.1,Alluvial,72.2,9.7,Medium,Guava,0.8527,1
3133.1,45.5,Red,36.2,11.1,High,Guava,0.5433,1
607.1,32.9,Red,83.8,6.6,Medium,Mango,0.6865,1
976.0,37.4,Alluvial,46.1,9.9,Medium,Jackfruit,0.7447,0
3369.7,35.6,Clay,79.7,5.3,Low,Papaya,0.4474,1
1418.3,21.5,Loamy,28.3,10.8,Medium,Papaya,0.7496,1
1395.4,36.5,Loamy,73.3,10.6,High,Coconut,0.755,1
3760.7,11.9,Loamy,36.7,3.3,High,Jackfruit,0.4147,0
1991.1,17.4,Loamy,34.4,11.1,Medium,Banana,0.6442,0
3099.5,26.7,Loamy,52.4,7.2,Medium,Sapota,0.6416,0
4040.8,29.4,Black,55.4,3.0,Low,Lemon,0.4872,0
2170.0,31.7,Loamy,39.1,6.0,Medium,Jackfruit,0.7776,0
2657.7,21.1,Black,46.5,9.3,Medium,Papaya,0.5224,0
1955.7,32.9,Alluvial,76.5,7.0,High,Coconut,0.8194,1
1955.9,42.0,Red,78.7,11.2,High,Papaya,0.6337,0
2280.0,22.7,Red,60.8,9.4,Low,Coconut,0.8056,0
2152.9,25.0,Alluvial,25.1,8.4,Medium,Mango,0.7213,1
1646.4,22.7,Loamy,70.5,7.3,Low,Lemon,0.8292,1
2696.7,22.2,Alluvial,69.0,8.4,Low,Jackfruit,0.7118,0
1892.3,34.9,Loamy,38.9,8.3,Medium,Mango,0.7967,1
1939.9,26.7,Red,48.9,11.4,Low,Sapota,0.7581,1
2140.5,29.9,Loamy,22.2,7.2,Medium,Sapota,0.7212,1
629.6,41.8,Black,6.9,11.8,High,Jackfruit,0.3384,0
1258.6,32.9,Black,6.9,6.4,Medium,Amla,0.8536,1
841.5,20.2,Sandy,51.0,6.4,High,Papaya,0.6737,1
921.8,41.9,Loamy,53.3,10.5,Medium,Amla,0.8431,0
757.2,32.0,Clay,70.3,11.5,Medium,Jackfruit,0.72,1
1428.6,30.7,Sandy,71.3,6.6,Medium,Lemon,0.7086,0
3704.2,35.7,Loamy,64.2,4.9,High,Guava,0.6104,1
1625.0,33.3,Alluvial,33.0,11.9,High,Guava,0.8734,1
1186.8,18.4,Sandy,40.2,7.5,Low,Guava,0.7399,1
780.4,19.7,Red,30.5,7.6,Medium,Guava,0.8106,1
1276.6,28.8,Loamy,81.4,10.6,Low,Coconut,0.7484,0
435.2,17.6,Sandy,21.8,10.9,Low,Sapota,0.7005,1
936.9,26.6,Sandy,40.3,6.6,Medium,Mango,0.7069,1
1047.3,22.3,Alluvial,66.6,6.2,Low,Lemon,0.7308,0
1000.9,42.8,Red,45.7,3.9,High,Papaya,0.6316,1
1464.4,24.3,Loamy,29.3,8.5,High,Lemon,0.7995,0
1177.2,15.4,Alluvial,23.1,9.6,Low,Lemon,0.7717,1
3935.6,43.1,Sandy,62.9,7.7,High,Amla,0.6816,1
1440.9,37.6,Loamy,20.8,10.6,Medium,Sapota,0.7972,0
4184.0,24.7,Red,26.3,6.6,High,Jackfruit,0.6311,1
3189.1,38.9,Loamy,51.3,10.6,Medium,Banana,0.701,0
3536.3,11.1,Loamy,30.1,9.4,Medium,Lemon,0.5232,1
1527.5,40.9,Loamy,69.7,7.1,Medium,Sapota,0.7747,1
1025.8,28.5,Alluvial,76.4,8.4,Low,Sapota,0.8172,1
3079.0,12.9,Red,25.2,9.1,Low,Guava,0.5192,0
1303.5,29.3,Black,55.8,11.5,High,Banana,0.7513,1
3824.1,30.6,Sandy,61.6,5.3,Medium,Mango,0.5072,0
1238.9,25.2,Sandy,46.2,7.2,High,Lemon,0.8457,1
897.1,31.5,Loamy,57.6,7.6,Medium,Lemon,0.8477,1
1662.7,33.9,Sandy,82.9,5.0,Medium,Guava,0.7907,1
1098.7,27.9,Alluvial,52.0,7.6,Low,Coconut,0.7654,0
2696.9,18.7,Clay,68.4,9.9,High,Pomegranate,0.5064,0
2547.2,36.3,Black,47.5,5.5,Medium,Mango,0.6931,1
1733.8,26.5,Sandy,73.9,11.3,Low,Guava,0.7887,0
2542.8,28.5,Black,55.1,11.3,High,Mango,0.6926,1
893.2,37.6,Loamy,84.9,5.6,Low,Lemon,0.6409,0
1259.7,39.0,Alluvial,27.9,9.7,High,Guava,0.725,0
2837.3,27.5,Alluvial,40.0,8.2,High,Banana,0.7768,1
3467.2,18.2,Clay,23.3,4.9,Medium,Jackfruit,0.5166,1
542.9,31.7,Alluvial,43.8,6.9,Medium,Papaya,0.6481,1
2049.3,22.7,Loamy,20.9,10.3,Low,Lemon,0.6848,1
1177.7,32.3,Alluvial,67.7,5.6,High,Papaya,0.6471,1
3890.4,16.5,Black,84.5,7.0,Low,Lemon,0.4756,0
918.8,16.7,Red,16.6,7.6,Medium,Guava,0.7192,1
588.3,29.9,Red,79.7,9.8,Medium,Lemon,0.7988,1
495.2,11.3,Loamy,46.0,4.1,High,Lemon,0.6157,1
926.9,22.1,Sandy,74.6,10.2,High,Sapota,0.7931,1
1187.9,44.2,Black,87.0,11.5,Low,Mango,0.6865,1
942.5,39.0,Alluvial,24.3,9.1,Medium,Papaya,0.7268,1
524.7,19.7,Alluvial,78.2,11.5,Medium,Sapota,0.7629,1
1019.4,21.2,Black,37.1,6.3,Medium,Sapota,0.8498,1
833.0,44.3,Clay,46.2,6.5,High,Amla,0.7976,0
604.3,44.6,Clay,34.6,8.6,Low,Amla,0.8357,0
923.2,20.4,Alluvial,35.4,10.1,Medium,Sapota,0.7765,1
712.3,46.0,Black,58.2,10.2,Medium,Jackfruit,0.4911,0
1344.0,28.2,Alluvial,53.2,8.5,Medium,Lemon,0.8068,1
570.4,38.0,Red,53.8,8.7,Medium,Lemon,0.7185,0
1748.1,30.2,Loamy,46.6,11.0,High,Coconut,0.7696,0
2767.0,38.8,Loamy,78.8,11.3,Low,Banana,0.651,0
1018.6,29.8,Alluvial,31.0,5.3,Medium,Sapota,0.7961,1
1951.0,40.8,Loamy,5.3,11.0,Low,Jackfruit,0.667,1
2902.9,39.2,Red,87.5,5.5,High,Jackfruit,0.5967,1
1023.8,25.0,Alluvial,82.7,9.8,Medium,Lemon,0.7699,1
3864.9,35.8,Red,23.9,10.4,High,Coconut,0.5962,1
1077.1,34.7,Black,75.9,10.2,Medium,Mango,0.7153,0
1091.4,22.4,Sandy,34.0,7.4,Medium,Pomegranate,0.7528,0
616.2,23.7,Loamy,47.4,9.6,High,Guava,0.8741,1
1172.5,27.6,Red,19.5,7.7,Medium,Amla,0.9028,1
1983.9,40.2,Alluvial,25.7,11.2,Medium,Mango,0.6796,1
2326.6,23.4,Black,26.8,3.8,Medium,Guava,0.6328,1
1913.6,27.3,Red,92.5,10.4,Medium,Coconut,0.8071,1
248.9,39.6,Loamy,22.5,8.3,High,Coconut,0.5045,1
2700.8,20.1,Clay,35.7,10.2,Medium,Banana,0.7447,1
819.2,16.5,Sandy,22.4,9.4,High,Lemon,0.7804,1
1160.3,36.8,Sandy,67.0,9.2,High,Sapota,0.8162,1
496.9,32.9,Black,48.8,7.8,High,Pomegranate,0.8233,1
1543.9,20.8,Alluvial,60.3,8.2,Medium,Coconut,0.7206,1
1911.9,32.1,Alluvial,47.3,6.5,High,Jackfruit,0.8315,1
514.2,31.1,Sandy,70.0,7.6,Medium,Guava,0.7477,0
2521.1,34.3,Alluvial,47.4,10.4,Medium,Banana,0.7501,1
1550.1,22.0,Alluvial,62.0,5.8,Medium,Mango,0.7418,1
3632.6,28.9,Clay,86.0,11.9,High,Jackfruit,0.6329,1
1418.8,12.0,Sandy,38.6,9.5,Medium,Guava,0.7419,0
1224.6,12.2,Loamy,36.3,8.2,Medium,Jackfruit,0.6577,1
2454.2,29.9,Loamy,39.7,5.2,High,Amla,0.6183,1
2461.0,22.3,Clay,65.0,3.8,High,Coconut,0.6839,1
492.1,41.0,Sandy,78.2,6.5,Medium,Sapota,0.6363,0
1242.6,35.4,Sandy,26.3,10.3,Medium,Coconut,0.7393,0
690.0,34.1,Loamy,16.1,3.6,High,Mango,0.6217,1
2162.6,24.1,Clay,73.8,5.9,High,Banana,0.8308,0
206.2,22.1,Clay,32.9,6.1,Medium,Jackfruit,0.6802,0
376.5,29.0,Red,72.3,3.9,Medium,Jackfruit,0.6243,0
1797.2,18.2,Sandy,94.9,3.5,Medium,Jackfruit,0.6761,0
1666.4,11.2,Clay,19.7,8.6,Medium,Amla,0.6965,1
1278.6,16.4,Alluvial,50.2,8.3,High,Lemon,0.7722,1
1991.8,30.2,Sandy,42.4,10.7,Low,Mango,0.6464,1
1648.5,20.4,Black,44.6,7.8,Medium,Amla,0.7977,0
1073.1,24.0,Sandy,44.9,9.7,Medium,Pomegranate,0.7553,1
3053.4,45.3,Clay,13.9,8.3,Low,Lemon,0.3863,0
3564.4,19.1,Black,90.3,5.4,High,Lemon,0.4649,0
808.4,20.1,Red,94.7,10.4,Medium,Pomegranate,0.7256,1
1870.5,24.4,Red,61.2,6.4,Medium,Coconut,0.7624,0
3150.8,23.4,Alluvial,71.6,10.4,Low,Banana,0.6814,0
613.7,38.4,Alluvial,52.2,8.4,High,Mango,0.7834,1
1344.0,16.0,Sandy,43.0,9.2,Medium,Lemon,0.7668,1
1279.0,27.4,Alluvial,59.5,9.5,Medium,Banana,0.8595,0
1003.5,20.6,Alluvial,55.8,6.6,Medium,Pomegranate,0.7504,1
2327.7,37.7,Alluvial,46.5,5.1,Medium,Banana,0.6857,1
2200.1,16.7,Alluvial,17.8,5.7,Medium,Jackfruit,0.7315,1
1405.3,26.9,Red,54.9,8.7,Medium,Lemon,0.7985,1
1183.8,22.5,Alluvial,35.9,9.7,Medium,Papaya,0.7539,1
2325.9,23.9,Loamy,49.3,11.1,Medium,Mango,0.7331,1
235.6,27.4,Red,68.1,8.1,Medium,Amla,0.8756,1
364.4,39.8,Alluvial,51.2,8.7,High,Guava,0.6615,1
1618.8,22.5,Loamy,80.0,6.8,Medium,Coconut,0.7932,1
2425.2,33.8,Red,11.3,4.2,High,Banana,0.6351,1
1143.7,28.8,Red,51.1,9.1,High,Jackfruit,0.7766,1
2861.6,21.3,Red,15.5,10.5,High,Banana,0.6447,1
1124.1,30.2,Alluvial,32.1,6.3,High,Papaya,0.7904,0
1727.4,21.7,Loamy,85.5,7.2,Low,Banana,0.7678,1
378.1,29.6,Sandy,53.8,9.5,Low,Pomegranate,0.7375,0
2250.9,21.6,Sandy,46.4,4.7,Low,Guava,0.725,1
2696.6,17.7,Alluvial,44.3,8.4,Low,Jackfruit,0.7735,1
1180.6,29.2,Alluvial,7.9,8.8,High,Guava,0.8318,1
1660.3,31.8,Loamy,8.5,10.2,Medium,Amla,0.773,1
2435.8,29.6,Loamy,30.9,6.4,High,Coconut,0.8336,0
1510.5,15.7,Red,65.5,8.8,Medium,Lemon,0.7589,1
2183.2,18.2,Alluvial,71.0,7.8,Medium,Jackfruit,0.7556,0
1189.5,33.3,Alluvial,68.1,8.1,Low,Coconut,0.7916,1
1822.4,35.6,Alluvial,63.9,6.3,Low,Mango,0.7793,0
996.4,44.6,Sandy,82.9,8.3,Low,Amla,0.7871,1
836.3,23.2,Black,72.6,9.6,Medium,Pomegranate,0.8681,0
855.7,39.1,Sandy,39.6,10.1,Low,Papaya,0.6867,0
2337.4,31.5,Red,39.0,9.1,Medium,Jackfruit,0.8159,1
2114.2,39.3,Alluvial,40.0,10.9,Medium,Papaya,0.7494,1
3206.2,25.9,Sandy,19.1,9.4,Low,Sapota,0.5317,1
654.7,28.6,Loamy,62.3,10.9,Medium,Lemon,0.7656,0
1016.2,37.0,Clay,76.9,10.7,Low,Lemon,0.6501,1
2064.0,35.7,Clay,8.3,4.9,Medium,Amla,0.6468,1
2833.6,26.0,Sandy,53.0,8.2,Low,Coconut,0.7018,0
398.6,14.4,Red,18.2,11.3,Low,Amla,0.79,0
800.9,22.8,Black,36.7,8.4,High,Pomegranate,0.7561,1
2851.5,47.2,Red,79.5,4.1,High,Papaya,0.4228,1
705.1,12.2,Loamy,68.9,6.8,Low,Amla,0.6939,0
654.3,19.8,Alluvial,64.3,10.8,High,Pomegranate,0.7666,1
3006.7,21.5,Loamy,92.7,6.7,High,Banana,0.7376,1
1317.8,29.7,Sandy,39.2,6.3,Low,Papaya,0.7333,1
1053.5,18.7,Red,17.4,9.3,Medium,Guava,0.7617,1
523.7,27.6,Sandy,51.1,9.7,High,Amla,0.8615,1
2890.6,17.5,Loamy,43.1,8.5,Medium,Amla,0.686,1
1963.0,41.3,Red,48.4,6.9,Medium,Mango,0.7158,1
1090.2,36.4,Loamy,87.2,5.8,Low,Jackfruit,0.6943,0
1837.3,38.5,Sandy,74.2,5.8,High,Guava,0.8072,1
219.7,21.1,Clay,45.4,7.9,Low,Amla,0.7669,1
3406.3,20.6,Red,93.7,3.7,High,Lemon,0.5176,1
2936.9,39.1,Red,40.9,7.7,Low,Coconut,0.6445,0
724.9,36.4,Loamy,20.0,8.0,Medium,Mango,0.7439,1
737.7,27.4,Black,35.7,11.1,High,Sapota,0.781,1
2268.0,34.8,Clay,71.5,7.4,High,Banana,0.7813,1
1177.1,44.8,Black,60.1,8.9,High,Pomegranate,0.64,1
2266.2,29.2,Loamy,30.7,6.1,Medium,Coconut,0.7418,0
1537.8,22.3,Black,67.2,10.4,Low,Sapota,0.8243,0
813.4,38.5,Loamy,16.0,9.7,Medium,Guava,0.7378,1
354.5,41.4,Red,22.3,8.3,Low,Pomegranate,0.7743,1
1209.8,28.5,Red,40.5,11.4,Medium,Pomegranate,0.7555,1
362.8,38.8,Alluvial,24.0,7.4,High,Coconut,0.59,0
2288.5,39.8,Clay,67.8,9.0,Medium,Banana,0.7091,1
1417.9,16.5,Alluvial,76.4,9.4,Medium,Sapota,0.7399,1
3745.7,13.8,Red,25.8,3.2,Low,Lemon,0.4816,0
2841.1,21.8,Red,68.1,7.9,Medium,Coconut,0.7032,1
1446.0,47.6,Black,30.6,4.4,Medium,Amla,0.6864,1
1856.4,22.5,Red,30.6,11.3,Low,Sapota,0.774,0
557.9,38.8,Red,43.0,9.4,Medium,Pomegranate,0.8561,0
1619.8,47.3,Black,21.3,8.3,High,Guava,0.5759,0
1559.5,21.3,Clay,25.7,7.1,Medium,Jackfruit,0.7993,0
2232.7,31.7,Red,24.1,5.7,Medium,Mango,0.7255,0
664.9,37.7,Clay,29.9,5.2,Medium,Guava,0.7396,1
1561.3,19.8,Loamy,22.8,8.3,Low,Papaya,0.6598,1
2110.7,20.1,Red,42.6,8.5,High,Papaya,0.6423,1
2094.9,37.9,Loamy,64.8,8.3,Low,Guava,0.6567,1
1128.3,18.1,Red,38.1,10.9,Medium,Guava,0.752,1
1936.6,35.9,Sandy,36.2,8.6,High,Guava,0.7738,0
389.5,18.2,Loamy,29.5,9.0,High,Lemon,0.7432,1
1444.6,38.8,Black,67.3,10.0,Medium,Mango,0.7551,1
1412.1,46.7,Alluvial,61.5,11.4,Low,Mango,0.6216,1
4176.7,11.5,Red,28.1,11.4,Low,Pomegranate,0.4587,0
1476.0,37.6,Red,77.0,6.4,Medium,Lemon,0.7593,1
1057.2,38.1,Loamy,67.5,8.8,Medium,Pomegranate,0.7636,1
3030.2,33.6,Black,49.6,5.7,Low,Guava,0.5674,0
624.8,11.6,Black,60.4,3.3,Medium,Jackfruit,0.4276,0
1284.3,35.8,Loamy,40.7,10.3,Medium,Lemon,0.8272,1
2115.8,20.7,Red,43.4,8.1,High,Sapota,0.7399,1
973.8,16.6,Sandy,72.4,7.7,High,Amla,0.82,1
529.0,33.6,Loamy,33.2,8.2,High,Lemon,0.6884,1
495.0,26.0,Loamy,24.1,9.1,Medium,Pomegranate,0.8255,1
1215.6,41.7,Red,25.4,6.2,Medium,Papaya,0.6766,0
2587.4,35.8,Alluvial,56.2,5.6,Medium,Banana,0.7862,1
3202.2,36.3,Alluvial,64.0,5.3,Medium,Pomegranate,0.6931,1
1389.6,22.3,Red,30.9,11.0,High,Coconut,0.7979,1
222.6,47.7,Sandy,21.5,7.2,High,Guava,0.6016,1
1116.9,39.4,Red,8.2,10.2,Low,Amla,0.8714,1
719.1,26.2,Red,25.1,10.2,Low,Lemon,0.7785,1
2998.5,34.0,Clay,49.4,11.3,Medium,Jackfruit,0.7501,1
3224.1,18.8,Red,84.4,4.6,High,Amla,0.5767,1
293.8,29.3,Clay,53.4,7.3,Medium,Amla,0.8022,1
1903.5,16.5,Black,24.3,10.9,Medium,Sapota,0.7909,0
1463.8,43.2,Red,77.6,11.3,Medium,Amla,0.8118,1
896.1,27.1,Loamy,67.1,10.9,Medium,Coconut,0.7577,1
1175.8,17.2,Loamy,82.9,8.1,Low,Lemon,0.7694,1
3194.0,25.2,Loamy,69.5,4.3,Low,Coconut,0.6336,1
1872.6,41.2,Red,48.7,9.9,Low,Sapota,0.7379,1
2216.0,39.8,Red,27.2,8.6,Medium,Coconut,0.729,1
557.0,21.0,Clay,93.7,10.3,Medium,Banana,0.5681,0
2785.7,18.2,Sandy,70.6,8.8,Low,Guava,0.6569,1
1633.6,24.1,Sandy,44.2,9.2,High,Papaya,0.7882,0
1230.0,26.9,Red,37.0,6.0,Medium,Banana,0.7877,1
1659.3,32.5,Red,47.4,9.1,High,Amla,0.8602,1
3090.2,20.7,Sandy,35.7,9.2,Low,Coconut,0.7214,1
1133.6,19.1,Clay,48.2,10.9,High,Amla,0.8396,1
1345.4,23.8,Red,47.5,7.9,High,Sapota,0.7824,1
1564.0,31.2,Clay,90.8,11.0,Medium,Banana,0.8078,1
1778.9,19.7,Red,70.8,10.6,High,Banana,0.6491,1
992.3,27.1,Red,56.6,9.9,Medium,Sapota,0.8651,1
2347.6,40.0,Loamy,53.1,10.4,High,Jackfruit,0.6992,0
744.9,30.2,Red,18.3,7.4,Low,Pomegranate,0.7765,1
2043.1,22.7,Red,69.0,6.6,High,Jackfruit,0.787,0
1997.3,26.4,Loamy,36.2,10.1,Medium,Coconut,0.8344,1
845.8,20.5,Loamy,72.8,9.0,High,Mango,0.7275,1
292.9,16.8,Red,22.1,6.0,Low,Amla,0.7789,0
1177.8,37.6,Red,83.0,10.3,High,Guava,0.7421,1
3602.7,47.3,Sandy,61.5,5.2,Low,Mango,0.355,1
565.0,27.9,Red,79.7,6.7,High,Lemon,0.7219,1
1164.7,24.3,Red,62.1,5.3,Medium,Guava,0.902,1
2517.8,44.2,Black,60.6,7.5,Medium,Pomegranate,0.4625,1
3421.3,13.5,Clay,67.3,10.3,Low,Papaya,0.4819,1
3911.9,28.5,Red,47.9,10.5,Low,Pomegranate,0.5826,0
1265.0,30.1,Sandy,10.5,9.0,Medium,Amla,0.934,1
941.4,23.7,Loamy,76.0,9.6,Low,Lemon,0.799,1
2620.4,24.6,Black,93.7,3.2,High,Papaya,0.3372,1
493.3,41.2,Sandy,74.5,8.9,High,Sapota,0.6996,0
1694.0,28.2,Alluvial,42.6,7.3,Medium,Sapota,0.8492,1
2807.8,45.6,Sandy,92.0,10.0,Low,Amla,0.4526,1
1187.3,29.4,Loamy,43.1,9.4,Low,Mango,0.855,1
291.6,43.3,Black,35.7,10.1,Medium,Amla,0.7658,1
989.0,19.3,Sandy,53.4,10.8,Medium,Sapota,0.8204,1
1516.5,35.5,Red,48.5,9.6,High,Jackfruit,0.7657,1
1137.8,16.5,Loamy,62.4,10.6,Medium,Amla,0.8974,1
1932.2,27.2,Loamy,31.0,11.1,Low,Guava,0.8842,0
2728.4,19.0,Alluvial,59.6,6.7,Low,Banana,0.7162,1
952.5,25.6,Clay,72.1,8.1,Medium,Guava,0.9017,0
1239.5,41.9,Alluvial,65.6,7.2,Low,Papaya,0.7274,1
347.4,21.9,Alluvial,23.7,10.9,Medium,Lemon,0.6845,1
1054.2,20.2,Clay,43.4,10.2,Medium,Guava,0.8575,1
1965.0,37.7,Clay,25.4,8.4,High,Jackfruit,0.6772,1
1066.7,40.0,Loamy,45.0,8.4,Medium,Amla,0.8682,1
2366.8,28.5,Clay,91.1,6.5,Low,Banana,0.7075,1
1519.1,38.4,Loamy,52.4,7.3,Medium,Banana,0.6952,0
2759.7,36.3,Alluvial,41.7,11.3,Medium,Banana,0.7355,1
3099.9,28.3,Red,92.4,10.7,Medium,Banana,0.7778,1
1954.9,34.0,Loamy,77.4,11.2,Medium,Papaya,0.8029,1
1677.2,36.8,Loamy,87.5,7.6,Medium,Coconut,0.7873,0
311.9,21.0,Sandy,14.7,7.0,Low,Amla,0.7915,1
468.7,27.3,Clay,24.5,5.5,High,Guava,0.7767,0
3172.5,33.2,Loamy,90.9,5.3,Low,Banana,0.6104,1
321.7,26.3,Alluvial,45.8,11.4,Low,Guava,0.7644,0
612.2,25.1,Red,82.5,6.0,Medium,Sapota,0.7973,1
1684.4,43.5,Red,60.3,9.8,Low,Amla,0.7697,1
1175.3,27.4,Loamy,33.7,8.1,Low,Pomegranate,0.7448,0
369.3,10.4,Red,46.2,4.2,Medium,Guava,0.5886,1
1606.0,33.9,Black,71.0,7.9,Low,Mango,0.7983,1
689.1,16.9,Sandy,90.6,10.6,Low,Guava,0.7264,0
585.0,28.5,Red,63.7,9.5,Medium,Amla,0.8626,1
3032.1,26.3,Clay,51.4,10.9,Medium,Coconut,0.6293,1
517.7,36.2,Black,77.7,9.0,Medium,Amla,0.8419,1
1598.9,38.0,Sandy,79.4,10.6,Medium,Papaya,0.6957,0
2507.6,20.3,Alluvial,50.9,10.2,Medium,Banana,0.7542,1
1372.3,32.4,Alluvial,48.4,8.4,Low,Pomegranate,0.6987,1
3083.7,39.7,Black,62.4,9.5,Low,Pomegranate,0.5059,1
685.2,39.0,Red,61.8,6.6,Medium,Sapota,0.751,1
1857.7,37.0,Alluvial,74.5,6.1,Medium,Jackfruit,0.7519,1
1263.5,36.0,Loamy,28.5,6.8,High,Coconut,0.8113,1
921.2,37.5,Red,78.1,9.1,Medium,Guava,0.8133,1
2649.7,13.2,Sandy,93.2,5.0,Low,Jackfruit,0.5501,1
3175.6,10.6,Alluvial,66.6,10.4,Low,Banana,0.629,1
1512.6,15.2,Red,48.3,10.5,Medium,Coconut,0.6872,0
1126.5,37.3,Loamy,88.3,8.9,Medium,Coconut,0.711,1
840.7,35.4,Clay,29.0,6.9,Medium,Guava,0.8833,1
2178.3,10.9,Clay,27.6,10.9,Low,Jackfruit,0.6225,1
2940.2,36.7,Sandy,59.0,7.3,High,Coconut,0.68,0
1929.3,20.7,Loamy,78.7,10.9,Medium,Pomegranate,0.5849,1
857.1,36.5,Black,74.7,9.2,Medium,Mango,0.7467,1
2417.4,25.0,Red,51.9,8.1,Medium,Mango,0.7115,1
2177.4,41.1,Loamy,94.8,7.0,Medium,Papaya,0.63,0
2900.3,36.0,Black,85.1,3.8,High,Pomegranate,0.3917,1
2595.3,36.6,Alluvial,78.9,10.4,High,Lemon,0.5967,1
1359.5,19.9,Alluvial,52.5,9.8,Low,Papaya,0.6394,0
2236.6,34.9,Alluvial,5.9,8.2,Medium,Coconut,0.7563,0
1697.6,39.3,Alluvial,81.8,6.5,Low,Banana,0.7588,1
2348.8,34.3,Loamy,63.1,11.6,Medium,Jackfruit,0.7908,1
1411.0,23.5,Red,67.7,11.1,High,Papaya,0.6918,1
1703.5,31.5,Sandy,62.0,8.4,Medium,Amla,0.8134,1
644.0,44.6,Loamy,35.1,11.4,Medium,Amla,0.8758,1
1084.9,23.2,Loamy,44.6,10.9,Medium,Banana,0.7099,1
2556.7,37.9,Sandy,80.2,10.7,Medium,Coconut,0.7874,1
1750.0,14.7,Red,32.7,11.0,Medium,Lemon,0.6806,1
1668.4,26.4,Loamy,20.9,5.7,Medium,Lemon,0.7387,0
3574.6,36.0,Clay,87.4,5.6,Low,Pomegranate,0.4537,0
1243.4,25.0,Sandy,80.6,8.7,Medium,Banana,0.7439,1
2006.3,34.4,Red,64.1,7.0,Low,Banana,0.8057,1
1037.5,35.0,Loamy,24.7,8.6,Low,Lemon,0.8309,0
3364.3,21.4,Alluvial,31.0,5.5,High,Jackfruit,0.5306,0
679.0,36.4,Clay,41.0,7.1,Low,Sapota,0.7632,1
546.6,31.5,Sandy,72.8,10.7,Medium,Papaya,0.6769,0
512.0,14.0,Black,49.4,4.4,High,Mango,0.4641,0
2054.2,23.1,Alluvial,62.7,9.3,Medium,Banana,0.7302,1
302.9,40.6,Red,12.7,9.1,High,Amla,0.803,1
3156.5,15.3,Alluvial,34.5,7.3,Low,Lemon,0.5356,0
2424.0,22.3,Sandy,8.9,11.3,Low,Mango,0.6325,1
216.5,39.5,Clay,7.8,9.9,Medium,Banana,0.4378,0
3592.3,30.7,Red,53.1,9.2,Low,Pomegranate,0.61,0
1536.7,36.7,Loamy,87.7,8.1,Low,Sapota,0.7914,1
1649.5,32.3,Red,41.5,10.3,Low,Guava,0.7609,0
1175.7,37.4,Clay,41.5,5.6,High,Papaya,0.6515,1
2669.9,10.4,Clay,6.1,9.5,Low,Lemon,0.3583,1
2748.1,23.3,Clay,78.8,5.8,High,Banana,0.8458,1
1071.5,21.1,Black,67.5,8.4,High,Pomegranate,0.8044,1
675.4,36.5,Alluvial,59.0,8.6,Medium,Papaya,0.6678,1
541.6,21.7,Alluvial,31.8,9.6,High,Jackfruit,0.614,0
937.0,20.4,Sandy,39.4,6.9,Low,Papaya,0.6776,1
1500.4,44.3,Red,66.1,7.7,Low,Sapota,0.6877,0
1535.7,42.0,Alluvial,44.7,9.2,Medium,Amla,0.9262,1
605.3,26.5,Red,48.0,10.9,Low,Papaya,0.7662,1
391.8,34.6,Alluvial,45.7,10.7,High,Pomegranate,0.7602,1
1611.4,41.0,Sandy,50.5,9.0,Medium,Papaya,0.7242,1
2229.3,28.3,Loamy,58.7,6.0,Low,Mango,0.7871,1
1265.3,18.4,Loamy,42.2,5.6,Medium,Guava,0.7735,0
1206.2,40.5,Sandy,58.8,7.8,Low,Amla,0.844,1
837.4,17.9,Alluvial,55.6,5.9,Medium,Lemon,0.7769,0
882.6,28.0,Red,70.2,6.8,Low,Jackfruit,0.7867,1
3607.0,30.4,Black,35.6,10.6,High,Amla,0.7613,1
2795.4,34.7,Red,84.1,10.4,Medium,Coconut,0.7529,1
1052.4,21.6,Alluvial,53.7,7.1,Medium,Sapota,0.8454,1
1674.8,25.7,Clay,46.9,11.0,High,Banana,0.7765,1
644.7,32.4,Clay,66.4,11.4,High,Guava,0.9245,1
2248.3,13.0,Sandy,14.3,6.9,Medium,Jackfruit,0.5406,0
730.4,18.9,Black,45.8,7.7,Medium,Mango,0.7036,0
1062.5,36.7,Red,81.3,8.2,Low,Lemon,0.7022,1
2025.3,22.9,Red,38.2,10.0,Medium,Banana,0.804,0
1867.7,18.7,Loamy,63.4,10.9,Low,Sapota,0.8321,1
1025.0,30.3,Clay,60.0,11.4,High,Jackfruit,0.7297,0
1178.2,38.5,Loamy,44.4,7.6,Medium,Guava,0.8369,1
887.6,37.0,Black,35.7,9.4,Medium,Sapota,0.7664,1
1588.1,21.5,Alluvial,57.5,7.5,Medium,Coconut,0.7076,1
1029.9,22.1,Loamy,60.3,10.0,Medium,Pomegranate,0.8068,1
1674.7,18.0,Loamy,40.3,6.5,Medium,Sapota,0.7945,1
1038.0,26.4,Alluvial,70.1,7.1,Low,Papaya,0.7074,1
1486.0,33.2,Red,43.6,9.9,Medium,Jackfruit,0.8007,1
1379.3,37.2,Sandy,54.6,7.1,Medium,Coconut,0.8437,1
1488.3,28.8,Loamy,57.3,6.8,Low,Coconut,0.7974,1
1789.7,26.5,Red,71.3,6.9,Medium,Mango,0.7992,0
1511.2,36.0,Clay,83.6,8.0,Low,Banana,0.796,1
2329.3,22.8,Loamy,37.4,9.7,Medium,Papaya,0.6192,1
1166.1,28.2,Red,29.1,5.6,Medium,Mango,0.6959,0
1196.5,33.7,Loamy,59.9,7.3,Low,Amla,0.9296,0
4110.2,19.4,Sandy,16.9,5.0,Low,Sapota,0.524,0
944.5,25.8,Clay,41.0,6.6,Medium,Banana,0.7313,1
1366.0,28.4,Sandy,61.1,8.3,Low,Coconut,0.8163,0
1130.7,19.4,Alluvial,51.2,8.9,Low,Amla,0.9428,1
204.8,28.6,Loamy,60.3,11.2,Medium,Pomegranate,0.7589,1
1863.5,45.5,Loamy,14.4,9.9,High,Papaya,0.5665,1
1403.8,12.7,Clay,94.0,5.3,Low,Banana,0.4935,1
3157.1,32.0,Red,16.5,9.2,Medium,Papaya,0.4962,0
1375.7,31.8,Red,42.4,4.1,Medium,Guava,0.863,1
2015.3,39.1,Sandy,64.0,10.4,Medium,Guava,0.7013,1
1511.6,36.8,Red,50.9,7.5,Low,Papaya,0.744,1
1174.2,17.3,Red,57.7,8.3,Low,Amla,0.8214,1
769.8,20.2,Black,58.3,6.5,High,Pomegranate,0.8781,1
3390.3,26.5,Loamy,24.5,6.8,High,Coconut,0.6122,1
2350.9,32.9,Clay,19.9,3.4,Low,Pomegranate,0.5604,0
904.8,21.2,Clay,66.4,10.1,High,Jackfruit,0.7249,1
1468.7,28.9,Red,8.0,9.5,Medium,Amla,0.8558,0
716.5,17.1,Loamy,16.6,6.7,High,Lemon,0.7403,1
798.2,14.2,Sandy,5.2,9.5,High,Jackfruit,0.4897,0
1175.6,15.7,Alluvial,34.7,6.8,Low,Lemon,0.7428,0
1453.6,28.8,Black,20.3,9.4,Low,Amla,0.8274,1
1706.6,34.5,Clay,87.7,10.0,High,Guava,0.7473,0
1446.3,42.1,Loamy,28.4,3.0,Low,Mango,0.6227,1
2082.9,27.9,Loamy,69.4,7.8,High,Jackfruit,0.8387,1
437.4,24.8,Sandy,53.3,11.4,Medium,Lemon,0.6966,1
2490.2,25.0,Alluvial,45.1,7.9,Medium,Coconut,0.833,1
600.4,19.1,Alluvial,50.9,8.5,Medium,Pomegranate,0.8625,1
1156.9,21.4,Alluvial,49.8,5.7,High,Banana,0.7142,1
1140.1,27.2,Alluvial,74.6,11.4,High,Lemon,0.8054,1
1466.9,27.9,Clay,41.2,10.5,Medium,Jackfruit,0.7796,1
236.0,22.5,Alluvial,28.8,8.2,High,Pomegranate,0.7213,1
3050.9,25.4,Loamy,94.9,11.4,High,Banana,0.6895,0
614.0,38.0,Sandy,27.1,6.8,Medium,Papaya,0.6836,1
1287.3,21.5,Black,20.0,7.4,Medium,Pomegranate,0.8144,1
1345.9,33.7,Alluvial,62.7,6.1,Medium,Coconut,0.8032,1
969.2,32.8,Red,84.6,6.4,Low,Coconut,0.8053,1
821.7,25.8,Red,87.1,8.4,High,Guava,0.8521,1
790.5,38.3,Red,93.5,3.6,High,Amla,0.7122,1
2172.6,33.0,Alluvial,79.4,7.3,Medium,Banana,0.6968,1
3160.7,35.5,Loamy,75.4,10.9,High,Banana,0.7182,0
1935.4,35.3,Clay,88.4,10.2,High,Jackfruit,0.6753,1
1013.3,37.2,Alluvial,86.3,9.7,Medium,Guava,0.7531,1
2503.8,46.4,Clay,38.3,3.5,High,Banana,0.5664,0
3118.4,20.1,Clay,81.1,5.1,High,Banana,0.7161,0
926.1,26.9,Loamy,60.3,6.3,Medium,Amla,0.9041,1
661.3,21.3,Loamy,48.2,10.0,Medium,Guava,0.8987,1
1942.3,32.9,Loamy,70.1,9.7,Medium,Coconut,0.8022,1
2941.1,15.1,Black,18.6,5.3,Low,Banana,0.4793,1
1064.9,36.6,Sandy,17.7,9.6,Low,Pomegranate,0.8359,1
904.5,36.7,Red,58.4,7.9,Low,Amla,0.9709,1
2219.8,33.3,Loamy,75.2,11.0,Medium,Papaya,0.6305,0
1007.7,35.0,Sandy,22.8,10.0,Medium,Pomegranate,0.8408,0
2342.6,37.2,Alluvial,54.1,9.2,Medium,Jackfruit,0.7941,0
2116.0,15.3,Red,71.8,3.6,Medium,Amla,0.6276,1
1600.5,12.2,Loamy,92.2,11.0,Medium,Mango,0.4768,0
1862.4,40.1,Alluvial,41.2,10.9,High,Papaya,0.6967,1
3405.1,22.6,Loamy,24.4,8.1,High,Coconut,0.5787,0
3151.1,19.3,Clay,80.0,8.5,Low,Coconut,0.6397,1
350.4,16.1,Alluvial,18.3,7.2,Medium,Pomegranate,0.7088,1
2585.6,27.7,Loamy,80.5,8.1,Medium,Banana,0.8056,0
1143.3,28.6,Red,74.2,11.1,Medium,Mango,0.7203,1
1463.9,27.4,Black,59.3,6.9,Medium,Sapota,0.7749,0
515.3,30.0,Red,26.0,9.6,Low,Lemon,0.7815,1
2101.1,41.1,Alluvial,52.5,6.2,Medium,Mango,0.6411,1
1304.9,14.2,Sandy,70.4,5.8,Low,Lemon,0.6572,0
1029.2,27.6,Red,44.2,9.1,Low,Sapota,0.8707,1
1148.6,38.0,Clay,11.7,8.4,Medium,Amla,0.8984,1
1592.3,30.5,Alluvial,72.1,5.0,Medium,Banana,0.7348,1
2135.6,39.3,Clay,65.0,5.3,Low,Jackfruit,0.7448,0
2623.5,42.6,Red,79.5,9.0,Low,Sapota,0.6235,1
1627.7,41.5,Black,56.1,6.6,Medium,Mango,0.6857,1
2092.5,18.1,Red,79.7,6.7,Medium,Mango,0.6767,1
1075.0,33.0,Alluvial,56.4,8.3,Medium,Pomegranate,0.771,1
460.7,18.6,Alluvial,28.3,10.7,High,Amla,0.835,0
2130.8,27.7,Alluvial,22.5,5.9,High,Papaya,0.5736,1
1076.2,31.1,Alluvial,39.9,10.4,Medium,Guava,0.8287,1
783.8,31.4,Clay,90.2,7.2,Low,Sapota,0.713,1
1667.6,36.3,Red,28.9,6.9,High,Mango,0.7664,0
887.7,33.1,Alluvial,76.6,6.7,High,Amla,0.7943,1
1015.1,24.4,Red,33.5,9.7,Low,Pomegranate,0.8635,1
1577.2,19.5,Loamy,59.0,5.8,Low,Banana,0.7453,1
2176.1,18.1,Alluvial,41.7,7.9,High,Mango,0.6922,1
1883.4,33.7,Alluvial,31.0,10.8,Medium,Coconut,0.8186,1
3336.1,45.7,Black,94.9,7.9,Medium,Coconut,0.3683,0
1439.3,17.6,Black,77.7,10.2,Medium,Banana,0.6922,1
2166.2,36.7,Clay,72.9,6.8,Medium,Guava,0.7518,1
1792.8,17.3,Alluvial,37.7,10.5,High,Amla,0.7891,1
1410.3,31.9,Loamy,60.6,6.3,Medium,Banana,0.771,1
630.6,29.1,Loamy,75.8,5.6,Medium,Lemon,0.7349,1
296.6,18.5,Alluvial,28.8,9.5,Medium,Pomegranate,0.821,1
1600.6,42.0,Red,56.8,11.2,Medium,Amla,0.8201,1
2935.5,26.7,Black,14.3,10.8,Low,Lemon,0.5214,0
205.9,32.1,Alluvial,48.5,7.6,Low,Pomegranate,0.7105,0
2133.3,31.8,Sandy,49.3,9.6,Low,Guava,0.7905,1
3987.3,11.4,Alluvial,31.5,6.4,Medium,Coconut,0.5541,1
529.8,35.4,Sandy,84.4,8.8,Low,Sapota,0.6663,0
2877.9,38.8,Loamy,39.8,9.9,Medium,Banana,0.6289,0
1308.5,25.3,Loamy,26.2,5.1,Low,Guava,0.7717,1
1906.5,25.8,Sandy,45.2,5.6,High,Papaya,0.7909,1
1923.2,45.3,Sandy,35.2,9.8,Medium,Guava,0.7366,1
3536.6,28.6,Loamy,73.6,10.5,Low,Mango,0.5532,1
2775.0,22.7,Loamy,8.1,5.6,Low,Mango,0.522,1
904.9,23.2,Red,76.4,9.6,High,Sapota,0.8033,1
929.5,16.1,Sandy,18.5,7.0,High,Guava,0.7375,1
491.2,37.8,Red,54.1,10.2,Medium,Mango,0.6801,1
1755.4,11.8,Loamy,77.1,8.4,Medium,Mango,0.6089,0
942.6,37.6,Clay,83.4,9.3,High,Jackfruit,0.6292,0
1360.0,26.3,Loamy,44.3,11.0,Low,Jackfruit,0.7345,1
709.4,34.8,Alluvial,50.8,6.6,High,Sapota,0.7988,1
385.7,14.5,Black,84.6,3.2,High,Papaya,0.3121,0
2806.8,41.7,Clay,19.9,9.4,Low,Papaya,0.5105,0
888.6,10.9,Alluvial,52.6,4.6,Medium,Papaya,0.5854,1
455.5,28.6,Red,37.0,6.5,Medium,Lemon,0.7186,1
1247.1,32.8,Alluvial,66.8,11.0,Medium,Papaya,0.7192,0
3041.4,41.2,Alluvial,71.5,3.3,High,Lemon,0.4384,1
1933.5,32.8,Alluvial,56.1,9.0,Low,Guava,0.7569,0
786.7,40.4,Loamy,23.8,8.9,Medium,Amla,0.8608,1
839.5,38.3,Red,59.4,8.2,Low,Papaya,0.7814,1
846.9,19.5,Sandy,46.7,6.6,High,Lemon,0.8523,1
3908.7,47.6,Loamy,57.3,4.0,Low,Guava,0.4117,0
1699.2,30.4,Alluvial,70.9,11.5,Medium,Coconut,0.8154,1
2018.2,36.0,Red,36.8,5.4,Low,Sapota,0.7758,1
1580.1,33.1,Red,38.6,6.6,Medium,Coconut,0.7852,1
1912.6,21.5,Sandy,76.3,6.5,Medium,Guava,0.8268,1
716.1,32.2,Red,93.1,10.7,High,Coconut,0.6935,1
722.5,29.1,Red,25.5,10.7,High,Guava,0.8321,0
1673.4,39.3,Sandy,79.6,6.3,High,Guava,0.8236,1
3370.1,15.7,Sandy,93.3,9.6,High,Banana,0.5544,0
2876.1,29.4,Loamy,56.9,9.8,Medium,Jackfruit,0.7206,1
730.8,38.0,Alluvial,82.0,8.9,Medium,Guava,0.7659,1
1441.0,28.4,Sandy,90.2,9.9,Medium,Coconut,0.7713,1
882.8,34.9,Loamy,76.1,10.4,Medium,Papaya,0.6971,1
1163.9,34.1,Sandy,51.1,8.7,High,Papaya,0.7517,1
1331.6,40.9,Alluvial,15.7,8.7,Low,Pomegranate,0.6549,0
945.4,35.3,Sandy,60.8,9.5,Medium,Lemon,0.7395,0
224.0,36.0,Loamy,69.2,7.1,Low,Pomegranate,0.7219,1
2676.0,25.6,Alluvial,75.4,6.4,Medium,Jackfruit,0.8209,1
598.2,24.4,Red,54.9,4.0,Low,Sapota,0.7765,1
514.0,27.7,Black,41.1,6.1,Medium,Sapota,0.6492,1
493.5,16.2,Red,49.8,9.7,Medium,Sapota,0.7025,1
426.5,20.5,Alluvial,45.8,5.8,Medium,Guava,0.6672,0
2122.7,29.8,Red,56.7,9.4,High,Mango,0.7249,1
2254.8,33.6,Black,60.0,6.6,Medium,Mango,0.7387,1
2200.5,32.2,Red,43.5,9.1,Low,Coconut,0.792,1
371.6,18.5,Red,21.8,7.2,High,Amla,0.849,1
857.6,23.0,Sandy,45.2,5.6,Medium,Lemon,0.7614,0
520.9,29.9,Alluvial,41.9,11.8,Medium,Mango,0.6507,0
1384.8,27.7,Loamy,78.1,10.3,Medium,Lemon,0.7301,1
755.1,28.5,Loamy,48.2,5.9,Medium,Banana,0.7066,1
1072.1,23.3,Alluvial,31.1,7.1,Medium,Papaya,0.7301,1
1645.5,35.1,Red,63.0,8.9,High,Jackfruit,0.788,0
1189.5,47.4,Clay,15.8,11.3,Medium,Amla,0.7209,1
1528.9,29.3,Loamy,6.8,9.4,Low,Pomegranate,0.6958,1
1862.6,20.5,Clay,70.4,10.6,Low,Jackfruit,0.7881,1
1512.1,34.9,Red,45.6,9.7,Medium,Jackfruit,0.8037,1
774.7,28.8,Red,47.0,7.0,Medium,Lemon,0.7732,1
799.7,28.9,Alluvial,79.5,10.8,High,Papaya,0.675,1
1813.5,30.0,Red,54.7,10.8,Medium,Papaya,0.8231,1
1653.1,18.5,Alluvial,67.8,8.9,Medium,Banana,0.6644,0
3933.7,20.6,Alluvial,30.7,7.3,High,Papaya,0.57,1
2806.6,18.9,Black,18.1,8.7,Low,Banana,0.5138,1
1045.7,30.9,Clay,63.7,9.2,Medium,Amla,0.8951,1
1260.2,19.3,Alluvial,45.5,10.7,Low,Lemon,0.7798,1
1803.2,22.6,Clay,92.8,9.4,Medium,Banana,0.7892,0
1934.4,32.8,Red,51.9,11.3,Low,Papaya,0.7759,1
2948.0,28.3,Loamy,46.7,5.2,High,Banana,0.7369,1
1195.1,32.4,Red,81.0,6.2,High,Jackfruit,0.7491,1
3387.9,33.2,Black,15.4,5.6,High,Guava,0.6071,0
1121.7,12.5,Black,27.9,11.9,Low,Amla,0.7828,0
2080.6,36.1,Red,21.2,6.3,High,Mango,0.7315,0
615.9,36.0,Alluvial,41.9,8.0,Medium,Guava,0.7911,1
1790.9,33.5,Sandy,51.3,7.6,Low,Lemon,0.7551,1
1870.4,24.9,Clay,58.4,10.5,High,Jackfruit,0.7846,1
1638.1,24.4,Loamy,79.3,5.0,Medium,Banana,0.7627,0
1608.6,35.3,Sandy,17.9,10.6,Medium,Amla,0.8473,1
2068.5,24.9,Red,70.1,11.2,Low,Guava,0.8204,1
1697.8,35.7,Loamy,82.8,8.0,Medium,Banana,0.7622,0
334.8,16.2,Clay,30.8,6.3,Medium,Amla,0.7543,1
983.8,16.1,Sandy,78.2,6.7,High,Sapota,0.7306,1
3065.5,27.3,Sandy,47.7,7.2,High,Guava,0.7282,0
1881.3,23.0,Red,70.4,9.2,Medium,Jackfruit,0.7688,1
355.2,17.0,Sandy,61.0,10.2,Low,Guava,0.6864,1
2247.0,24.4,Sandy,34.8,6.5,High,Papaya,0.7159,0
860.6,46.4,Sandy,25.2,7.1,Low,Guava,0.6365,0
1518.9,24.6,Alluvial,46.2,6.1,High,Amla,0.8295,1
539.2,36.6,Clay,33.8,7.3,Medium,Guava,0.8781,1
1402.8,27.0,Black,69.9,5.5,Medium,Sapota,0.7141,1
1001.5,36.1,Red,54.8,8.8,High,Pomegranate,0.8663,1
1604.6,38.5,Black,23.2,10.5,Low,Mango,0.781,1
216.0,23.1,Alluvial,7.9,8.2,Medium,Amla,0.7411,1
3171.1,43.8,Black,69.2,4.5,High,Sapota,0.4844,1
2209.4,23.0,Alluvial,42.2,5.8,Medium,Jackfruit,0.7176,0
1041.8,30.1,Clay,71.2,10.8,Medium,Coconut,0.743,1
1757.0,40.6,Sandy,93.3,6.5,Medium,Guava,0.7708,1
499.5,15.1,Sandy,38.2,7.8,Medium,Pomegranate,0.6864,1
891.3,24.8,Loamy,74.9,10.1,Medium,Coconut,0.7511,1
2128.3,23.2,Alluvial,79.6,11.1,Medium,Guava,0.7693,1
3030.1,15.2,Sandy,78.5,9.6,Low,Guava,0.5828,0
508.2,41.9,Alluvial,27.2,5.6,Medium,Sapota,0.6896,1
436.5,24.8,Sandy,80.7,3.3,Low,Pomegranate,0.7854,1
376.8,15.7,Alluvial,34.1,10.7,Medium,Amla,0.8163,1
400.5,29.5,Black,86.9,7.2,Medium,Pomegranate,0.6756,1
1153.3,22.8,Alluvial,73.5,8.9,Low,Coconut,0.7228,0
1169.2,18.6,Alluvial,21.6,10.5,Medium,Mango,0.6625,1
1940.8,35.2,Clay,26.9,5.2,High,Jackfruit,0.7124,1
2167.5,22.9,Alluvial,72.2,7.8,Low,Sapota,0.6836,1
864.8,30.7,Clay,36.2,8.1,High,Jackfruit,0.782,1
321.6,33.5,Black,36.3,7.4,Medium,Pomegranate,0.717,1
240.8,19.4,Sandy,66.9,7.9,Medium,Amla,0.7513,1
2855.5,13.5,Sandy,63.0,8.5,Low,Amla,0.5491,0
1289.3,28.0,Alluvial,50.5,7.7,Medium,Mango,0.721,1
2429.1,12.6,Alluvial,47.9,4.9,Low,Coconut,0.6079,0
2312.1,21.7,Red,36.3,11.5,Medium,Papaya,0.6262,1
3010.8,28.4,Alluvial,59.5,7.0,Medium,Banana,0.7537,1
2021.7,22.6,Alluvial,27.5,8.0,Medium,Mango,0.8591,0
407.9,30.7,Sandy,30.7,3.1,Medium,Jackfruit,0.5385,0
2087.3,12.1,Red,37.2,8.8,Medium,Papaya,0.5942,1
455.9,33.5,Loamy,24.2,11.1,Low,Lemon,0.6776,1
959.2,30.7,Sandy,30.3,4.2,High,Jackfruit,0.6669,1
4076.6,45.1,Alluvial,78.4,6.8,High,Lemon,0.3893,1
1874.4,25.5,Loamy,53.8,8.8,Low,Mango,0.7598,0
890.6,11.2,Clay,45.9,3.9,Low,Papaya,0.559,1
871.7,22.5,Loamy,63.1,10.2,High,Jackfruit,0.7348,0
1556.8,16.6,Alluvial,45.0,9.1,Low,Sapota,0.7939,1
1145.8,24.6,Red,78.1,10.0,Medium,Coconut,0.7962,1
1709.7,22.3,Red,67.8,6.6,High,Mango,0.7901,1
1475.3,18.1,Clay,58.8,7.9,Low,Banana,0.732,0
1750.5,16.5,Red,62.3,8.9,High,Jackfruit,0.6795,1
1343.5,35.6,Loamy,49.5,5.8,Medium,Jackfruit,0.8385,1
2728.8,22.3,Sandy,65.9,11.2,Medium,Coconut,0.7873,1
945.6,39.1,Loamy,41.0,11.2,High,Sapota,0.7973,1
1982.3,38.3,Clay,52.8,10.8,Low,Banana,0.6976,0
276.8,37.2,Clay,85.3,9.9,Low,Pomegranate,0.6005,0
486.1,17.2,Sandy,52.4,10.0,Medium,Sapota,0.6654,1
216.2,16.1,Black,69.0,6.6,High,Pomegranate,0.609,0
1209.7,26.0,Loamy,78.8,8.1,Medium,Papaya,0.7539,1
687.4,20.5,Loamy,51.7,10.2,Low,Guava,0.8259,0
1981.3,12.3,Red,76.8,3.3,Medium,Guava,0.6174,0
710.9,17.3,Sandy,29.4,8.8,Medium,Sapota,0.7769,1
1496.5,43.1,Loamy,41.6,10.3,Medium,Amla,0.8413,1
387.2,40.7,Black,49.0,10.6,High,Amla,0.8283,0
2260.8,16.8,Sandy,94.4,5.9,High,Jackfruit,0.5086,0
1589.1,34.2,Sandy,94.1,8.1,Low,Coconut,0.8108,1
622.5,26.2,Sandy,28.9,9.3,Medium,Amla,0.8241,1
1874.3,19.8,Sandy,40.0,8.1,Low,Sapota,0.7794,1
1669.2,21.2,Black,76.9,7.1,High,Sapota,0.814,1
1467.8,29.2,Alluvial,73.8,6.8,Medium,Guava,0.8054,1
1401.5,20.3,Alluvial,57.6,10.7,Medium,Papaya,0.7521,1
1219.8,22.0,Loamy,83.2,7.6,Medium,Banana,0.7559,1
3273.7,18.4,Loamy,25.4,9.2,Low,Amla,0.7273,0
1656.2,36.0,Red,44.6,7.8,Medium,Banana,0.7644,1
462.4,40.5,Loamy,40.5,8.2,Medium,Pomegranate,0.8159,1
1355.7,33.6,Loamy,38.8,11.5,Low,Pomegranate,0.7334,1
1650.4,20.2,Alluvial,54.3,6.7,Medium,Lemon,0.7135,0
910.1,39.5,Sandy,52.0,7.6,Medium,Sapota,0.8308,1
938.6,40.7,Black,6.6,11.3,Low,Coconut,0.6157,1
731.2,30.9,Sandy,48.3,9.6,Medium,Pomegranate,0.7129,0
3423.7,22.6,Clay,57.2,9.5,High,Sapota,0.5972,0
2495.6,16.2,Alluvial,31.9,7.8,High,Jackfruit,0.7427,0
739.5,40.3,Sandy,89.7,6.4,Low,Sapota,0.7576,1
696.8,38.6,Loamy,67.0,5.9,Medium,Mango,0.6652,0
828.1,18.6,Alluvial,60.0,9.7,Low,Lemon,0.7781,1
1483.2,19.5,Loamy,57.2,10.7,Low,Lemon,0.8638,1
1375.1,27.6,Sandy,37.8,7.9,Medium,Sapota,0.7398,1
925.9,23.3,Loamy,46.5,6.6,High,Pomegranate,0.8364,1
2632.7,20.2,Clay,92.8,10.4,High,Banana,0.7313,1
1825.5,35.4,Alluvial,46.4,5.1,Medium,Pomegranate,0.6671,0
2874.9,35.9,Alluvial,63.1,4.4,Medium,Coconut,0.7794,0
1122.3,41.6,Red,15.8,3.4,Low,Mango,0.627,1
1068.6,18.7,Loamy,65.1,6.6,Medium,Lemon,0.7841,1
848.0,16.5,Red,58.5,10.3,High,Pomegranate,0.7228,1
868.8,39.0,Red,62.5,8.6,High,Guava,0.7732,0
2071.3,38.3,Loamy,30.0,6.7,Medium,Guava,0.8307,0
906.0,30.9,Alluvial,8.2,11.5,High,Amla,0.8046,1
1574.2,28.5,Alluvial,8.2,8.8,Medium,Amla,0.7981,0
970.3,19.1,Sandy,45.0,7.4,High,Sapota,0.8051,0
2033.3,21.2,Red,21.1,5.8,High,Papaya,0.7429,1
1369.6,21.5,Sandy,21.3,8.5,Medium,Lemon,0.7081,1
1601.9,24.4,Alluvial,46.7,9.5,High,Banana,0.7888,1
1482.7,32.7,Red,72.1,8.1,Medium,Amla,0.9,1
632.8,20.7,Sandy,70.6,9.1,Medium,Pomegranate,0.7317,0
1663.5,20.0,Alluvial,33.2,8.0,High,Amla,0.8316,1
3413.8,24.8,Black,15.3,3.0,Medium,Lemon,0.5794,1
1196.6,21.4,Clay,52.5,5.0,Medium,Banana,0.7794,1
1823.6,32.0,Red,81.6,9.7,Medium,Lemon,0.6643,0
1485.1,42.8,Clay,43.7,9.8,Medium,Amla,0.7763,0
2586.1,11.5,Loamy,50.4,5.1,High,Papaya,0.4611,0
929.8,22.4,Black,22.5,8.7,High,Pomegranate,0.7804,1
1706.7,10.2,Black,66.3,6.7,Medium,Banana,0.5579,0
2213.6,23.0,Alluvial,35.7,6.3,Medium,Mango,0.7849,1
2106.3,18.8,Clay,41.0,10.8,High,Guava,0.8096,1
289.3,11.1,Clay,58.5,11.6,Medium,Papaya,0.4143,0
972.6,40.7,Loamy,66.3,6.0,High,Papaya,0.6023,0
2416.9,28.6,Sandy,55.2,6.4,Medium,Coconut,0.852,1
1609.1,46.4,Red,33.1,9.6,Low,Pomegranate,0.5196,1
2158.1,39.2,Loamy,42.4,8.3,Medium,Mango,0.6958,1
663.6,25.9,Red,27.8,5.1,High,Guava,0.8601,1
1349.0,25.0,Alluvial,24.6,8.0,Medium,Lemon,0.7204,1
2991.5,23.6,Clay,84.9,9.4,Medium,Jackfruit,0.6382,1
1945.9,28.9,Black,60.8,9.0,Medium,Mango,0.7622,0
3198.2,36.6,Clay,32.6,3.5,Low,Mango,0.471,0
1997.3,26.9,Loamy,76.5,9.9,Low,Mango,0.7799,1
4177.4,34.4,Sandy,46.7,3.1,High,Amla,0.6633,0
3866.4,21.0,Loamy,6.2,7.0,High,Papaya,0.505,0
695.3,23.8,Clay,62.7,10.7,Low,Guava,0.7984,1
1353.0,36.6,Loamy,23.1,7.6,Medium,Sapota,0.7862,1
1886.0,10.2,Black,66.5,10.3,High,Coconut,0.5821,0
1165.6,41.7,Black,47.3,5.9,High,Coconut,0.6041,0
2028.8,25.4,Loamy,86.8,10.2,Medium,Coconut,0.8049,0
2860.7,27.2,Loamy,94.4,5.6,Low,Banana,0.6791,1
2006.2,21.4,Clay,35.4,8.2,Low,Pomegranate,0.4532,0
872.6,29.1,Sandy,71.6,7.3,Low,Sapota,0.7564,0
2601.0,36.6,Clay,21.2,8.0,High,Sapota,0.5954,1
3584.8,41.1,Sandy,24.9,7.4,Medium,Papaya,0.531,1
888.2,14.7,Red,75.3,6.7,Medium,Amla,0.7864,1
928.2,34.7,Loamy,81.4,11.2,Low,Sapota,0.7413,1
788.8,18.6,Alluvial,51.9,10.2,Medium,Pomegranate,0.8166,0
4015.9,45.3,Sandy,33.0,5.4,Low,Lemon,0.4543,0
929.2,31.2,Sandy,77.6,11.2,Medium,Sapota,0.7135,0
911.1,20.7,Black,74.9,7.0,Low,Sapota,0.8103,1
1808.6,23.5,Loamy,37.3,6.7,Medium,Banana,0.8246,1
1770.6,29.9,Clay,79.6,9.7,Low,Guava,0.8052,1
3837.0,24.1,Alluvial,72.6,11.1,Low,Mango,0.5569,0
1070.7,33.8,Red,75.0,10.5,Medium,Pomegranate,0.6948,0
405.7,31.6,Sandy,42.6,6.6,Low,Pomegranate,0.823,1
1161.8,32.8,Red,56.9,8.5,Medium,Pomegranate,0.8408,1
2962.4,14.2,Black,49.0,9.3,Low,Coconut,0.5311,1
425.0,33.9,Alluvial,69.2,6.9,Low,Amla,0.8477,1
1872.4,40.2,Red,22.1,5.6,Medium,Papaya,0.6832,1
877.1,16.0,Red,68.6,9.9,High,Amla,0.7834,1
378.7,26.7,Red,26.9,7.3,Medium,Lemon,0.684,1
351.3,33.3,Alluvial,51.9,7.3,Low,Lemon,0.6192,0
3990.7,13.1,Alluvial,85.8,7.2,Medium,Pomegranate,0.4024,0
1753.5,33.0,Loamy,44.6,5.1,Low,Sapota,0.749,0
1221.3,41.9,Loamy,51.2,8.4,Medium,Mango,0.5782,0
1764.3,24.0,Red,42.6,9.6,High,Coconut,0.8199,1
1749.3,33.1,Black,47.1,6.4,Low,Mango,0.6989,1
2238.7,22.3,Black,34.1,5.9,High,Banana,0.6785,0
489.6,34.9,Sandy,66.4,11.2,Low,Guava,0.9258,1
2716.3,24.7,Alluvial,66.8,5.4,High,Jackfruit,0.7926,1
1806.6,41.9,Loamy,70.4,8.8,High,Sapota,0.7939,1
2296.9,20.7,Clay,60.6,9.0,Low,Jackfruit,0.8329,1
1446.4,37.0,Loamy,27.9,11.1,High,Lemon,0.8848,1
1759.0,11.7,Alluvial,79.3,5.7,High,Pomegranate,0.4019,0
1817.5,27.2,Alluvial,75.5,8.8,Low,Pomegranate,0.7033,1
689.4,17.6,Black,22.4,10.9,Medium,Pomegranate,0.7352,1
370.9,34.9,Sandy,54.6,9.4,Medium,Lemon,0.755,0
906.9,33.6,Sandy,82.4,9.1,Low,Lemon,0.7491,1
964.6,28.0,Loamy,36.3,7.4,Medium,Mango,0.6799,0
1161.5,24.0,Alluvial,59.3,9.0,Medium,Pomegranate,0.8772,1
476.5,25.1,Sandy,38.8,8.5,Low,Guava,0.8494,1
1548.8,40.5,Clay,78.3,5.1,Low,Coconut,0.6304,0
705.6,34.7,Sandy,42.5,10.8,Medium,Pomegranate,0.8071,1
525.6,23.7,Sandy,17.0,5.5,High,Coconut,0.6812,1
704.3,18.1,Sandy,34.4,8.6,High,Papaya,0.6898,0
2624.1,41.0,Red,40.7,9.7,High,Lemon,0.4583,1
1201.0,29.0,Alluvial,88.3,7.6,High,Sapota,0.7882,1
2254.0,36.1,Loamy,49.2,8.8,High,Coconut,0.8402,1
2342.7,18.9,Alluvial,49.8,9.3,Medium,Papaya,0.5867,0
2116.5,38.1,Red,84.9,9.6,Medium,Banana,0.7721,1
1615.0,27.7,Loamy,56.6,9.0,High,Banana,0.7243,1
2360.6,21.3,Alluvial,39.0,8.4,High,Papaya,0.6241,1
1013.2,19.3,Red,44.6,7.0,High,Banana,0.7085,1
1360.2,16.5,Black,16.5,7.4,High,Pomegranate,0.6252,1
1274.8,19.6,Black,73.4,7.7,High,Mango,0.7704,1
3208.7,32.2,Alluvial,87.1,11.7,Low,Pomegranate,0.5123,0
1476.0,25.8,Loamy,25.4,6.7,High,Papaya,0.7261,1
1768.6,33.2,Loamy,60.8,10.5,Medium,Guava,0.8269,1
732.4,25.8,Alluvial,22.2,4.4,Low,Sapota,0.7827,1
1182.6,24.8,Loamy,34.3,11.1,Medium,Lemon,0.8109,1
3721.4,29.0,Red,21.8,4.1,Medium,Banana,0.5115,0
2389.2,39.7,Sandy,60.7,11.2,Low,Papaya,0.6969,1
3118.8,38.9,Clay,33.8,7.2,High,Coconut,0.4913,0
1786.2,37.5,Alluvial,36.6,5.8,Medium,Papaya,0.743,0
1700.5,18.9,Alluvial,20.9,7.0,Medium,Amla,0.8794,1
3552.3,16.8,Loamy,58.3,7.0,Medium,Lemon,0.6101,1
2396.8,20.5,Sandy,62.9,6.6,High,Coconut,0.7182,1
334.7,36.9,Clay,29.6,5.3,High,Guava,0.7105,1
1909.6,34.5,Loamy,46.2,11.2,High,Sapota,0.7842,1
3142.5,29.1,Red,38.3,9.3,Low,Sapota,0.6522,0
4038.3,22.2,Clay,93.2,11.0,High,Pomegranate,0.4405,0
2361.1,34.9,Alluvial,40.6,6.4,Medium,Jackfruit,0.7462,1
825.8,36.0,Alluvial,50.4,8.5,Medium,Pomegranate,0.8009,1
768.6,34.2,Red,67.0,6.0,Low,Lemon,0.8118,1
2799.9,26.9,Black,10.6,8.7,High,Pomegranate,0.5459,1
2032.7,30.4,Clay,83.4,11.0,Medium,Jackfruit,0.8321,0
864.4,26.7,Loamy,49.9,11.0,High,Amla,0.8358,1
623.0,30.0,Black,16.1,10.5,Medium,Pomegranate,0.756,1
830.7,18.9,Alluvial,23.1,7.9,Medium,Sapota,0.8099,1
1866.4,31.1,Loamy,47.0,7.7,High,Coconut,0.7908,1
495.3,17.4,Black,39.1,8.7,Low,Sapota,0.6132,0
1985.0,24.4,Sandy,56.0,8.4,Low,Coconut,0.7765,1
896.9,24.4,Sandy,34.7,9.4,Medium,Pomegranate,0.8582,1
431.1,39.2,Clay,81.5,6.7,Medium,Guava,0.7562,1
1849.7,12.5,Alluvial,57.7,4.2,High,Banana,0.5229,0
3781.8,45.6,Loamy,49.2,4.0,Medium,Banana,0.3569,0
2816.6,21.6,Loamy,63.6,8.8,Medium,Coconut,0.7218,1
647.1,37.5,Loamy,23.6,9.7,High,Pomegranate,0.8467,1
4024.5,12.6,Loamy,51.5,4.6,Medium,Sapota,0.4331,0
1129.8,24.8,Sandy,29.8,7.6,High,Papaya,0.749,1
2116.4,34.5,Black,29.9,6.2,Medium,Lemon,0.6736,1
2234.0,26.9,Loamy,48.1,5.3,Medium,Jackfruit,0.71,1
1188.8,28.9,Clay,34.1,4.7,High,Jackfruit,0.7995,0
2068.9,20.6,Black,25.4,5.5,Low,Mango,0.7568,1
1846.8,26.8,Loamy,58.8,5.9,Low,Sapota,0.807,1
1197.0,21.3,Loamy,28.9,8.4,Medium,Coconut,0.6392,1
2467.7,22.1,Alluvial,27.4,8.9,High,Mango,0.7273,1
857.7,24.2,Red,55.2,6.8,Medium,Sapota,0.8452,1
3513.2,39.0,Black,48.1,6.8,Low,Jackfruit,0.4774,0
1270.5,21.1,Red,46.8,10.3,Medium,Mango,0.6994,1
1419.3,27.8,Sandy,88.7,7.7,Low,Sapota,0.8027,0
468.5,22.7,Sandy,75.9,10.5,Medium,Lemon,0.7195,0
245.8,20.3,Loamy,13.3,12.0,Low,Banana,0.4438,0
921.0,27.1,Alluvial,23.5,7.6,High,Sapota,0.773,1
1275.4,40.4,Loamy,39.7,7.7,Medium,Sapota,0.75,1
360.0,28.9,Clay,82.6,7.1,Low,Papaya,0.4453,1
2527.1,19.4,Loamy,7.2,7.1,High,Coconut,0.6427,1
755.2,29.4,Loamy,77.9,10.0,Medium,Papaya,0.7598,0
1456.0,23.2,Loamy,34.2,7.9,Low,Lemon,0.7747,1
2687.7,33.1,Clay,81.5,7.9,Medium,Mango,0.6065,1
422.5,18.6,Sandy,17.3,7.1,Low,Amla,0.915,1
1927.7,29.2,Red,18.5,11.3,Low,Guava,0.7993,1
1119.3,13.9,Alluvial,38.9,6.6,Medium,Papaya,0.6081,1
1000.1,41.6,Red,14.3,9.8,Low,Pomegranate,0.735,1
1870.2,46.2,Red,9.4,3.1,High,Lemon,0.5596,0
2097.5,37.2,Sandy,55.1,6.3,Medium,Coconut,0.8345,1
1426.1,36.4,Sandy,58.6,10.8,Medium,Papaya,0.7327,1
2100.5,27.1,Sandy,17.3,8.1,Medium,Amla,0.7482,1
1225.2,18.2,Clay,71.0,10.5,Medium,Amla,0.8534,1
540.4,23.2,Sandy,14.5,7.6,Low,Pomegranate,0.7665,0
337.1,17.4,Alluvial,41.1,10.4,High,Pomegranate,0.7578,1
1579.5,16.4,Loamy,71.7,6.7,High,Guava,0.8002,1
1401.1,10.9,Sandy,85.5,11.8,Medium,Papaya,0.5151,1
2555.0,26.5,Clay,34.1,11.1,High,Sapota,0.6263,0
935.4,18.5,Alluvial,69.4,8.3,Low,Amla,0.7636,1
1459.2,31.0,Sandy,80.9,9.1,Medium,Guava,0.8328,1
482.4,38.3,Sandy,50.1,10.7,High,Lemon,0.6657,1
2566.1,27.5,Loamy,66.5,7.2,Medium,Mango,0.7142,1
2564.1,36.9,Alluvial,70.3,10.0,Medium,Mango,0.706,1
1768.3,35.4,Alluvial,59.1,6.1,Medium,Amla,0.8386,0
517.5,31.4,Sandy,69.3,8.6,Medium,Amla,0.8713,1
1357.5,37.6,Alluvial,75.0,11.4,High,Sapota,0.8954,1
2166.6,17.4,Clay,51.6,10.0,Medium,Guava,0.7075,1
1404.6,15.7,Alluvial,57.5,6.4,High,Amla,0.8081,1
2609.7,25.1,Sandy,64.5,8.2,Medium,Coconut,0.7562,1
3872.0,26.0,Black,24.9,4.1,High,Amla,0.6384,1
715.7,33.8,Loamy,35.2,7.9,Low,Pomegranate,0.828,1
1638.0,28.7,Alluvial,76.4,9.4,Medium,Coconut,0.8315,1
1189.9,25.4,Alluvial,68.3,10.1,Medium,Coconut,0.8082,0
1176.5,31.1,Alluvial,56.9,6.9,Low,Lemon,0.8556,1
1830.4,35.8,Clay,47.0,8.5,High,Jackfruit,0.8101,1
441.8,24.4,Clay,31.9,9.7,Low,Guava,0.7687,1
1671.2,27.4,Alluvial,36.4,7.7,Medium,Sapota,0.7748,1
1885.3,32.6,Alluvial,61.8,6.0,Medium,Mango,0.7575,1
1133.0,21.0,Sandy,53.4,7.7,Low,Papaya,0.708,1
886.1,23.7,Red,21.8,10.3,Low,Lemon,0.8101,0
1685.1,25.1,Red,26.8,7.9,Medium,Lemon,0.7857,1
416.7,21.8,Red,78.6,4.4,Medium,Jackfruit,0.6373,1
2581.2,36.3,Alluvial,67.8,7.8,High,Banana,0.7722,1
699.1,38.7,Black,60.5,7.5,Medium,Mango,0.7619,1
1819.6,24.6,Black,31.8,10.2,Low,Sapota,0.7613,0
1305.6,38.8,Clay,20.5,8.9,Medium,Guava,0.7693,1
1939.9,36.6,Sandy,67.8,10.1,Medium,Papaya,0.649,0
2876.8,41.5,Clay,84.1,8.1,High,Mango,0.4675,1
1026.1,40.9,Sandy,71.8,8.4,Medium,Pomegranate,0.6912,1
202.5,28.2,Loamy,6.8,6.2,Medium,Papaya,0.5301,0
1322.7,43.1,Clay,85.7,8.9,High,Banana,0.626,1
1006.8,18.5,Sandy,76.2,6.8,Low,Lemon,0.7834,0
641.7,34.1,Red,65.5,9.1,Medium,Guava,0.8592,1
418.0,32.8,Sandy,68.5,8.5,Medium,Amla,0.8097,1
1589.1,25.0,Alluvial,60.9,6.2,Low,Mango,0.7199,1
1527.3,37.8,Alluvial,40.3,5.5,High,Banana,0.7068,1
1875.0,17.3,Red,67.3,6.0,Medium,Sapota,0.788,1
1171.5,19.7,Sandy,63.0,7.6,Medium,Lemon,0.7306,1
1175.8,41.2,Red,72.7,8.0,High,Pomegranate,0.585,1
934.2,26.1,Sandy,23.3,11.2,High,Papaya,0.7095,0
1075.5,33.9,Red,42.4,6.7,High,Lemon,0.7431,1
575.2,30.0,Black,53.9,9.7,Medium,Pomegranate,0.8634,1
1006.4,16.3,Sandy,62.4,9.2,Medium,Pomegranate,0.7768,1
2737.5,22.5,Loamy,25.2,7.0,Medium,Coconut,0.7144,1
1138.9,24.6,Loamy,53.9,8.9,Medium,Papaya,0.7141,1
1226.8,25.7,Sandy,71.1,5.6,High,Papaya,0.6819,1
1118.8,21.7,Red,10.0,6.3,High,Amla,0.8622,1
2587.8,23.6,Black,23.5,6.6,Medium,Mango,0.7023,1
496.4,35.7,Loamy,21.5,6.6,Medium,Lemon,0.7858,0
2759.8,25.8,Loamy,39.3,9.3,High,Banana,0.7195,1
1856.3,30.2,Alluvial,50.2,10.6,Medium,Coconut,0.8951,0
1265.8,33.4,Black,48.3,7.2,Low,Pomegranate,0.6636,0
1399.1,23.6,Clay,60.6,9.2,Medium,Jackfruit,0.8129,1
815.9,23.1,Loamy,47.4,8.5,Low,Coconut,0.7711,1
821.4,32.9,Red,77.3,11.3,High,Mango,0.7573,0
1563.1,17.1,Sandy,35.9,8.9,Medium,Lemon,0.7383,1
767.6,23.1,Sandy,12.1,9.1,Medium,Amla,0.9523,1
308.8,35.1,Clay,13.1,11.0,High,Jackfruit,0.5238,0
1001.4,30.9,Sandy,67.6,5.6,Medium,Papaya,0.6686,1
1333.7,17.0,Red,12.9,6.8,Low,Amla,0.7736,0
552.0,35.9,Black,29.9,9.5,High,Amla,0.8688,1
1062.5,16.7,Sandy,67.1,10.2,Low,Guava,0.8134,1
1195.0,17.4,Red,55.0,8.7,High,Pomegranate,0.7195,1
3810.9,16.3,Red,24.5,11.9,Medium,Amla,0.6789,1
1386.1,20.2,Clay,42.1,8.4,Medium,Jackfruit,0.6901,0
2274.0,23.8,Alluvial,50.5,7.0,Medium,Banana,0.7705,0
2194.6,30.8,Alluvial,69.6,5.0,Medium,Banana,0.715,1
1409.6,26.1,Alluvial,31.8,9.2,Medium,Lemon,0.8025,1
2400.6,37.5,Red,37.1,4.7,Medium,Jackfruit,0.7981,0
3643.1,33.5,Loamy,72.0,6.2,Low,Banana,0.5849,0
1653.9,43.3,Alluvial,61.6,10.2,Medium,Amla,0.7912,1
723.4,19.5,Loamy,31.6,8.0,High,Papaya,0.699,1
327.1,34.8,Loamy,49.6,11.4,High,Banana,0.5383,0
1067.8,12.3,Red,19.0,7.0,Medium,Guava,0.6368,0
228.0,18.3,Sandy,72.8,9.2,High,Pomegranate,0.6087,1
1893.9,31.2,Alluvial,30.0,9.1,Low,Jackfruit,0.8116,1
652.1,41.8,Loamy,74.1,6.7,Low,Papaya,0.6166,0
1829.5,16.3,Alluvial,41.1,7.2,High,Amla,0.7353,1
1175.1,30.4,Loamy,45.6,7.1,Low,Amla,0.89,1
2477.3,31.6,Red,53.1,9.5,High,Coconut,0.84,1
2207.3,33.1,Black,65.6,10.4,Low,Papaya,0.6975,1
419.4,37.7,Loamy,55.9,11.0,Low,Guava,0.8206,1
279.3,20.1,Black,41.5,6.9,Medium,Pomegranate,0.8111,0
1177.3,26.9,Red,30.0,9.0,Low,Amla,0.9458,1
573.9,38.4,Alluvial,89.2,7.8,High,Guava,0.7284,1
843.0,41.1,Black,79.9,7.6,Low,Mango,0.6851,1
2187.7,29.6,Loamy,38.9,10.9,Medium,Papaya,0.6652,1
2477.5,37.1,Black,31.8,9.8,Low,Mango,0.7382,1
1544.6,21.5,Alluvial,59.8,8.9,Low,Mango,0.8086,1
981.5,31.6,Alluvial,22.2,7.9,High,Lemon,0.8059,1
2027.6,25.6,Loamy,55.0,5.2,Low,Guava,0.7191,1
342.5,17.2,Clay,34.8,5.4,High,Guava,0.7244,1
1799.7,33.5,Loamy,74.8,7.4,High,Mango,0.7102,1
2877.7,12.5,Sandy,88.4,4.3,Medium,Sapota,0.4441,0
3371.4,12.5,Clay,84.4,6.4,Low,Pomegranate,0.333,1
2701.9,18.6,Clay,81.9,8.1,Low,Banana,0.7269,1
1566.7,24.0,Alluvial,27.7,10.3,Medium,Sapota,0.8623,1
1223.5,39.8,Red,47.6,10.8,Low,Jackfruit,0.7424,1
2645.4,23.3,Clay,49.0,10.1,Medium,Jackfruit,0.7897,0
2520.6,26.4,Alluvial,56.3,10.5,High,Jackfruit,0.8413,1
3245.6,22.5,Red,39.2,5.2,Low,Pomegranate,0.5259,1
2325.0,33.6,Alluvial,52.6,11.3,Medium,Jackfruit,0.7863,1
1448.4,20.7,Loamy,83.7,9.2,Medium,Coconut,0.7267,1
985.7,38.2,Clay,76.6,8.0,Low,Amla,0.8429,0
823.2,43.5,Red,56.2,9.7,Medium,Papaya,0.6395,0
2800.3,33.3,Loamy,34.3,8.9,Low,Coconut,0.7574,1
2782.9,31.6,Loamy,73.0,10.5,Medium,Coconut,0.7674,1
4091.8,16.3,Sandy,5.7,4.1,High,Amla,0.5651,0
2537.7,29.5,Clay,65.0,8.9,Medium,Jackfruit,0.76,1
849.7,26.4,Loamy,89.2,7.4,Medium,Coconut,0.7433,0
1362.6,22.0,Red,55.3,5.9,High,Sapota,0.881,1
1726.8,25.3,Sandy,61.2,6.6,High,Papaya,0.7088,1
964.2,37.6,Red,78.4,5.2,High,Banana,0.6871,0
388.3,41.7,Sandy,11.7,8.1,Low,Pomegranate,0.6702,1
1718.1,38.3,Red,83.1,5.4,Medium,Guava,0.8368,0
1323.6,31.4,Red,78.5,5.5,High,Banana,0.7579,1
400.7,22.0,Red,66.4,7.0,Medium,Lemon,0.7044,1
2845.0,39.6,Red,51.9,10.1,Low,Banana,0.742,1
1963.9,25.1,Alluvial,87.6,11.3,Medium,Sapota,0.782,1
2054.6,23.1,Clay,60.1,9.4,Medium,Jackfruit,0.7585,1
956.6,19.6,Alluvial,62.7,11.2,Low,Guava,0.7989,1
2414.3,33.6,Red,29.5,9.5,Low,Coconut,0.8528,1
1232.8,17.4,Loamy,51.7,7.0,High,Lemon,0.8108,0
2802.9,16.7,Alluvial,75.2,10.6,High,Jackfruit,0.6889,1
1688.3,31.5,Black,25.8,9.9,Medium,Sapota,0.8285,1
1659.7,26.4,Alluvial,53.5,10.0,High,Jackfruit,0.7346,1
1532.4,16.2,Black,22.7,9.5,Medium,Amla,0.7933,1
4029.9,17.0,Black,86.9,10.7,High,Sapota,0.5526,0
1174.7,40.0,Loamy,33.1,6.6,Low,Jackfruit,0.679,1
1920.6,31.5,Sandy,57.7,6.9,High,Sapota,0.8895,1
2257.0,37.2,Sandy,43.3,6.7,Low,Papaya,0.7145,1
2626.2,18.5,Loamy,6.1,9.5,Low,Pomegranate,0.5355,0
844.4,39.3,Clay,56.9,7.4,Low,Guava,0.7746,1
908.3,31.3,Loamy,84.3,9.2,Medium,Jackfruit,0.7976,1
2813.8,28.2,Alluvial,61.1,9.4,Low,Banana,0.7215,1
670.1,37.1,Alluvial,20.3,6.4,Medium,Amla,0.8526,0
1196.9,39.8,Sandy,57.0,8.7,Low,Amla,0.8131,1
577.4,30.7,Black,57.4,11.3,High,Pomegranate,0.8639,0
2162.9,32.4,Loamy,66.2,7.3,Medium,Mango,0.8138,1
1550.8,27.9,Alluvial,78.9,9.1,Medium,Papaya,0.7169,0
1994.1,23.8,Black,94.5,8.1,Low,Guava,0.6754,1
1165.3,23.9,Alluvial,56.4,7.0,Medium,Pomegranate,0.7543,1
1714.0,30.6,Loamy,58.1,6.6,Medium,Banana,0.7977,1
1687.3,28.2,Red,53.5,6.5,Low,Mango,0.8068,0
913.1,35.6,Black,63.8,4.0,Low,Lemon,0.7344,1
993.8,38.4,Black,55.1,10.4,Medium,Pomegranate,0.7607,0
3617.4,41.8,Sandy,51.2,7.2,Medium,Papaya,0.5325,1
1117.0,33.2,Red,49.9,10.2,Medium,Pomegranate,0.7455,1
1485.9,20.4,Red,55.8,10.3,Medium,Lemon,0.8447,1
3933.2,18.5,Black,54.8,4.2,Medium,Coconut,0.4109,1
1125.7,33.7,Alluvial,42.6,9.9,Low,Jackfruit,0.7756,1
2255.1,39.8,Sandy,22.9,7.2,Low,Papaya,0.6443,1
2579.4,35.6,Alluvial,69.5,11.2,Low,Lemon,0.6025,0
1269.6,29.1,Loamy,58.5,9.9,Low,Jackfruit,0.8095,1
724.5,22.9,Sandy,70.1,9.1,Medium,Coconut,0.7252,1
440.6,33.4,Black,62.2,10.3,Medium,Pomegranate,0.7889,1
833.0,16.7,Sandy,24.8,9.1,Medium,Amla,0.8354,1
527.1,39.9,Alluvial,23.4,7.7,Medium,Papaya,0.5267,1
1173.9,36.8,Loamy,23.7,9.4,Medium,Papaya,0.7329,1
1448.9,32.9,Loamy,28.3,9.9,High,Lemon,0.7883,1
2848.5,29.5,Clay,70.3,5.9,High,Guava,0.5759,1
3655.6,34.7,Black,82.1,4.0,Low,Mango,0.4942,0
718.5,41.2,Sandy,75.2,7.0,Medium,Amla,0.8621,1
2540.0,47.9,Red,46.0,9.7,Low,Mango,0.5511,1
2642.1,27.0,Sandy,48.2,6.1,Medium,Coconut,0.833,0
1033.4,30.9,Loamy,46.2,11.0,Low,Lemon,0.801,1
216.3,22.9,Black,92.2,9.1,High,Papaya,0.3649,0
1088.4,22.1,Red,10.4,11.2,Medium,Amla,0.8802,1
1390.7,23.1,Black,31.9,7.5,Medium,Pomegranate,0.7412,0
1349.5,32.9,Alluvial,60.7,7.3,Medium,Coconut,0.8373,0
797.2,23.2,Red,56.8,11.2,Low,Lemon,0.8575,1
575.2,25.7,Red,57.3,8.7,Medium,Amla,0.8399,1
2797.5,16.0,Black,55.2,10.9,Medium,Papaya,0.4921,1
3757.1,34.6,Sandy,34.2,10.4,Low,Lemon,0.6139,0
1256.7,44.0,Loamy,52.0,7.8,Medium,Amla,0.8157,0
1062.7,26.7,Alluvial,34.7,11.2,Medium,Papaya,0.7325,0
1839.1,25.8,Red,41.2,8.3,Low,Banana,0.6807,0
2315.6,28.4,Black,82.8,8.2,Medium,Mango,0.7401,0
808.0,16.4,Sandy,29.7,7.9,Medium,Sapota,0.7303,1
1499.9,18.5,Alluvial,43.5,7.6,Low,Banana,0.7226,1
3589.8,32.7,Alluvial,88.5,10.0,High,Coconut,0.5869,0
924.1,26.5,Alluvial,69.5,9.9,Medium,Coconut,0.7651,1
3391.6,32.2,Sandy,46.5,11.1,Medium,Lemon,0.6194,0
748.5,14.4,Black,20.6,7.0,Low,Amla,0.8023,0
2343.7,28.6,Clay,41.2,4.4,High,Mango,0.659,1
1223.8,19.7,Loamy,55.3,9.2,Medium,Pomegranate,0.7493,1
1255.1,16.9,Alluvial,79.4,6.3,Medium,Amla,0.8733,1
845.6,31.3,Sandy,55.3,7.1,Low,Coconut,0.7389,1
682.9,35.4,Clay,19.0,5.5,Medium,Guava,0.7979,1
316.7,32.4,Sandy,49.4,7.9,Low,Amla,0.8229,1
2770.7,32.1,Black,49.6,6.5,Medium,Jackfruit,0.7391,0
1105.9,41.6,Red,66.8,10.5,Low,Papaya,0.5933,0
3417.9,33.5,Sandy,57.2,11.2,Low,Papaya,0.5399,0
1086.5,34.8,Clay,58.5,9.5,Medium,Banana,0.7956,1
854.3,34.2,Black,77.9,5.1,High,Sapota,0.7657,1
916.9,26.0,Sandy,27.7,9.7,Low,Papaya,0.735,0
1149.1,30.1,Sandy,45.6,6.3,Medium,Coconut,0.7016,1
3070.0,36.3,Alluvial,75.8,10.9,Low,Banana,0.6995,0
1877.1,46.8,Loamy,28.4,7.7,High,Lemon,0.5529,1
426.2,20.7,Loamy,43.1,9.1,Low,Pomegranate,0.8283,1
1830.2,31.5,Alluvial,45.3,6.6,Low,Sapota,0.8417,1
1678.2,37.9,Loamy,45.9,11.1,Medium,Guava,0.7626,1
934.7,29.2,Sandy,54.3,11.3,Low,Papaya,0.7396,1
1866.0,32.9,Loamy,38.4,7.3,High,Papaya,0.7333,1
1542.0,23.8,Sandy,50.6,6.2,High,Guava,0.8437,1
2918.8,22.4,Sandy,52.9,7.2,Medium,Coconut,0.718,1
2523.4,23.2,Red,66.4,7.7,High,Mango,0.6772,0
1460.6,35.9,Alluvial,41.4,7.9,High,Banana,0.7531,0
3198.9,18.7,Loamy,62.9,11.3,Low,Banana,0.6719,0
1971.8,31.3,Alluvial,40.6,10.7,High,Banana,0.7279,1
4194.7,29.0,Black,89.2,6.1,Medium,Papaya,0.3085,0
1568.6,21.5,Loamy,47.8,7.3,Medium,Jackfruit,0.7745,1
979.5,30.7,Alluvial,30.4,7.5,Medium,Amla,0.8912,1
895.6,21.6,Sandy,59.1,5.6,Medium,Pomegranate,0.8475,0
414.8,14.0,Loamy,20.6,9.2,Low,Mango,0.5848,1
1780.4,32.9,Red,41.8,6.9,Medium,Lemon,0.6885,1
566.2,36.2,Loamy,52.2,11.0,Low,Lemon,0.7922,1
565.1,27.0,Alluvial,35.1,7.1,Medium,Mango,0.6984,0
2434.4,32.1,Black,87.7,3.9,High,Amla,0.5056,0
3439.1,33.4,Alluvial,34.9,5.9,High,Sapota,0.7034,1
248.9,20.7,Sandy,45.3,5.9,Medium,Papaya,0.5263,1
839.3,23.2,Alluvial,19.9,7.4,Low,Lemon,0.8009,1
549.0,31.1,Red,42.0,8.3,Medium,Mango,0.7189,1
1401.6,22.7,Clay,40.1,10.8,Medium,Banana,0.7884,1
1837.6,34.5,Alluvial,38.5,8.6,Medium,Coconut,0.7478,0
435.7,28.2,Sandy,57.8,4.0,Medium,Jackfruit,0.494,1
1208.2,30.9,Red,62.7,11.3,Low,Lemon,0.7827,1
2007.9,20.7,Loamy,59.5,7.2,Medium,Mango,0.7213,1
1632.7,27.8,Loamy,26.1,8.2,Medium,Amla,0.87,0
2074.6,31.8,Sandy,76.0,8.9,Low,Sapota,0.783,1
779.5,24.4,Loamy,43.6,10.9,Medium,Pomegranate,0.7977,1
2313.9,31.7,Alluvial,86.3,9.5,High,Jackfruit,0.6927,0
1587.1,18.7,Red,37.3,11.4,Low,Amla,0.8777,1
1107.0,33.9,Loamy,28.3,6.4,High,Amla,0.8288,1
1912.3,23.1,Red,63.1,5.3,Low,Guava,0.838,1
2386.5,27.1,Red,38.7,10.1,Medium,Jackfruit,0.7117,1
1225.7,30.8,Alluvial,41.2,5.6,Medium,Sapota,0.8243,1
1046.8,33.3,Red,38.6,10.2,Medium,Banana,0.6967,1
1608.6,23.1,Loamy,50.8,6.8,Medium,Papaya,0.6988,1
2441.9,25.1,Alluvial,61.9,7.7,Low,Coconut,0.8239,1
3972.6,39.4,Clay,16.3,5.9,Medium,Sapota,0.5811,1
1514.8,26.2,Red,78.5,9.8,Low,Coconut,0.7657,0
1291.7,22.7,Alluvial,65.4,11.1,Low,Lemon,0.8251,0
1096.4,31.9,Black,44.4,8.7,High,Mango,0.782,1
940.6,15.4,Clay,80.1,7.9,High,Coconut,0.5161,1
1521.4,25.2,Alluvial,63.4,11.1,High,Papaya,0.7331,0
1127.4,23.4,Loamy,45.6,9.6,Medium,Lemon,0.8367,1
3740.5,33.4,Loamy,10.6,10.2,Low,Papaya,0.4885,1
301.3,39.4,Alluvial,66.0,7.7,Medium,Papaya,0.4773,1
2828.7,39.5,Loamy,75.7,10.8,Low,Banana,0.6322,1
1153.9,37.6,Alluvial,77.0,7.9,Medium,Papaya,0.6985,1
956.9,25.6,Loamy,47.7,6.5,Low,Coconut,0.8057,1
2072.9,41.2,Sandy,68.5,6.9,Medium,Sapota,0.6935,1
1575.4,26.2,Loamy,28.3,9.9,High,Banana,0.7545,1
1313.7,39.8,Black,72.1,6.9,High,Pomegranate,0.6969,1
1628.9,20.5,Alluvial,76.4,8.7,Medium,Sapota,0.835,1
3278.5,33.0,Sandy,94.2,5.4,Low,Guava,0.5924,0
3532.0,36.5,Red,31.2,6.0,Medium,Mango,0.6133,0
1026.1,27.0,Loamy,27.4,7.8,Medium,Pomegranate,0.8429,1
396.9,32.6,Clay,32.2,11.5,Low,Jackfruit,0.6412,1
2368.6,41.8,Loamy,68.0,8.3,Low,Papaya,0.6161,0
1361.9,30.5,Red,55.1,6.9,Medium,Jackfruit,0.8392,1
1962.7,45.8,Loamy,43.9,9.0,High,Banana,0.6449,1
1698.4,33.2,Alluvial,41.4,6.1,Medium,Amla,0.7775,1
2519.0,31.6,Red,58.7,10.7,High,Coconut,0.7944,1
1317.4,17.3,Red,40.1,6.4,Low,Jackfruit,0.7368,1
2383.4,30.0,Red,27.2,6.2,Medium,Jackfruit,0.8058,1
1735.0,31.5,Loamy,70.5,6.7,Low,Amla,0.8162,1
1965.4,19.2,Sandy,75.7,9.5,High,Sapota,0.7707,1
3243.0,16.3,Red,20.1,4.8,High,Banana,0.5287,1
913.9,31.1,Red,72.6,8.0,Medium,Pomegranate,0.7542,1
1312.3,36.3,Alluvial,15.3,8.5,High,Lemon,0.7736,1
562.3,38.8,Loamy,17.6,7.6,Medium,Amla,0.8378,1
2294.2,33.7,Clay,51.1,11.4,Medium,Banana,0.8186,1
554.2,29.2,Loamy,14.3,7.2,High,Pomegranate,0.7921,1
2223.6,38.1,Alluvial,79.9,8.5,High,Papaya,0.6498,1
2170.0,24.2,Sandy,67.5,11.4,High,Sapota,0.7224,1
2149.4,28.3,Red,60.7,9.9,Low,Coconut,0.7754,0
3298.9,21.7,Loamy,58.7,3.5,Medium,Sapota,0.614,1
3828.2,14.9,Loamy,12.5,4.1,Low,Lemon,0.5207,0
1815.5,40.4,Red,21.8,5.7,Low,Sapota,0.7783,1
389.3,31.8,Alluvial,71.2,11.3,Medium,Pomegranate,0.7678,1
513.0,31.1,Clay,29.9,8.6,High,Banana,0.5186,0
623.5,17.2,Red,14.0,8.9,Low,Pomegranate,0.7473,0
644.0,23.2,Black,53.9,8.0,Low,Sapota,0.8555,1
1280.7,23.4,Loamy,31.9,10.0,Low,Amla,0.8577,1
1296.7,15.3,Alluvial,71.6,10.9,Medium,Amla,0.8686,1
1022.2,24.6,Clay,49.8,6.8,Medium,Guava,0.9342,1
639.7,29.9,Alluvial,66.3,11.9,Low,Amla,0.8955,1
2805.4,43.7,Clay,21.5,9.7,Low,Papaya,0.3917,0
3801.2,30.3,Sandy,33.9,8.8,Medium,Amla,0.6202,0
2922.2,29.1,Clay,57.4,10.6,Medium,Banana,0.7798,1
326.1,38.3,Loamy,76.6,10.4,Medium,Lemon,0.5826,1
1183.8,37.7,Alluvial,84.2,7.8,High,Banana,0.766,1
976.6,21.8,Sandy,31.7,11.2,High,Guava,0.8499,1
2059.6,17.2,Black,49.7,4.3,Low,Coconut,0.5975,0
2965.6,42.6,Black,34.6,9.4,Low,Banana,0.5281,0
339.5,17.4,Red,70.8,11.1,High,Lemon,0.7058,1
2085.7,38.4,Loamy,24.5,5.4,Low,Sapota,0.6945,0
1103.2,13.3,Alluvial,86.0,11.1,Medium,Pomegranate,0.5983,0
2479.1,24.0,Black,26.5,7.9,Medium,Mango,0.7687,1
535.5,30.3,Clay,68.4,3.6,Medium,Sapota,0.6615,1
2735.0,34.3,Sandy,85.9,9.7,High,Coconut,0.7681,1
3086.1,24.4,Clay,68.3,10.1,Medium,Banana,0.701,0
542.4,19.7,Alluvial,47.0,10.8,High,Lemon,0.8022,1
1040.9,34.0,Loamy,45.3,7.2,Low,Coconut,0.8261,1
2364.0,20.8,Black,20.2,8.5,Medium,Mango,0.7322,0
1993.3,34.9,Sandy,61.3,6.4,Medium,Papaya,0.698,1
1777.4,37.7,Loamy,49.2,11.1,High,Lemon,0.6964,1
685.6,21.4,Loamy,51.6,9.7,Medium,Amla,0.9294,1
1343.4,39.8,Red,35.8,6.0,Medium,Mango,0.6816,1
996.5,29.8,Loamy,82.8,10.5,Low,Mango,0.6716,1
2144.4,22.1,Alluvial,51.4,8.3,High,Guava,0.8098,1
958.7,35.9,Alluvial,79.6,4.9,Medium,Jackfruit,0.7587,1
1898.3,20.1,Red,57.1,5.5,Medium,Guava,0.7733,0
464.3,44.7,Black,21.7,10.6,High,Amla,0.8864,1
2603.0,35.9,Red,94.4,5.1,Medium,Mango,0.5889,0
1911.8,28.4,Loamy,68.9,9.4,Medium,Banana,0.8655,0
738.4,30.6,Red,55.0,6.9,Low,Papaya,0.7319,1
592.9,30.9,Red,59.2,7.3,Medium,Lemon,0.7507,1
2989.3,17.6,Loamy,21.4,9.3,Low,Jackfruit,0.6885,0
510.2,39.2,Alluvial,21.1,7.0,Medium,Amla,0.9334,1
2559.7,31.6,Black,87.2,5.7,High,Papaya,0.4139,0
1374.9,39.0,Alluvial,39.6,6.1,High,Mango,0.7155,1
1550.6,32.3,Loamy,18.0,11.1,Medium,Lemon,0.7721,0
1107.3,39.7,Sandy,59.5,6.6,Medium,Coconut,0.7262,1
995.5,29.4,Red,74.5,10.6,Medium,Amla,0.7762,1
946.9,27.0,Red,53.9,7.8,Medium,Amla,0.9595,1
1914.0,39.1,Black,53.4,8.7,High,Mango,0.6995,0
1798.6,27.5,Alluvial,58.3,8.3,Medium,Coconut,0.7479,1
204.9,27.5,Alluvial,54.7,7.4,High,Pomegranate,0.6584,1
4199.5,28.3,Sandy,75.6,5.0,Low,Lemon,0.5085,1
717.1,24.9,Sandy,37.6,10.0,Medium,Pomegranate,0.7878,1
741.6,29.3,Alluvial,31.9,8.8,Medium,Pomegranate,0.8899,1
1884.9,32.1,Alluvial,58.1,8.1,Low,Coconut,0.7787,0
416.4,25.9,Alluvial,16.4,10.6,Medium,Pomegranate,0.7587,0
1488.6,18.5,Red,76.2,5.7,High,Jackfruit,0.7772,1
1644.4,35.8,Red,52.5,7.1,Medium,Mango,0.7947,1
1280.3,39.8,Sandy,41.0,8.0,High,Papaya,0.7288,0
2120.7,26.1,Loamy,77.7,7.1,Medium,Papaya,0.6746,0
1956.9,26.3,Alluvial,36.7,11.1,High,Papaya,0.7121,0
3433.6,21.6,Sandy,13.8,9.2,Low,Mango,0.4667,0
2872.3,37.0,Red,36.5,9.2,Low,Banana,0.7197,1
1663.1,21.5,Alluvial,56.3,9.9,Low,Papaya,0.6983,0
1899.3,26.3,Red,94.4,11.3,Low,Banana,0.7557,0
525.0,37.4,Loamy,27.8,11.4,Medium,Amla,0.9214,1
1874.7,25.0,Loamy,95.0,8.6,Low,Banana,0.7212,0
979.8,21.5,Loamy,36.7,9.2,Low,Coconut,0.7912,1
1905.0,31.6,Loamy,86.3,7.3,Medium,Coconut,0.7418,1
485.5,41.1,Loamy,39.0,5.3,Medium,Sapota,0.6967,0
346.9,29.7,Red,76.5,5.8,Low,Lemon,0.6043,1
1271.2,25.7,Sandy,45.6,7.4,Low,Pomegranate,0.7765,0
4073.1,36.7,Loamy,54.0,6.7,Medium,Pomegranate,0.5727,0
526.9,34.9,Red,52.0,6.1,Medium,Mango,0.6883,0
959.7,25.1,Black,62.8,7.5,Medium,Amla,0.8489,1
503.2,24.0,Black,46.5,7.2,Medium,Mango,0.7016,1
2144.8,23.3,Red,61.0,7.5,Medium,Coconut,0.7629,0
2179.5,37.5,Loamy,39.8,7.7,Medium,Coconut,0.7926,0
1354.9,41.1,Black,59.0,10.3,High,Mango,0.5922,0
1773.8,22.9,Sandy,78.2,6.4,Low,Sapota,0.7523,0
1258.3,31.3,Loamy,66.6,6.2,Medium,Amla,0.879,1
1643.8,18.8,Loamy,26.4,7.7,Low,Papaya,0.7272,1
848.7,25.4,Alluvial,66.0,5.1,High,Jackfruit,0.7436,1
3109.3,30.3,Loamy,10.6,9.3,Low,Pomegranate,0.5601,0
1244.2,20.1,Red,20.3,5.4,Medium,Pomegranate,0.7931,1
686.1,36.6,Clay,28.0,3.3,Medium,Jackfruit,0.6624,0
1765.6,21.0,Alluvial,36.1,7.7,Medium,Amla,0.7998,1
1101.2,28.3,Loamy,72.3,6.7,Medium,Coconut,0.7847,1
579.4,24.6,Red,34.7,7.3,Low,Lemon,0.7921,1
596.2,34.1,Red,42.6,9.4,Low,Pomegranate,0.8276,1
423.9,17.9,Clay,70.7,5.9,Medium,Guava,0.6684,0
2713.1,33.1,Sandy,14.8,3.7,High,Coconut,0.7564,1
1130.0,35.9,Clay,92.5,7.6,Medium,Lemon,0.6754,1
2625.6,24.7,Red,77.4,6.3,High,Banana,0.7071,1
2715.4,43.9,Alluvial,30.9,7.8,High,Papaya,0.5217,1
549.0,34.2,Sandy,41.7,10.4,Medium,Pomegranate,0.7835,1
2262.4,38.1,Red,41.3,8.6,Medium,Jackfruit,0.7305,0
1071.0,22.5,Sandy,69.1,9.9,Medium,Sapota,0.7698,1
992.7,22.4,Clay,59.3,6.0,Medium,Guava,0.7914,1
2035.7,43.9,Alluvial,7.6,5.3,Low,Papaya,0.5144,1
2417.3,38.3,Loamy,68.2,6.5,Medium,Mango,0.6547,0
2847.7,23.8,Alluvial,38.1,5.3,Medium,Banana,0.7679,1
1831.7,21.7,Sandy,16.4,11.6,High,Papaya,0.6793,0
521.2,24.7,Clay,83.3,9.7,Low,Papaya,0.5469,0
1066.9,18.6,Red,32.2,10.5,Medium,Lemon,0.7365,1
1828.3,44.7,Clay,10.3,10.0,Medium,Lemon,0.4574,1
770.1,36.8,Red,57.7,6.8,Medium,Lemon,0.7321,1
925.6,34.1,Sandy,38.8,7.2,Medium,Lemon,0.8396,1
886.0,25.7,Loamy,57.3,11.0,High,Amla,0.805,1
1459.8,21.6,Red,18.7,5.4,Low,Mango,0.6484,0
421.9,21.4,Sandy,74.5,10.2,Medium,Guava,0.7678,1
1248.0,13.3,Black,32.8,11.7,Medium,Sapota,0.6563,1
2219.4,30.6,Black,51.3,8.3,High,Mango,0.7996,0
3929.6,32.2,Loamy,60.3,10.8,Medium,Lemon,0.6279,1
2429.5,22.6,Clay,56.4,10.0,Medium,Banana,0.7481,1
1249.4,33.9,Red,57.2,5.5,Medium,Guava,0.7602,1
943.2,43.1,Loamy,50.9,10.5,Medium,Amla,0.8497,0
2218.5,27.1,Alluvial,61.4,7.3,High,Coconut,0.7922,0
1572.5,25.0,Loamy,62.5,5.7,High,Lemon,0.7973,1
4081.0,41.0,Sandy,8.2,5.8,Low,Coconut,0.4103,1
3496.7,36.8,Loamy,64.7,3.9,Low,Banana,0.611,1
960.4,30.9,Clay,58.8,8.9,High,Guava,0.8162,1
3110.8,20.1,Clay,50.4,5.6,High,Papaya,0.4835,1
1560.0,43.0,Loamy,12.9,10.0,High,Mango,0.7013,1
1263.8,18.3,Red,12.6,8.6,Medium,Pomegranate,0.7598,1
1022.8,26.3,Alluvial,51.2,8.1,High,Papaya,0.7107,0
832.8,19.4,Alluvial,66.3,7.0,Medium,Guava,0.8614,1
1985.2,38.6,Black,45.5,7.3,Medium,Sapota,0.7929,0
508.1,17.4,Sandy,22.1,6.4,High,Lemon,0.7126,1
2370.3,28.7,Red,40.9,9.2,Medium,Banana,0.7757,1
3212.1,24.4,Sandy,62.6,4.0,Low,Banana,0.5763,0
978.9,31.9,Loamy,46.7,9.0,Medium,Amla,0.9065,1
1198.8,32.3,Red,47.1,9.8,Low,Pomegranate,0.7497,0
3033.8,34.9,Clay,84.9,5.4,Low,Banana,0.742,1
1777.9,47.3,Alluvial,73.3,7.6,Low,Mango,0.648,1
908.5,41.1,Alluvial,45.0,9.3,Medium,Sapota,0.8295,1
2187.9,47.7,Red,81.6,4.9,Low,Mango,0.5315,0
2708.8,20.9,Clay,44.3,11.0,Medium,Jackfruit,0.7339,0
3294.5,20.3,Alluvial,78.1,6.1,Low,Papaya,0.4944,0
1062.1,27.0,Loamy,69.2,8.7,Medium,Mango,0.8196,1
440.5,40.7,Loamy,50.9,9.2,Low,Amla,0.9274,1
1465.3,25.8,Alluvial,81.9,10.4,High,Mango,0.7137,1
899.1,26.8,Alluvial,44.0,5.8,Low,Mango,0.7688,1
2090.2,31.3,Alluvial,69.2,9.1,Medium,Banana,0.7655,1
1096.1,40.9,Black,76.4,6.4,Medium,Amla,0.7852,1
2982.7,39.1,Red,44.7,9.4,Medium,Mango,0.565,0
1935.6,18.5,Alluvial,88.2,10.3,High,Sapota,0.8061,1
3059.1,22.3,Alluvial,39.0,9.0,Medium,Banana,0.7657,1
636.8,34.8,Red,23.4,5.9,Medium,Mango,0.6728,1
1460.3,28.0,Sandy,54.2,8.0,Low,Sapota,0.8549,1
584.0,29.1,Loamy,46.1,6.7,High,Guava,0.8615,0
1531.4,15.8,Sandy,85.0,8.5,Low,Jackfruit,0.6249,1
859.0,24.5,Alluvial,36.1,9.1,Low,Lemon,0.7695,0
1360.4,34.6,Red,31.7,10.3,Low,Lemon,0.8137,1
918.1,14.6,Sandy,50.3,6.0,Low,Lemon,0.699,1
970.9,13.0,Red,84.6,9.3,High,Amla,0.7246,1
1772.5,38.5,Alluvial,94.4,7.1,High,Coconut,0.7137,1
3568.2,39.9,Red,82.3,4.6,High,Lemon,0.4368,0
2969.8,44.1,Loamy,53.3,10.4,Low,Jackfruit,0.6343,1
1153.4,15.5,Alluvial,48.7,7.4,Medium,Lemon,0.7876,0
1618.8,37.1,Loamy,36.7,8.7,High,Amla,0.8237,1
1551.4,45.7,Black,26.7,3.7,High,Papaya,0.5506,0
2849.5,30.1,Red,30.0,8.1,High,Jackfruit,0.7345,1
620.2,39.8,Red,39.4,9.0,Low,Pomegranate,0.847,0
1667.0,27.1,Loamy,62.5,10.3,Low,Papaya,0.7723,0
1385.6,40.5,Loamy,65.9,9.3,Medium,Mango,0.6662,1
1292.7,28.5,Red,82.8,6.9,High,Banana,0.7561,1
3836.3,39.9,Sandy,24.8,7.4,High,Papaya,0.4547,1
1696.2,37.2,Red,76.9,9.7,Medium,Sapota,0.8419,1
3392.4,33.1,Loamy,85.8,4.7,High,Jackfruit,0.5625,1
2909.1,27.8,Red,77.0,9.0,Medium,Banana,0.7241,0
3213.2,36.4,Sandy,48.9,6.3,Medium,Guava,0.5677,1
1861.3,43.8,Sandy,19.2,5.9,Medium,Pomegranate,0.4629,1
704.2,43.3,Alluvial,51.1,6.6,Medium,Mango,0.603,0
2664.3,39.8,Sandy,52.9,8.4,Medium,Banana,0.6767,1
389.9,33.0,Sandy,80.8,7.1,Low,Lemon,0.7107,1
1661.5,36.7,Alluvial,65.5,11.9,Medium,Jackfruit,0.7814,1
1295.3,15.2,Loamy,7.1,10.1,Medium,Amla,0.7573,1
827.5,28.5,Sandy,60.9,8.5,Medium,Amla,0.8745,1
3090.8,12.9,Alluvial,84.0,11.6,High,Amla,0.5585,1
1248.8,33.6,Sandy,67.6,10.0,High,Coconut,0.804,0
1300.6,25.0,Alluvial,83.1,8.1,High,Coconut,0.7797,1
2145.6,18.5,Sandy,22.6,4.5,Low,Guava,0.7058,1
1374.8,19.4,Red,41.7,9.6,Low,Pomegranate,0.7005,1
1129.1,11.1,Red,48.4,9.9,Low,Sapota,0.6637,1
2843.9,28.4,Red,56.3,6.6,Medium,Coconut,0.7597,0
2199.8,16.6,Alluvial,15.4,7.3,Low,Papaya,0.5497,1
742.1,46.9,Loamy,47.6,3.8,High,Jackfruit,0.5357,1
1580.3,20.8,Alluvial,49.9,6.5,Low,Coconut,0.7029,1
580.8,16.3,Alluvial,12.4,10.0,High,Pomegranate,0.7587,1
3134.9,13.3,Sandy,72.8,6.0,Low,Papaya,0.4163,1
1864.0,18.0,Sandy,84.5,10.6,High,Lemon,0.6478,1
2239.9,38.4,Black,47.6,5.9,Medium,Mango,0.7466,1
1714.5,31.4,Loamy,60.2,10.7,High,Amla,0.8385,1
2296.3,23.7,Clay,78.6,9.9,Low,Banana,0.7542,1
2838.1,30.4,Loamy,70.2,7.0,Medium,Coconut,0.7131,1
1138.5,32.9,Red,57.7,8.6,Medium,Papaya,0.7042,0
1489.9,23.5,Clay,72.0,10.2,Low,Banana,0.8115,1
764.2,37.4,Red,54.8,8.1,Medium,Guava,0.8062,0
1020.6,17.2,Loamy,8.3,7.2,Low,Mango,0.6247,1
3859.6,37.8,Loamy,79.4,4.3,High,Amla,0.6222,0
1559.8,20.3,Clay,45.7,10.3,Low,Banana,0.8281,1
1379.7,27.6,Alluvial,17.1,11.1,Medium,Amla,0.8291,1
2741.5,21.9,Loamy,77.1,9.5,Medium,Jackfruit,0.7901,1
2458.3,25.5,Loamy,48.1,10.6,Medium,Coconut,0.8988,1
1065.5,20.0,Sandy,29.6,7.6,Medium,Sapota,0.8162,1
1987.7,23.4,Loamy,34.9,7.4,Low,Papaya,0.7356,1
2044.8,36.6,Sandy,29.9,10.7,Low,Guava,0.7608,1
407.2,31.9,Sandy,21.9,7.9,High,Sapota,0.7345,1
2142.2,18.7,Sandy,59.0,11.7,High,Amla,0.7011,0
2034.8,25.9,Black,72.6,3.4,Medium,Pomegranate,0.5447,1
1590.1,32.1,Alluvial,56.9,4.7,Medium,Pomegranate,0.6364,0
2493.7,30.8,Alluvial,38.3,6.1,Low,Coconut,0.7853,1
1292.1,40.0,Alluvial,28.2,8.0,Medium,Mango,0.7185,1
2090.0,38.8,Clay,77.3,6.2,Medium,Guava,0.6423,1
1468.9,16.3,Black,68.3,11.1,High,Sapota,0.8257,1
1345.1,19.2,Black,66.3,4.8,Medium,Banana,0.6975,1
1187.0,33.4,Red,18.9,6.1,High,Lemon,0.7159,1
556.5,25.1,Clay,36.6,4.4,Low,Sapota,0.675,0
848.4,33.9,Black,20.0,9.2,Medium,Pomegranate,0.8641,1
1423.9,36.7,Alluvial,90.4,9.4,Medium,Banana,0.7944,0
1280.6,39.1,Alluvial,81.1,9.6,Low,Coconut,0.7472,0
2031.9,29.3,Loamy,23.7,11.0,Low,Papaya,0.7167,0
1885.7,31.8,Red,19.4,11.2,Medium,Guava,0.8469,1
1263.7,32.5,Clay,42.3,7.9,Medium,Jackfruit,0.7526,1
2699.9,31.2,Clay,43.1,10.9,Medium,Jackfruit,0.7547,1
3586.0,11.0,Black,21.8,11.4,High,Amla,0.5515,1
2499.1,11.1,Loamy,65.8,3.4,Low,Mango,0.4804,1
877.9,35.3,Black,19.7,7.9,Low,Amla,0.8402,1
1265.1,40.3,Sandy,22.4,6.8,Low,Coconut,0.7359,0
1061.6,38.8,Sandy,45.7,8.0,Medium,Papaya,0.7832,1
817.8,20.8,Sandy,45.9,7.8,Medium,Pomegranate,0.8358,1
2983.5,17.7,Loamy,19.9,4.3,High,Lemon,0.5693,1
1471.3,38.8,Loamy,18.2,6.9,Medium,Lemon,0.7585,1
1616.0,47.9,Red,44.1,3.2,Medium,Guava,0.699,1
2900.0,22.4,Sandy,32.4,7.1,Medium,Coconut,0.6972,1
1167.0,22.9,Red,65.1,5.1,High,Amla,0.8262,0
2100.9,35.7,Alluvial,56.4,10.7,Medium,Guava,0.7828,0
691.9,33.6,Red,29.3,9.0,Low,Pomegranate,0.8762,1
1416.2,23.6,Red,65.3,8.6,Low,Papaya,0.764,1
2287.4,15.2,Alluvial,23.2,5.8,High,Guava,0.6455,1
937.9,27.6,Red,62.5,10.9,High,Banana,0.7511,1
1997.2,35.8,Loamy,88.1,11.4,Low,Jackfruit,0.7765,0
1995.5,21.9,Loamy,19.8,8.5,Medium,Guava,0.8217,1
1617.6,35.9,Red,17.6,7.1,Medium,Guava,0.7476,1
2269.7,40.0,Red,66.1,11.1,Medium,Banana,0.6985,1
3554.1,16.5,Red,78.7,4.6,Low,Amla,0.5869,0
1899.6,35.6,Sandy,38.6,8.7,Medium,Lemon,0.693,1
860.4,34.6,Alluvial,81.0,6.7,High,Guava,0.7853,0
1512.2,32.5,Clay,68.3,4.3,Low,Jackfruit,0.77,0
990.6,34.1,Loamy,60.4,8.0,Low,Pomegranate,0.7288,0
398.0,18.2,Alluvial,10.1,11.2,Medium,Pomegranate,0.8289,1
4104.8,36.9,Black,72.9,8.1,Medium,Banana,0.4756,0
1140.1,34.8,Alluvial,41.5,8.4,Low,Mango,0.703,0
1778.1,16.7,Loamy,33.3,9.6,Medium,Sapota,0.7472,1
2459.2,36.1,Alluvial,91.6,9.1,Medium,Banana,0.7608,1
1403.7,24.4,Black,12.7,7.7,Medium,Amla,0.8263,1
714.5,33.5,Red,81.8,7.5,High,Coconut,0.7105,0
1694.7,20.7,Alluvial,27.5,4.7,High,Jackfruit,0.6976,1
319.2,15.7,Sandy,60.5,8.7,Medium,Amla,0.7853,1
1741.7,23.0,Red,51.8,10.3,Medium,Jackfruit,0.8,1
2790.3,34.7,Loamy,75.8,7.6,High,Pomegranate,0.5268,1
331.6,34.0,Sandy,32.9,5.0,Medium,Guava,0.6873,1
3928.9,28.2,Red,92.8,7.9,Medium,Pomegranate,0.5923,1
1545.3,41.9,Black,72.9,9.2,Low,Mango,0.6742,1
861.2,33.4,Alluvial,82.3,5.7,Medium,Lemon,0.7488,1
3139.5,26.8,Clay,48.2,5.7,Medium,Banana,0.7106,1
638.8,31.9,Loamy,17.7,8.2,High,Lemon,0.765,0
1665.4,27.2,Black,69.1,11.4,Low,Guava,0.7803,1
1431.6,36.6,Red,81.0,11.5,Low,Coconut,0.7417,1
1960.7,17.7,Loamy,68.0,10.1,Medium,Jackfruit,0.7574,0
1497.5,26.9,Red,82.8,7.2,Low,Coconut,0.8299,1
1785.4,24.8,Red,35.3,9.0,Low,Amla,0.8134,1
1258.2,27.5,Alluvial,49.9,10.2,Low,Mango,0.7717,0
1696.2,26.4,Red,79.1,5.7,High,Banana,0.8247,1
1101.9,35.1,Alluvial,41.9,7.6,High,Papaya,0.8066,1
1825.2,39.3,Sandy,51.8,8.4,Low,Papaya,0.7778,1
764.4,39.1,Alluvial,58.7,9.5,Medium,Sapota,0.8075,1
1630.5,35.3,Loamy,71.0,6.2,Medium,Papaya,0.634,1
351.0,31.0,Loamy,52.5,10.1,Medium,Amla,0.9058,1
3340.0,43.9,Alluvial,55.7,6.2,Low,Guava,0.4436,1
1570.9,21.4,Loamy,20.2,6.0,High,Papaya,0.6331,1
1179.2,39.9,Red,78.9,10.4,Low,Papaya,0.6756,0
835.1,43.3,Clay,44.2,9.4,Medium,Amla,0.8486,1
2237.8,17.6,Red,42.2,9.8,Medium,Pomegranate,0.589,1
2243.0,40.9,Black,20.0,5.3,Medium,Amla,0.6387,0
1261.6,39.2,Red,22.5,9.8,Medium,Papaya,0.7144,1
2642.4,39.4,Red,6.7,8.7,Low,Lemon,0.5259,0
1034.2,23.1,Alluvial,59.2,8.5,Low,Mango,0.7802,0
814.7,37.7,Alluvial,64.2,7.6,High,Coconut,0.7079,1
1968.5,30.2,Loamy,54.4,6.7,Medium,Sapota,0.7693,1
2174.2,27.2,Alluvial,8.4,9.6,Low,Mango,0.7174,1
1010.3,25.2,Alluvial,5.7,11.7,Medium,Amla,0.8532,1
1232.2,35.9,Black,22.3,6.5,Medium,Amla,0.8277,1
2609.1,39.0,Red,60.1,9.3,High,Coconut,0.7458,1
519.9,25.6,Alluvial,49.4,10.5,High,Guava,0.7637,0
2396.7,16.2,Red,34.5,9.0,High,Lemon,0.5536,1
739.6,19.2,Sandy,49.2,8.5,Medium,Lemon,0.7857,1
582.9,26.7,Sandy,39.7,7.5,Low,Amla,0.8941,1
2781.9,37.2,Alluvial,47.6,5.0,Medium,Banana,0.7188,1
1336.4,19.5,Red,48.9,10.7,High,Guava,0.7996,1
539.5,36.8,Red,71.4,7.9,Medium,Pomegranate,0.6998,0
2387.7,28.3,Black,88.2,9.5,Low,Guava,0.5872,1
2249.2,18.5,Alluvial,35.1,7.1,High,Papaya,0.6306,1
2021.1,32.4,Red,64.7,10.4,Low,Coconut,0.8126,1
959.2,35.0,Loamy,39.9,9.0,Medium,Banana,0.7392,1
772.0,32.4,Sandy,29.0,8.5,Medium,Guava,0.8254,0
575.2,36.6,Clay,52.6,8.8,Medium,Amla,0.98,1
1728.7,24.6,Red,76.4,7.3,Low,Lemon,0.7045,1
1071.1,16.7,Loamy,37.2,8.9,Medium,Guava,0.7242,1
489.8,21.4,Red,62.8,9.9,High,Mango,0.6761,1
3442.2,20.2,Red,93.4,3.1,High,Coconut,0.5069,1
848.4,27.9,Black,71.5,5.6,High,Coconut,0.6743,0
1323.8,36.4,Loamy,66.0,6.9,Medium,Papaya,0.7672,1
1934.8,25.4,Loamy,39.5,8.0,Medium,Papaya,0.7372,1
1796.5,34.7,Loamy,67.4,4.6,High,Jackfruit,0.7493,1
618.5,37.9,Red,70.1,9.6,High,Lemon,0.7758,0
1990.6,32.1,Red,84.5,10.3,High,Jackfruit,0.6927,1
1613.5,18.0,Red,48.3,7.1,High,Papaya,0.6488,1
280.9,35.2,Clay,15.2,7.3,Low,Amla,0.8514,1
981.7,22.0,Black,54.2,10.6,Low,Pomegranate,0.8923,1
1787.9,24.4,Sandy,31.8,7.3,Medium,Guava,0.9045,1
429.5,25.4,Sandy,70.5,9.9,Medium,Lemon,0.7216,0
1666.5,30.4,Black,42.1,6.1,High,Sapota,0.8321,1
1145.2,26.4,Sandy,68.7,8.2,Low,Amla,0.8573,1
2305.1,37.6,Red,27.6,8.0,High,Papaya,0.7024,1
2087.4,33.8,Alluvial,40.1,9.2,Medium,Sapota,0.7992,0
1506.5,19.8,Red,35.7,7.1,High,Sapota,0.8453,1
1472.1,34.7,Loamy,57.5,6.5,Medium,Guava,0.8316,1
769.1,21.1,Loamy,36.6,10.1,Medium,Papaya,0.6666,1
615.2,33.0,Clay,77.9,6.5,Medium,Amla,0.8547,1
1603.4,28.7,Red,26.8,3.5,Low,Amla,0.783,1
2363.9,25.4,Alluvial,84.8,7.0,High,Coconut,0.7385,1
2442.9,26.7,Clay,43.0,5.4,Low,Banana,0.791,1
240.0,17.5,Clay,54.4,8.9,High,Amla,0.738,1
810.1,25.9,Sandy,23.9,8.5,Medium,Sapota,0.7514,1
1583.9,11.8,Clay,75.4,5.2,Medium,Amla,0.6691,1
710.5,26.4,Black,59.1,6.1,Medium,Amla,0.8765,1
1480.4,19.7,Alluvial,71.0,8.2,Low,Papaya,0.7338,0
1750.0,18.2,Red,80.4,10.6,Low,Banana,0.6984,1
1342.2,20.6,Sandy,40.2,9.8,Medium,Amla,0.8342,1
1910.0,16.6,Alluvial,54.5,5.2,High,Sapota,0.7799,1
507.4,21.8,Alluvial,42.3,10.2,Low,Pomegranate,0.7866,1
2576.7,29.1,Red,24.8,11.4,Low,Mango,0.6502,1
2845.2,21.5,Red,67.8,11.4,Medium,Coconut,0.7381,0
3179.7,43.0,Black,65.6,4.5,High,Banana,0.5094,1
1122.1,19.0,Alluvial,52.7,8.6,High,Guava,0.8484,1
1306.6,27.1,Red,19.7,7.2,Low,Pomegranate,0.6872,1
651.1,20.2,Loamy,62.2,8.4,High,Pomegranate,0.8676,1
635.4,28.7,Sandy,57.7,8.3,Medium,Lemon,0.833,0
750.4,34.6,Red,33.0,9.7,Low,Guava,0.8578,0
1237.3,31.8,Loamy,45.5,11.3,Low,Pomegranate,0.8009,0
1645.1,28.2,Loamy,25.3,9.9,High,Papaya,0.7322,0
1659.8,32.3,Sandy,23.8,9.1,High,Jackfruit,0.7336,1
4017.3,21.9,Sandy,34.2,4.9,Medium,Lemon,0.613,0
2805.5,15.5,Loamy,58.5,4.2,Medium,Banana,0.6039,1
2054.6,18.2,Alluvial,31.0,9.0,Medium,Mango,0.6813,1
1389.5,17.2,Red,16.1,5.6,Low,Lemon,0.7152,1
1636.4,23.2,Loamy,71.9,6.3,Medium,Guava,0.832,1
1395.9,17.8,Black,11.5,8.2,Medium,Pomegranate,0.6692,0
535.6,31.8,Loamy,25.5,7.5,Medium,Lemon,0.812,1
1032.4,10.5,Black,56.3,10.3,Medium,Papaya,0.5394,1
1962.5,21.3,Red,36.9,8.9,Medium,Papaya,0.7562,1
1443.2,41.8,Red,83.1,11.2,Low,Mango,0.7057,1
1508.5,30.4,Red,39.3,11.4,Low,Coconut,0.7534,1
3184.0,19.8,Alluvial,42.8,6.1,Medium,Pomegranate,0.5853,1
1240.3,37.2,Alluvial,72.8,4.7,Medium,Jackfruit,0.8151,1
1340.9,21.7,Loamy,60.6,8.3,Low,Pomegranate,0.7946,0
497.8,41.7,Loamy,22.7,11.3,Medium,Mango,0.5638,1
1067.4,30.4,Alluvial,16.6,9.7,Low,Lemon,0.7557,0
1562.5,28.4,Black,84.5,11.1,Medium,Mango,0.7147,1
2904.4,22.4,Loamy,87.3,8.5,Medium,Coconut,0.6953,0
596.2,27.5,Black,71.7,6.2,Medium,Amla,0.7747,1
600.1,17.4,Loamy,66.0,9.6,High,Lemon,0.8508,1
3563.0,23.2,Sandy,69.0,7.8,Low,Papaya,0.6119,0
1548.1,27.7,Loamy,32.6,5.6,Medium,Sapota,0.8598,0
643.3,32.1,Sandy,17.4,10.0,Medium,Lemon,0.9074,1
2739.3,11.1,Alluvial,62.2,9.5,High,Amla,0.5134,0
2541.8,38.5,Loamy,78.0,8.5,High,Banana,0.748,1
2741.8,31.7,Clay,27.4,4.6,Medium,Jackfruit,0.7499,1
398.5,42.5,Alluvial,7.3,8.6,Medium,Amla,0.9456,1
1312.9,39.5,Red,47.8,5.7,Low,Banana,0.7354,1
1506.8,47.9,Clay,32.1,7.1,High,Lemon,0.5537,1
2321.2,32.6,Alluvial,43.9,9.7,Medium,Banana,0.7222,1
1207.1,35.1,Alluvial,63.9,8.7,High,Lemon,0.7726,1
735.7,33.1,Alluvial,22.0,7.6,High,Pomegranate,0.7788,1
2530.5,19.3,Loamy,38.6,7.1,Medium,Banana,0.7836,0
1201.8,36.6,Alluvial,19.0,9.2,Medium,Pomegranate,0.7883,1
1692.1,23.4,Loamy,58.0,7.3,High,Sapota,0.7413,1
2872.0,35.0,Alluvial,75.3,7.2,High,Banana,0.7474,0
3103.8,20.7,Sandy,87.6,11.5,Low,Papaya,0.5339,1
1584.5,23.1,Black,84.7,11.4,High,Mango,0.7075,1
639.0,27.2,Sandy,58.8,6.6,Medium,Pomegranate,0.7462,1
1415.8,25.3,Black,35.9,6.5,Medium,Papaya,0.7229,1
2024.3,40.1,Red,53.6,11.3,Medium,Papaya,0.718,1
943.3,36.4,Alluvial,28.7,6.1,Low,Sapota,0.8333,1
1094.0,33.2,Alluvial,71.6,11.5,Medium,Banana,0.7662,1
1301.5,10.6,Sandy,11.9,8.2,Low,Guava,0.7447,1
2231.3,19.2,Sandy,69.1,8.8,Low,Papaya,0.6022,0
2041.3,32.6,Alluvial,64.8,9.2,High,Banana,0.7076,1
3741.8,43.2,Sandy,5.8,6.7,Medium,Lemon,0.4196,1
2180.8,39.7,Loamy,60.1,11.4,Medium,Mango,0.6842,0
3564.9,23.1,Sandy,60.6,7.4,Low,Guava,0.6393,0
979.9,35.2,Alluvial,42.6,9.6,Low,Papaya,0.7342,1
3298.0,29.4,Alluvial,48.2,8.1,High,Lemon,0.6259,1
3101.3,38.3,Loamy,42.2,10.5,High,Jackfruit,0.6744,1
2516.5,19.0,Loamy,52.8,11.4,Low,Jackfruit,0.8049,1
706.3,29.7,Red,12.4,8.0,Medium,Pomegranate,0.8204,1
1592.3,27.4,Loamy,49.0,9.3,Medium,Papaya,0.7807,1
1220.8,18.7,Sandy,67.4,8.2,Medium,Papaya,0.6847,1
1698.1,21.1,Red,46.6,6.2,High,Jackfruit,0.786,1
1979.2,20.4,Black,22.2,8.9,Low,Mango,0.7193,0
2731.7,17.5,Alluvial,79.8,11.0,Medium,Jackfruit,0.6878,1
1424.6,23.7,Alluvial,48.4,7.1,High,Lemon,0.7446,1
1300.8,37.7,Loamy,28.1,8.1,Low,Pomegranate,0.7523,1
342.1,33.7,Red,70.0,9.0,Medium,Lemon,0.6912,1
708.1,34.6,Loamy,27.9,9.4,Medium,Pomegranate,0.763,1
981.6,15.5,Red,68.6,6.6,Low,Lemon,0.6722,1
4057.5,14.4,Clay,33.3,10.3,High,Mango,0.4196,1
1343.9,43.9,Sandy,80.2,5.1,Low,Jackfruit,0.5546,1
236.6,31.9,Alluvial,81.6,6.9,Low,Lemon,0.6169,1
1792.0,14.0,Black,39.0,7.7,High,Amla,0.7036,0
908.7,27.2,Red,68.1,8.0,Low,Mango,0.7338,1
1990.2,22.0,Red,76.2,9.3,Medium,Sapota,0.8005,1
1166.6,26.5,Sandy,69.5,9.9,Medium,Coconut,0.8287,1
2432.6,30.5,Red,8.1,11.9,Medium,Mango,0.7106,0
2348.0,19.0,Alluvial,63.3,7.4,Medium,Papaya,0.5831,0
3468.9,27.6,Red,39.1,8.7,Low,Pomegranate,0.6793,0
2197.1,36.5,Black,83.2,6.8,Medium,Sapota,0.7116,1
839.3,26.6,Loamy,82.6,7.9,Low,Lemon,0.7563,1
1032.5,35.9,Sandy,56.8,10.5,Low,Coconut,0.8243,1
2679.2,13.0,Black,91.3,10.9,High,Amla,0.488,0
647.7,18.7,Black,76.3,6.5,High,Amla,0.8429,1
1258.5,40.6,Alluvial,73.2,9.0,Medium,Mango,0.7896,1
1619.6,28.5,Loamy,75.6,6.7,High,Banana,0.8,1
1907.7,42.3,Black,11.2,9.2,Medium,Lemon,0.5372,1
1069.2,37.3,Loamy,33.7,8.1,Medium,Coconut,0.8293,1
578.9,39.3,Clay,69.7,6.6,Medium,Guava,0.7164,1
3956.9,46.8,Loamy,89.4,11.5,High,Sapota,0.4397,0
3048.3,33.0,Alluvial,74.9,7.5,Medium,Banana,0.6547,1
313.5,41.0,Clay,38.0,4.7,Low,Lemon,0.5762,0
1310.1,36.7,Alluvial,81.2,10.7,Medium,Mango,0.642,0
2655.2,21.9,Sandy,18.0,8.8,Low,Sapota,0.6569,0
1309.9,20.0,Black,40.4,9.8,Low,Sapota,0.8371,1
442.2,17.4,Red,51.8,7.4,High,Pomegranate,0.7602,0
2134.1,29.3,Alluvial,49.1,7.5,High,Papaya,0.6981,0
2287.7,19.3,Sandy,37.9,3.5,Medium,Pomegranate,0.5802,1
2924.3,32.9,Alluvial,65.5,11.0,High,Jackfruit,0.6639,0
1159.8,24.8,Red,75.3,5.4,High,Pomegranate,0.74,1
1601.0,28.6,Red,77.6,6.0,Low,Banana,0.7649,1
994.0,34.5,Loamy,42.9,5.7,Medium,Lemon,0.8077,1
1543.4,22.5,Clay,52.5,10.3,High,Amla,0.8439,1
528.8,34.4,Alluvial,17.1,5.7,High,Sapota,0.693,1
949.4,24.4,Red,66.8,6.3,High,Jackfruit,0.7431,1
726.7,18.7,Loamy,89.8,4.9,High,Sapota,0.7431,1
967.8,37.3,Sandy,63.6,9.8,Medium,Sapota,0.8122,1
2989.1,24.8,Alluvial,42.2,11.2,Low,Jackfruit,0.6255,0
2142.5,38.9,Black,35.3,10.0,Low,Sapota,0.7308,1
755.3,28.3,Sandy,69.3,7.2,Low,Papaya,0.7161,0
437.0,29.8,Loamy,49.2,9.9,High,Amla,0.9269,1
2549.8,24.2,Clay,64.3,11.5,Low,Jackfruit,0.7273,1
1548.1,24.9,Loamy,92.5,7.5,Medium,Coconut,0.7478,1
1709.4,10.3,Clay,42.3,5.1,Medium,Banana,0.6289,1
926.1,33.4,Sandy,67.6,6.1,High,Amla,0.7808,1
1409.9,33.7,Loamy,38.7,8.1,Low,Guava,0.8618,1
751.5,28.9,Alluvial,83.9,9.5,Medium,Guava,0.8928,1
665.0,26.8,Sandy,74.5,6.0,Medium,Lemon,0.7588,1
1711.7,27.5,Alluvial,43.1,7.4,Medium,Guava,0.7999,0
2649.0,26.2,Loamy,86.9,8.2,Low,Coconut,0.6908,1
2560.4,24.2,Clay,65.7,10.9,Low,Banana,0.7527,1
1237.0,37.8,Clay,83.3,5.0,Medium,Banana,0.8073,1
964.0,30.2,Loamy,73.6,7.2,Medium,Mango,0.7025,1
1002.4,16.1,Sandy,86.5,6.5,Medium,Sapota,0.7139,1
1973.6,20.2,Clay,73.3,7.7,Low,Jackfruit,0.7306,0
1397.2,28.6,Red,92.4,10.4,Medium,Banana,0.803,1
1614.0,21.9,Sandy,70.5,11.2,Medium,Guava,0.8675,1
576.6,15.0,Red,63.5,8.6,Medium,Lemon,0.7513,1
1126.1,39.4,Loamy,87.1,8.9,High,Banana,0.6486,1
1439.5,17.4,Red,71.6,4.6,Medium,Jackfruit,0.6752,1
1176.7,18.8,Loamy,69.2,6.4,High,Jackfruit,0.7414,1
1042.6,32.7,Loamy,6.2,7.6,Low,Amla,0.8566,1
3229.7,31.3,Sandy,50.1,9.4,Low,Pomegranate,0.6282,0
1261.3,27.1,Clay,53.2,8.8,Medium,Banana,0.7392,1
4107.9,19.7,Sandy,20.1,7.5,Medium,Coconut,0.5112,0
3587.7,24.3,Red,31.7,11.0,High,Mango,0.5618,1
2671.0,29.6,Black,44.6,3.2,High,Pomegranate,0.5245,0
1135.0,20.8,Alluvial,40.4,8.3,Medium,Papaya,0.6947,1
689.8,30.9,Black,93.8,5.9,Low,Papaya,0.5319,1
1367.0,26.8,Red,14.3,5.3,Medium,Banana,0.5964,0
475.8,29.8,Alluvial,13.4,11.2,Low,Pomegranate,0.7993,1
941.5,28.9,Loamy,30.1,5.6,Low,Sapota,0.775,1
473.7,28.0,Alluvial,30.1,9.5,High,Mango,0.6761,1
676.4,29.1,Alluvial,89.8,8.7,Low,Guava,0.8547,1
866.3,19.4,Loamy,78.0,9.4,High,Lemon,0.723,0
939.1,15.6,Sandy,69.0,11.3,Low,Amla,0.801,1
881.7,44.2,Black,5.1,8.0,High,Amla,0.8053,0
865.1,29.4,Loamy,30.9,7.9,High,Amla,0.9199,1
1871.2,29.8,Loamy,65.6,7.1,Low,Papaya,0.7701,1
1226.9,39.6,Sandy,63.6,8.8,Medium,Coconut,0.7647,1
2181.9,27.5,Black,72.4,9.1,Medium,Mango,0.7221,1
746.5,25.7,Alluvial,48.4,8.1,Medium,Pomegranate,0.7902,1
1761.1,34.7,Loamy,52.0,8.6,High,Papaya,0.7262,0
2418.1,25.0,Loamy,67.2,6.5,Medium,Amla,0.7132,0
1586.6,14.4,Sandy,62.5,6.9,Low,Amla,0.7054,1
1162.6,35.7,Red,21.4,5.7,High,Papaya,0.7335,1
4101.4,45.2,Black,60.0,5.4,Medium,Papaya,0.3665,0
4045.3,27.4,Sandy,26.5,11.5,High,Mango,0.516,0
2810.5,29.9,Sandy,55.4,8.8,Low,Lemon,0.5871,1
